-- phpMyAdmin SQL Dump
-- version 3.5.5
-- http://www.phpmyadmin.net
--
-- Client: localhost
-- Généré le: Mar 21 Mai 2013 à 10:31
-- Version du serveur: 5.1.68-cll
-- Version de PHP: 5.3.17

SET SQL_MODE="NO_AUTO_VALUE_ON_ZERO";
SET time_zone = "+00:00";


/*!40101 SET @OLD_CHARACTER_SET_CLIENT=@@CHARACTER_SET_CLIENT */;
/*!40101 SET @OLD_CHARACTER_SET_RESULTS=@@CHARACTER_SET_RESULTS */;
/*!40101 SET @OLD_COLLATION_CONNECTION=@@COLLATION_CONNECTION */;
/*!40101 SET NAMES utf8 */;

--
-- Base de données: `baduc_business`
--

-- --------------------------------------------------------

--
-- Structure de la table `h3d_app`
--

CREATE TABLE IF NOT EXISTS `h3d_app` (
  `id` int(11) NOT NULL AUTO_INCREMENT,
  `name` varchar(50) COLLATE utf8_unicode_ci NOT NULL,
  `phone` varchar(15) COLLATE utf8_unicode_ci NOT NULL,
  `address` varchar(125) COLLATE utf8_unicode_ci NOT NULL,
  `email` varchar(50) CHARACTER SET utf8 NOT NULL,
  `banner` varchar(125) CHARACTER SET utf8 NOT NULL,
  `prefix` varchar(50) CHARACTER SET utf8 NOT NULL,
  `alias` varchar(256) CHARACTER SET utf8 NOT NULL,
  `date_created` timestamp NOT NULL DEFAULT CURRENT_TIMESTAMP,
  `date_modified` timestamp NOT NULL DEFAULT '0000-00-00 00:00:00',
  `date_activity` timestamp NOT NULL DEFAULT '0000-00-00 00:00:00',
  `type` tinyint(4) NOT NULL,
  `page_view` bigint(20) NOT NULL,
  PRIMARY KEY (`id`)
) ENGINE=InnoDB  DEFAULT CHARSET=utf8 COLLATE=utf8_unicode_ci AUTO_INCREMENT=2 ;

--
-- Contenu de la table `h3d_app`
--

INSERT INTO `h3d_app` (`id`, `name`, `phone`, `address`, `email`, `banner`, `prefix`, `alias`, `date_created`, `date_modified`, `date_activity`, `type`, `page_view`) VALUES
(1, 'Karaoke Ba Đức', '0945 03 07 09', 'Phó Cơ Điều P3 - TPVL', '', 'data/images/banner/logo.png', 'h3d_', 'h3d_', '2012-06-30 10:00:00', '0000-00-00 00:00:00', '2012-12-26 00:28:02', 0, 0);

-- --------------------------------------------------------

--
-- Structure de la table `h3d_category`
--

CREATE TABLE IF NOT EXISTS `h3d_category` (
  `id` int(25) NOT NULL AUTO_INCREMENT,
  `name` varchar(200) COLLATE utf8_unicode_ci DEFAULT NULL,
  `picture` binary(255) DEFAULT NULL,
  PRIMARY KEY (`id`)
) ENGINE=InnoDB  DEFAULT CHARSET=utf8 COLLATE=utf8_unicode_ci AUTO_INCREMENT=14 ;

--
-- Contenu de la table `h3d_category`
--

INSERT INTO `h3d_category` (`id`, `name`, `picture`) VALUES
(3, 'BEER', NULL),
(8, 'NƯỚC GIẢI KHÁT', NULL),
(11, 'THUỐC HÚT', NULL),
(12, 'THỨC ĂN', NULL),
(13, 'KHÁC', NULL);

-- --------------------------------------------------------

--
-- Structure de la table `h3d_collect_customer`
--

CREATE TABLE IF NOT EXISTS `h3d_collect_customer` (
  `id` int(11) NOT NULL AUTO_INCREMENT,
  `idcustomer` int(11) NOT NULL,
  `date` date NOT NULL,
  `value` int(11) NOT NULL,
  `note` varchar(50) COLLATE utf8_unicode_ci DEFAULT NULL,
  PRIMARY KEY (`id`),
  KEY `h3d_customer_collect_1` (`idcustomer`)
) ENGINE=InnoDB  DEFAULT CHARSET=utf8 COLLATE=utf8_unicode_ci AUTO_INCREMENT=3 ;

--
-- Contenu de la table `h3d_collect_customer`
--

INSERT INTO `h3d_collect_customer` (`id`, `idcustomer`, `date`, `value`, `note`) VALUES
(2, 1, '2013-05-18', 112, 'abc');

-- --------------------------------------------------------

--
-- Structure de la table `h3d_collect_general`
--

CREATE TABLE IF NOT EXISTS `h3d_collect_general` (
  `id` int(11) NOT NULL AUTO_INCREMENT,
  `id_term` int(11) NOT NULL,
  `date` date NOT NULL,
  `value` int(11) NOT NULL,
  `note` varchar(50) COLLATE utf8_unicode_ci DEFAULT NULL,
  PRIMARY KEY (`id`),
  KEY `h3d_collect_1` (`id_term`)
) ENGINE=InnoDB  DEFAULT CHARSET=utf8 COLLATE=utf8_unicode_ci AUTO_INCREMENT=6 ;

--
-- Contenu de la table `h3d_collect_general`
--

INSERT INTO `h3d_collect_general` (`id`, `id_term`, `date`, `value`, `note`) VALUES
(5, 1, '2013-05-18', 101, 'a1');

-- --------------------------------------------------------

--
-- Structure de la table `h3d_config`
--

CREATE TABLE IF NOT EXISTS `h3d_config` (
  `id` int(11) NOT NULL AUTO_INCREMENT,
  `param` varchar(125) COLLATE utf8_unicode_ci NOT NULL,
  `value` varchar(256) COLLATE utf8_unicode_ci NOT NULL,
  PRIMARY KEY (`id`)
) ENGINE=InnoDB  DEFAULT CHARSET=utf8 COLLATE=utf8_unicode_ci AUTO_INCREMENT=17 ;

--
-- Contenu de la table `h3d_config`
--

INSERT INTO `h3d_config` (`id`, `param`, `value`) VALUES
(1, 'DON_LANH_NGAY', '200000'),
(2, 'DON_LANH_GIO', '60000'),
(3, 'DON_QUAT_NGAY', '160000'),
(4, 'DON_QUAT_GIO', '40000'),
(5, 'DOI_LANH_NGAY', '250000'),
(6, 'DON_LANH_NGAY_LO', '20000'),
(7, 'DON_LANH_GIO_LO', '20000'),
(8, 'DON_QUAT_NGAY_LO', '20000'),
(9, 'DON_QUAT_GIO_LO', '20000'),
(10, 'DOI_LANH_NGAY_LO', '30000'),
(11, 'DON_QUAT_DEM', '120000'),
(12, 'DON_QUAT_DEM_LO', '20000'),
(13, 'DON_LANH_DEM', '160000'),
(14, 'DON_LANH_DEM_LO', '20000'),
(15, 'DOI_LANH_DEM', '210000'),
(16, 'DOI_LANH_DEM_LO', '30000');

-- --------------------------------------------------------

--
-- Structure de la table `h3d_course`
--

CREATE TABLE IF NOT EXISTS `h3d_course` (
  `id` int(11) NOT NULL AUTO_INCREMENT,
  `idcategory` int(25) DEFAULT NULL,
  `name` varchar(200) COLLATE utf8_unicode_ci NOT NULL,
  `shortname` varchar(200) COLLATE utf8_unicode_ci DEFAULT NULL,
  `unit` varchar(200) COLLATE utf8_unicode_ci DEFAULT NULL,
  `price1` bigint(20) NOT NULL,
  `price2` bigint(20) NOT NULL,
  `price3` bigint(20) NOT NULL,
  `price4` bigint(20) NOT NULL,
  `picture` varchar(50) COLLATE utf8_unicode_ci DEFAULT NULL,
  PRIMARY KEY (`id`),
  KEY `foreign_field` (`idcategory`)
) ENGINE=InnoDB  DEFAULT CHARSET=utf8 COLLATE=utf8_unicode_ci AUTO_INCREMENT=141 ;

--
-- Contenu de la table `h3d_course`
--

INSERT INTO `h3d_course` (`id`, `idcategory`, `name`, `shortname`, `unit`, `price1`, `price2`, `price3`, `price4`, `picture`) VALUES
(15, 11, 'Thuốc Hút', 'Thuốc Hút', 'Gói', 25000, 0, 0, 0, NULL),
(53, 8, 'Trà Xanh', 'Trà Xanh', 'Chai', 12000, 0, 0, 0, NULL),
(54, 8, 'C2', 'C2', 'Chai', 12000, 0, 0, 0, NULL),
(55, 8, 'Dr Thanh', 'Dr Thanh', 'Chai', 12000, 0, 0, 0, NULL),
(56, 8, 'Nước Yến', 'Nước Yến', 'Lon', 15000, 0, 0, 0, NULL),
(108, 3, 'HENIKEN', 'HENIKEN', 'Lon', 25000, 0, 0, 0, ''),
(113, 3, 'SÀI GÒN XK', 'SÀI GÒN XK', 'Lon', 18000, 0, 0, 0, ''),
(114, 3, 'BIA 333', 'BIA 333', 'Lon', 18000, 0, 0, 0, ''),
(115, 11, 'Thuốc 555', 'Thuốc 555', 'Gói', 30000, 0, 0, 0, ''),
(116, 11, 'Thuốc Craven', 'Thuốc Craven', 'Gói', 25000, 0, 0, 0, ''),
(122, 12, 'Chewing Gum', 'Chewing Gum', 'Cây', 6000, 0, 0, 0, ''),
(126, 8, 'Lavie', 'Lavie', 'Chai', 10000, 0, 0, 0, ''),
(127, 8, 'Pepsi', 'Pepsi', 'Lon', 12000, 0, 0, 0, ''),
(128, 8, '7 Up', '7 Up', 'Lon', 12000, 0, 0, 0, ''),
(129, 8, 'Nước Cam', 'Nước Cam', 'Lon', 12000, 0, 0, 0, ''),
(131, 12, 'Khăn Lạnh', 'Khăn Lạnh', 'Cái', 2000, 0, 0, 0, ''),
(136, 8, 'Red_Bull', 'Red_Bull', 'Lon', 15000, 0, 0, 0, ''),
(139, 12, 'Mì Tôm', 'Mì Tôm', 'Tô', 10000, 0, 0, 0, ''),
(140, 12, 'Mì Tôm Trứng', 'Mì Tôm Trứng', 'Tô', 15000, 0, 0, 0, '');

-- --------------------------------------------------------

--
-- Structure de la table `h3d_customer`
--

CREATE TABLE IF NOT EXISTS `h3d_customer` (
  `id` int(9) NOT NULL AUTO_INCREMENT,
  `name` varchar(100) COLLATE utf8_unicode_ci NOT NULL,
  `type` int(11) NOT NULL,
  `card` varchar(15) COLLATE utf8_unicode_ci NOT NULL,
  `phone` varchar(15) COLLATE utf8_unicode_ci NOT NULL,
  `address` varchar(200) COLLATE utf8_unicode_ci NOT NULL,
  `note` varchar(100) COLLATE utf8_unicode_ci NOT NULL,
  `discount` int(11) NOT NULL,
  PRIMARY KEY (`id`)
) ENGINE=InnoDB  DEFAULT CHARSET=utf8 COLLATE=utf8_unicode_ci AUTO_INCREMENT=14 ;

--
-- Contenu de la table `h3d_customer`
--

INSERT INTO `h3d_customer` (`id`, `name`, `type`, `card`, `phone`, `address`, `note`, `discount`) VALUES
(1, 'Khách Hàng', 0, '', '', 'Vãng lai', 'Vãng lai', 0),
(6, 'Lê Nguyễn Đông Khoa', 1, '', '', 'Vĩnh Long', '', 0),
(10, 'Lê Hồng Đức', 1, '', '0918585203', 'Cty TNHH MTV Ba Đức Vĩnh Long', 'Giám Đốc', 0),
(11, 'Lê Sâm Tuôl', 1, '331372896', '', '', '', 0),
(12, 'Phạm Hữu Vĩnh Phước', 1, '331531512', '', '', '', 0),
(13, 'Mai Văn Hai', 1, '', '', '', '', 0);

-- --------------------------------------------------------

--
-- Structure de la table `h3d_domain`
--

CREATE TABLE IF NOT EXISTS `h3d_domain` (
  `id` int(11) NOT NULL AUTO_INCREMENT,
  `name` varchar(200) COLLATE utf8_unicode_ci NOT NULL,
  PRIMARY KEY (`id`)
) ENGINE=InnoDB  DEFAULT CHARSET=utf8 COLLATE=utf8_unicode_ci AUTO_INCREMENT=5 ;

--
-- Contenu de la table `h3d_domain`
--

INSERT INTO `h3d_domain` (`id`, `name`) VALUES
(1, 'TRỆT KHU_A'),
(2, 'TRỆT KHU_B'),
(3, 'LẦU 1 KHU_A'),
(4, 'LẦU 1 KHU_B');

-- --------------------------------------------------------

--
-- Structure de la table `h3d_employee`
--

CREATE TABLE IF NOT EXISTS `h3d_employee` (
  `id` int(11) NOT NULL AUTO_INCREMENT,
  `name` varchar(25) COLLATE utf8_unicode_ci NOT NULL,
  `gender` tinyint(2) NOT NULL,
  `phone` varchar(13) COLLATE utf8_unicode_ci NOT NULL,
  `address` varchar(50) COLLATE utf8_unicode_ci NOT NULL,
  PRIMARY KEY (`id`)
) ENGINE=InnoDB  DEFAULT CHARSET=utf8 COLLATE=utf8_unicode_ci AUTO_INCREMENT=4 ;

--
-- Contenu de la table `h3d_employee`
--

INSERT INTO `h3d_employee` (`id`, `name`, `gender`, `phone`, `address`) VALUES
(1, 'Nguyễn Hồng Châu', 1, '0919570207', 'Hiếu Phụng, Vũng Liêm, Vĩnh Long'),
(3, 'Phan Lê Hữu Phúc', 0, '0986468896', 'Mỹ Long, Cao Lãnh, Đồng Tháp');

-- --------------------------------------------------------

--
-- Structure de la table `h3d_loan_employee`
--

CREATE TABLE IF NOT EXISTS `h3d_loan_employee` (
  `id` int(11) NOT NULL AUTO_INCREMENT,
  `idemployee` int(11) NOT NULL,
  `date` date NOT NULL,
  `value` int(11) NOT NULL,
  `note` varchar(50) COLLATE utf8_unicode_ci DEFAULT NULL,
  PRIMARY KEY (`id`),
  KEY `h3d_employee_loan_1` (`idemployee`)
) ENGINE=InnoDB DEFAULT CHARSET=utf8 COLLATE=utf8_unicode_ci AUTO_INCREMENT=1 ;

-- --------------------------------------------------------

--
-- Structure de la table `h3d_order_import`
--

CREATE TABLE IF NOT EXISTS `h3d_order_import` (
  `id` int(11) NOT NULL AUTO_INCREMENT,
  `idsupplier` int(11) NOT NULL,
  `date` date NOT NULL,
  `description` varchar(50) CHARACTER SET utf8 NOT NULL,
  PRIMARY KEY (`id`),
  KEY `h3d_order_import_1` (`idsupplier`)
) ENGINE=InnoDB  DEFAULT CHARSET=utf8 COLLATE=utf8_unicode_ci AUTO_INCREMENT=18 ;

--
-- Contenu de la table `h3d_order_import`
--

INSERT INTO `h3d_order_import` (`id`, `idsupplier`, `date`, `description`) VALUES
(1, 1, '2012-04-07', 'ở dưới bét xem nó có hiển thị ra không ?'),
(2, 1, '2012-04-01', 'có thử'),
(3, 1, '2012-08-05', 'chúng ta thử xem'),
(4, 1, '2012-08-08', 'Hạnh ơi hạnh à'),
(5, 1, '2012-07-23', 'thử heng'),
(7, 1, '2012-08-01', 'thằng này thế mà được'),
(8, 1, '2012-09-11', 'thử nghiệm nhé được không em ?'),
(10, 1, '2012-08-24', ''),
(11, 1, '2012-08-23', ''),
(12, 1, '2012-08-22', ''),
(13, 1, '2012-08-19', 'thử nè'),
(16, 6, '2013-03-10', ''),
(17, 9, '0000-00-00', '');

-- --------------------------------------------------------

--
-- Structure de la table `h3d_order_import_detail`
--

CREATE TABLE IF NOT EXISTS `h3d_order_import_detail` (
  `id` int(11) NOT NULL AUTO_INCREMENT,
  `idorder` int(11) NOT NULL,
  `idresource` int(11) NOT NULL,
  `count` int(11) NOT NULL,
  `price` int(11) NOT NULL,
  PRIMARY KEY (`id`),
  KEY `h3d_order_import_detail_1` (`idorder`),
  KEY `h3d_order_import_detail_2` (`idresource`)
) ENGINE=InnoDB  DEFAULT CHARSET=utf8 COLLATE=utf8_unicode_ci AUTO_INCREMENT=32 ;

--
-- Contenu de la table `h3d_order_import_detail`
--

INSERT INTO `h3d_order_import_detail` (`id`, `idorder`, `idresource`, `count`, `price`) VALUES
(1, 1, 1, 20, 1000),
(3, 1, 2, 10, 8000),
(4, 4, 1, 8, 10000),
(6, 4, 2, 19, 8000),
(7, 4, 3, 2, 12000),
(8, 5, 2, 3, 12000),
(9, 5, 1, 12, 10000),
(10, 5, 3, 6, 12000),
(11, 1, 3, 11, 12000),
(12, 2, 1, 11, 10000),
(13, 2, 2, 11, 8000),
(14, 3, 1, 3, 10000),
(15, 3, 2, 20, 8000),
(16, 3, 3, 4, 12000),
(18, 7, 1, 11, 10000),
(19, 7, 2, 11, 8000),
(20, 7, 3, 1, 12000),
(22, 2, 3, 21, 12000),
(28, 13, 1, 1, 3000),
(29, 7, 14, 2, 2000),
(30, 13, 2, 1, 8000),
(31, 13, 3, 1, 12000);

-- --------------------------------------------------------

--
-- Structure de la table `h3d_paid_employee`
--

CREATE TABLE IF NOT EXISTS `h3d_paid_employee` (
  `id` int(11) NOT NULL AUTO_INCREMENT,
  `idemployee` int(11) NOT NULL,
  `date` date NOT NULL,
  `value` int(11) NOT NULL,
  `note` varchar(50) COLLATE utf8_unicode_ci DEFAULT NULL,
  PRIMARY KEY (`id`),
  KEY `h3d_employee_paid_1` (`idemployee`)
) ENGINE=InnoDB  DEFAULT CHARSET=utf8 COLLATE=utf8_unicode_ci AUTO_INCREMENT=3 ;

--
-- Contenu de la table `h3d_paid_employee`
--

INSERT INTO `h3d_paid_employee` (`id`, `idemployee`, `date`, `value`, `note`) VALUES
(1, 1, '2012-09-20', 1500000, 'lương tháng 9'),
(2, 1, '2012-08-19', 200000, 'Ứng lương tháng 8');

-- --------------------------------------------------------

--
-- Structure de la table `h3d_paid_general`
--

CREATE TABLE IF NOT EXISTS `h3d_paid_general` (
  `id` int(11) NOT NULL AUTO_INCREMENT,
  `id_term` int(11) NOT NULL,
  `date` date NOT NULL,
  `value` int(11) NOT NULL,
  `note` varchar(50) COLLATE utf8_unicode_ci DEFAULT NULL,
  PRIMARY KEY (`id`),
  KEY `k3d_paid_1` (`id_term`)
) ENGINE=InnoDB  DEFAULT CHARSET=utf8 COLLATE=utf8_unicode_ci AUTO_INCREMENT=4 ;

--
-- Contenu de la table `h3d_paid_general`
--

INSERT INTO `h3d_paid_general` (`id`, `id_term`, `date`, `value`, `note`) VALUES
(1, 1, '2013-04-10', 3500000, 'Thử 2'),
(2, 1, '2013-04-08', 300000, 'Đóng tiền nước'),
(3, 1, '2013-04-01', 2300000, 'Thử 2');

-- --------------------------------------------------------

--
-- Structure de la table `h3d_paid_other`
--

CREATE TABLE IF NOT EXISTS `h3d_paid_other` (
  `id` int(11) NOT NULL AUTO_INCREMENT,
  `id_term` int(11) NOT NULL,
  `date` date NOT NULL,
  `value` int(11) NOT NULL,
  `note` varchar(50) COLLATE utf8_unicode_ci DEFAULT NULL,
  PRIMARY KEY (`id`),
  KEY `h3d_paid_1` (`id_term`)
) ENGINE=InnoDB DEFAULT CHARSET=utf8 COLLATE=utf8_unicode_ci AUTO_INCREMENT=1 ;

-- --------------------------------------------------------

--
-- Structure de la table `h3d_paid_supplier`
--

CREATE TABLE IF NOT EXISTS `h3d_paid_supplier` (
  `id` int(11) NOT NULL AUTO_INCREMENT,
  `idsupplier` int(11) NOT NULL,
  `date` date NOT NULL,
  `value` int(11) NOT NULL,
  `note` varchar(50) COLLATE utf8_unicode_ci DEFAULT NULL,
  PRIMARY KEY (`id`),
  KEY `h3d_supplier_paid_1` (`idsupplier`)
) ENGINE=InnoDB  DEFAULT CHARSET=utf8 COLLATE=utf8_unicode_ci AUTO_INCREMENT=18 ;

--
-- Contenu de la table `h3d_paid_supplier`
--

INSERT INTO `h3d_paid_supplier` (`id`, `idsupplier`, `date`, `value`, `note`) VALUES
(1, 1, '2012-08-01', 2300000, 'được không ?'),
(2, 1, '2012-07-03', 350000, 'Ghi chú gì đây'),
(3, 1, '2012-07-26', 750000, 'Ghi ghi gì gì đó'),
(8, 6, '2012-09-19', 1000000, 'Thử nè được không đó !'),
(9, 1, '2012-09-19', 1000000, 'lung tung quá đi'),
(11, 1, '2012-01-01', 123, 'sdfdsfggf'),
(12, 1, '2012-09-24', 1230000, 'đâu biết'),
(13, 1, '2012-09-24', 1213232, ''),
(14, 1, '2012-09-24', 34243243, ''),
(15, 1, '2012-09-24', 21323, ''),
(16, 1, '2012-09-24', 123323, ''),
(17, 1, '2012-09-24', 21323, '');

-- --------------------------------------------------------

--
-- Structure de la table `h3d_r2c`
--

CREATE TABLE IF NOT EXISTS `h3d_r2c` (
  `id` int(11) NOT NULL AUTO_INCREMENT,
  `id_course` int(11) NOT NULL,
  `id_resource` int(11) NOT NULL,
  `value1` int(11) NOT NULL,
  `value2` int(11) NOT NULL,
  PRIMARY KEY (`id`),
  KEY `r3d_r2c_1` (`id_course`),
  KEY `r3d_r2c_2` (`id_resource`)
) ENGINE=InnoDB DEFAULT CHARSET=latin1 AUTO_INCREMENT=1 ;

-- --------------------------------------------------------

--
-- Structure de la table `h3d_resource`
--

CREATE TABLE IF NOT EXISTS `h3d_resource` (
  `id` int(9) NOT NULL AUTO_INCREMENT,
  `idsupplier` int(11) NOT NULL,
  `name` varchar(100) COLLATE utf8_unicode_ci NOT NULL,
  `unit` varchar(15) COLLATE utf8_unicode_ci NOT NULL,
  `price` int(10) NOT NULL,
  `description` varchar(100) COLLATE utf8_unicode_ci NOT NULL,
  PRIMARY KEY (`id`),
  KEY `h3d_resource_1` (`idsupplier`)
) ENGINE=InnoDB  DEFAULT CHARSET=utf8 COLLATE=utf8_unicode_ci AUTO_INCREMENT=44 ;

--
-- Contenu de la table `h3d_resource`
--

INSERT INTO `h3d_resource` (`id`, `idsupplier`, `name`, `unit`, `price`, `description`) VALUES
(1, 1, 'Nước đá ống', 'Chai', 3000, 'Nước đá dùng để uống trà, cafe'),
(2, 1, 'Nước đá ướp', 'kg', 8000, 'Dùng để ướp trái cây'),
(3, 1, 'Nước đá viên', 'kg', 12000, 'Dùng uống tẩy'),
(14, 1, 'Nước đá tủ lạnh', 'kg', 2000, 'Nước đá lấy từ tủ lạnh nhà'),
(17, 6, 'BÁNH', 'Bịch', 0, ''),
(19, 8, 'Heniken', 'Chai', 0, ''),
(20, 8, 'Heniken', 'Lon', 0, ''),
(21, 8, 'Sài gòn đỏ', 'Chai', 0, ''),
(22, 8, 'Sài gòn XK', 'Chai', 0, ''),
(23, 8, 'Sài Gòn XK', 'Lon', 0, ''),
(24, 8, 'Bia 333', 'Lon', 0, ''),
(25, 8, 'Tiger Bạc', 'Chai', 0, ''),
(26, 8, 'Tiger Đỏ', 'Chai', 0, ''),
(27, 6, 'XÚC XÍCH', 'Bịch', 0, ''),
(28, 6, 'SING GUM', 'Bịch', 0, ''),
(29, 6, 'CHẢ GIÒ', 'Bịch', 0, ''),
(30, 6, 'KHÔ BÒ', 'Bịch', 0, ''),
(31, 6, 'MÍT SẤY', 'Bịch', 0, ''),
(32, 6, 'ĐẬU PHỘNG ', 'Bịch', 0, ''),
(34, 9, 'TRÁI CÂY', 'Dĩa', 0, ''),
(35, 9, 'ĐẬU PHỘNG SẤY KHÔ', 'Bịch', 0, ''),
(36, 9, 'ĐẬU PHỘNG CHIÊN GIÒN', 'Bịch', 0, ''),
(39, 9, 'THUỐC MÈO', 'Gói', 0, ''),
(40, 9, 'THUỐC 555', 'Gói', 0, ''),
(41, 9, 'THUỐC JET', 'Gói', 0, ''),
(42, 9, 'THUỐC HERO', 'Gói', 0, ''),
(43, 9, 'QUẸT GAS', 'Cái', 0, '');

-- --------------------------------------------------------

--
-- Structure de la table `h3d_session`
--

CREATE TABLE IF NOT EXISTS `h3d_session` (
  `id` int(11) NOT NULL AUTO_INCREMENT,
  `idtable` int(11) NOT NULL,
  `iduser` int(11) NOT NULL,
  `idcustomer` int(11) NOT NULL,
  `datetime` timestamp NOT NULL DEFAULT CURRENT_TIMESTAMP,
  `datetimeend` datetime DEFAULT NULL,
  `note` varchar(50) COLLATE utf8_unicode_ci NOT NULL,
  `status` int(11) NOT NULL,
  `discount_value` int(11) NOT NULL,
  `discount_percent` int(11) NOT NULL,
  `surtax` int(11) NOT NULL,
  `payment` int(11) NOT NULL,
  `value` int(11) NOT NULL,
  PRIMARY KEY (`id`),
  KEY `idtable` (`idtable`),
  KEY `iduser` (`iduser`),
  KEY `h3d_session_3` (`idcustomer`)
) ENGINE=InnoDB  DEFAULT CHARSET=utf8 COLLATE=utf8_unicode_ci AUTO_INCREMENT=1151 ;

--
-- Contenu de la table `h3d_session`
--

INSERT INTO `h3d_session` (`id`, `idtable`, `iduser`, `idcustomer`, `datetime`, `datetimeend`, `note`, `status`, `discount_value`, `discount_percent`, `surtax`, `payment`, `value`) VALUES
(10, 4, 3, 1, '2013-04-01 14:30:00', '2013-04-01 22:00:00', 'phòng quạt', 1, 20000, 0, 0, 0, 40000),
(11, 3, 3, 1, '2013-04-01 15:15:00', '2013-04-01 23:00:00', '', 1, 0, 0, 0, 0, 60000),
(18, 42, 3, 1, '2013-04-01 16:45:00', '2013-04-02 11:00:00', 'phòng quạt', 1, 40000, 0, 0, 0, 128000),
(19, 17, 3, 1, '2013-04-02 02:45:00', '2013-04-02 10:30:00', 'phòng quạt', 1, 20000, 0, 0, 0, 40000),
(20, 27, 3, 1, '2013-04-02 05:05:00', '2013-04-02 13:10:00', '', 1, 0, 0, 0, 0, 60000),
(24, 3, 2, 1, '2013-04-02 06:25:00', '2013-04-02 14:20:00', '', 1, 0, 0, 0, 0, 60000),
(26, 36, 2, 1, '2013-04-02 06:35:00', '2013-04-02 14:20:00', '', 1, 0, 0, 0, 0, 60000),
(27, 4, 2, 1, '2013-04-02 08:25:00', '2013-04-02 16:00:00', 'Tính theo giá phòng quạt', 1, 20000, 0, 0, 0, 59000),
(28, 42, 3, 1, '2013-04-02 10:25:00', '2013-04-03 11:00:00', '', 1, 0, 0, 0, 0, 200000),
(29, 4, 3, 1, '2013-04-02 11:20:00', '2013-04-02 19:00:00', 'tính theo giá phòng quạt', 1, 20000, 0, 0, 0, 40000),
(30, 37, 3, 1, '2013-04-02 13:50:00', '2013-04-03 11:00:00', '', 1, 0, 0, 0, 0, 200000),
(31, 3, 3, 1, '2013-04-02 14:35:00', '2013-04-02 22:30:00', 'tính theo giá phòng quạt', 1, 20000, 0, 0, 0, 40000),
(32, 17, 3, 1, '2013-04-02 15:35:00', '2013-04-02 23:40:00', '', 1, 0, 0, 0, 0, 60000),
(33, 43, 3, 1, '2013-04-02 17:30:00', '2013-04-03 07:30:00', '2 tô mì trứng 30k. phụ thu 40k tính theo giá ban đ', 1, 0, 0, 70000, 0, 276000),
(34, 45, 3, 1, '2013-04-02 17:30:00', '2013-04-03 07:00:00', '1 tô mì trứng 15k. phụ thu 40k tính theo giá phòng', 1, 0, 0, 55000, 0, 245000),
(35, 46, 3, 1, '2013-04-02 17:30:00', '2013-04-03 07:00:00', 'phụ thu 40k, tính theo giá phòng ban đầu', 1, 0, 0, 40000, 0, 200000),
(36, 17, 3, 1, '2013-04-02 23:55:00', '2013-04-03 07:35:00', 'tính theo giá phòng quạt', 1, 20000, 0, 0, 0, 40000),
(37, 36, 3, 1, '2013-04-03 06:10:00', '2013-04-03 14:37:00', '', 1, 0, 0, 0, 0, 60000),
(38, 3, 3, 1, '2013-04-03 17:00:00', '2013-04-04 01:00:00', 'tính theo giá phòng quạt', 1, 20000, 0, 0, 0, 40000),
(39, 4, 3, 1, '2013-04-03 17:00:00', '2013-04-04 01:00:00', 'tính theo giá phòng quạt', 1, 20000, 0, 0, 0, 40000),
(40, 37, 3, 1, '2013-04-04 02:40:00', '2013-04-04 13:25:00', 'tính theo giá đợt đầu', 1, 0, 0, 60000, 0, 208000),
(41, 4, 3, 1, '2013-04-04 05:00:00', '2013-04-04 12:20:00', '', 1, 0, 0, 0, 0, 60000),
(42, 27, 3, 1, '2013-04-04 08:05:00', '2013-04-04 16:00:00', '', 1, 0, 0, 0, 0, 80000),
(43, 37, 3, 1, '2013-04-04 09:55:00', '2013-04-04 20:00:00', '', 1, 0, 0, 0, 0, 120000),
(44, 43, 3, 1, '2013-04-04 09:30:00', '2013-04-04 18:25:00', '', 1, 0, 0, 0, 0, 90000),
(45, 32, 3, 1, '2013-04-04 10:25:00', '2013-04-05 10:00:00', '', 1, 0, 0, 0, 0, 265000),
(46, 36, 3, 1, '2013-04-04 11:05:00', '2013-04-04 19:00:00', '', 1, 0, 0, 0, 0, 60000),
(48, 4, 3, 1, '2013-04-04 15:10:00', '2013-04-05 00:45:00', '', 1, 0, 0, 0, 0, 120000),
(50, 36, 3, 1, '2013-04-04 19:45:00', '2013-04-05 11:45:00', '', 1, 0, 0, 0, 0, 180000),
(54, 16, 3, 1, '2013-04-04 21:00:00', '2013-04-05 05:00:00', 'tính theo giá phòng quạt', 1, 20000, 0, 0, 0, 40000),
(55, 4, 3, 1, '2013-04-05 04:50:00', '2013-04-05 12:50:00', 'tính theo giá phòng quạt', 1, 20000, 0, 0, 0, 40000),
(56, 16, 3, 1, '2013-04-05 07:55:00', '2013-04-05 16:05:00', '', 1, 0, 0, 0, 0, 68000),
(57, 3, 3, 1, '2013-04-05 12:40:00', '2013-04-05 20:00:00', 'tính theo giá phòng quạt', 1, 20000, 0, 0, 0, 40000),
(58, 4, 3, 1, '2013-04-05 12:40:00', '2013-04-05 20:00:00', 'tính theo giá phòng quạt', 1, 20000, 0, 0, 0, 40000),
(59, 17, 3, 1, '2013-04-05 12:40:00', '2013-04-05 20:00:00', 'tính theo giá phòng quạt', 1, 20000, 0, 0, 0, 40000),
(65, 41, 3, 1, '2013-04-05 18:45:00', '2013-04-06 06:30:00', '', 1, 0, 0, 0, 0, 160000),
(66, 42, 3, 1, '2013-04-05 18:45:00', '2013-04-06 04:45:00', '', 1, 0, 0, 0, 0, 128000),
(67, 3, 3, 1, '2013-04-05 19:30:00', '2013-04-06 03:00:00', 'tính theo giá phòng quạt', 1, 20000, 0, 0, 0, 40000),
(68, 4, 3, 1, '2013-04-05 19:30:00', '2013-04-06 03:00:00', 'tính theo giá phòng quạt', 1, 20000, 0, 0, 0, 40000),
(69, 17, 3, 1, '2013-04-05 19:30:00', '2013-04-06 03:00:00', 'tính theo giá phòng quạt', 1, 20000, 0, 0, 0, 40000),
(70, 37, 3, 1, '2013-04-05 09:00:00', '2013-04-06 17:00:00', '', 1, 0, 0, 0, 0, 362000),
(71, 27, 3, 1, '2013-04-06 01:05:00', '2013-04-06 11:35:00', '', 1, 0, 0, 0, 0, 140000),
(72, 4, 3, 1, '2013-04-06 06:05:00', '2013-04-06 14:00:00', 'tính theo giá phòng quạt', 1, 20000, 0, 0, 0, 40000),
(73, 4, 3, 1, '2013-04-06 08:30:00', '2013-04-06 16:00:00', '', 1, 0, 0, 0, 0, 60000),
(74, 3, 3, 1, '2013-04-06 10:00:00', '2013-04-06 18:00:00', 'tính theo giá phòng quạt', 1, 20000, 0, 0, 0, 40000),
(75, 17, 3, 1, '2013-04-06 15:40:00', '2013-04-07 11:00:00', '', 1, 0, 0, 0, 0, 190000),
(77, 45, 3, 1, '2013-04-06 18:00:00', '2013-04-07 11:00:00', '1 dĩa trái cây', 1, 0, 0, 50000, 0, 242000),
(78, 27, 3, 1, '2013-04-06 18:00:00', '2013-04-07 06:00:00', '', 1, 0, 0, 0, 0, 160000),
(79, 42, 3, 1, '2013-04-06 18:00:00', '2013-04-07 06:00:00', '', 1, 0, 0, 0, 0, 168000),
(82, 44, 3, 1, '2013-04-04 16:30:00', '2013-04-05 16:05:00', '', 1, 10000, 0, 0, 0, 310000),
(83, 41, 3, 1, '2013-04-04 19:45:00', '2013-04-05 14:35:00', 'Nguyễn Hồng Châu thu tiền', 1, 10000, 0, 0, 0, 205000),
(84, 37, 3, 1, '2013-04-04 20:20:00', '2013-04-05 06:45:00', 'Nguyễn Hồng Châu thu tiền', 1, 0, 0, 20000, 0, 140000),
(85, 3, 3, 1, '2013-04-04 21:00:00', '2013-04-05 05:00:00', 'phòng quạt', 1, 20000, 0, 0, 0, 40000),
(87, 36, 3, 1, '2013-04-05 17:40:00', '2013-04-06 11:05:00', '', 1, 0, 0, 0, 0, 172000),
(89, 26, 3, 1, '2013-04-06 18:00:00', '2013-04-07 09:00:00', '', 1, 0, 0, 0, 0, 243000),
(90, 30, 3, 1, '2013-04-05 14:00:00', '2013-04-06 05:00:00', 'tính theo giá đợt đầu', 1, 40000, 0, 0, 0, 120000),
(93, 16, 3, 1, '2013-04-06 18:35:00', '2013-04-07 06:00:00', '', 1, 0, 0, 0, 0, 189000),
(94, 3, 3, 1, '2013-04-06 18:30:00', '2013-04-07 12:00:00', 'phòng quạt', 1, 40000, 0, 0, 0, 155000),
(95, 4, 3, 1, '2013-04-06 18:30:00', '2013-04-07 03:45:00', 'phòng quạt', 1, 30000, 0, 0, 0, 60000),
(97, 28, 3, 1, '2013-04-06 19:40:00', '2013-04-07 03:00:00', 'phòng quạt', 1, 20000, 0, 0, 0, 40000),
(100, 43, 3, 1, '2013-04-06 22:30:00', '2013-04-07 07:50:00', '', 1, 0, 0, 0, 0, 98000),
(102, 3, 3, 1, '2013-04-07 05:30:00', '2013-04-07 13:40:00', 'phòng quạt', 1, 20000, 0, 0, 0, 40000),
(103, 4, 3, 1, '2013-04-07 05:30:00', '2013-04-07 13:40:00', 'phòng quạt', 1, 20000, 0, 0, 0, 40000),
(104, 3, 3, 1, '2013-04-07 08:40:00', '2013-04-07 16:00:00', 'phòng quạt', 1, 20000, 0, 0, 0, 59000),
(105, 27, 3, 1, '2013-04-07 10:40:00', '2013-04-07 18:40:00', '', 1, 0, 0, 0, 0, 60000),
(106, 17, 3, 1, '2013-04-07 11:20:00', '2013-04-08 12:00:00', '', 1, 0, 0, 0, 0, 257000),
(107, 3, 3, 1, '2013-04-07 14:25:00', '2013-04-07 22:00:00', 'phòng quạt', 1, 20000, 0, 0, 0, 40000),
(108, 3, 3, 1, '2013-04-07 15:45:00', '2013-04-07 23:00:00', 'phòng quạt', 1, 20000, 0, 0, 0, 40000),
(109, 4, 3, 1, '2013-04-07 15:45:00', '2013-04-07 23:00:00', 'phòng quạt', 1, 20000, 0, 0, 0, 40000),
(111, 3, 3, 1, '2013-04-07 16:20:00', '2013-04-08 00:00:00', 'phòng quạt', 1, 20000, 0, 0, 0, 40000),
(112, 4, 3, 1, '2013-04-07 16:20:00', '2013-04-08 00:00:00', 'phòng quạt', 1, 20000, 0, 0, 0, 40000),
(113, 28, 3, 1, '2013-04-07 16:20:00', '2013-04-08 00:00:00', 'phòng quạt', 1, 20000, 0, 0, 0, 40000),
(115, 16, 3, 1, '2013-04-07 16:50:00', '2013-04-08 00:00:00', 'phòng quạt', 1, 20000, 0, 0, 0, 40000),
(116, 4, 3, 1, '2013-04-07 16:50:00', '2013-04-08 00:00:00', 'phòng quạt', 1, 20000, 0, 0, 0, 40000),
(117, 17, 3, 1, '2013-04-07 16:50:00', '2013-04-08 00:00:00', 'phòng quạt ', 1, 20000, 0, 0, 0, 40000),
(118, 28, 3, 1, '2013-04-07 16:50:00', '2013-04-08 00:00:00', 'phòng quạt', 1, 20000, 0, 0, 0, 40000),
(120, 3, 3, 1, '2013-04-07 16:50:00', '2013-04-08 00:00:00', 'phòng quạt', 1, 20000, 0, 0, 0, 40000),
(121, 41, 3, 1, '2013-04-07 17:20:00', '2013-04-08 06:00:00', 'phòng quạt ', 1, 40000, 0, 0, 0, 143000),
(122, 36, 3, 1, '2013-04-07 17:30:00', '2013-04-08 08:00:00', 'phòng quạt', 1, 40000, 0, 0, 0, 120000),
(124, 26, 3, 1, '2013-04-04 14:00:00', '2013-04-05 05:00:00', 'tính theo giá đợt đầu', 1, 40000, 0, 0, 0, 210000),
(126, 3, 3, 1, '2013-04-08 09:00:00', '2013-04-08 16:30:00', 'phòng quạt ', 1, 20000, 0, 0, 0, 40000),
(127, 3, 3, 1, '2013-04-08 12:55:00', '2013-04-08 20:15:00', 'phòng quạt', 1, 20000, 0, 0, 0, 40000),
(128, 4, 3, 1, '2013-04-08 12:55:00', '2013-04-08 20:15:00', 'phòng quạt', 1, 20000, 0, 0, 0, 40000),
(129, 4, 3, 1, '2013-04-08 16:15:00', '2013-04-09 00:00:00', '', 1, 0, 0, 0, 0, 84000),
(130, 3, 3, 1, '2013-04-08 18:55:00', '2013-04-09 02:30:00', 'phòng quạt', 1, 20000, 0, 0, 0, 40000),
(131, 4, 3, 1, '2013-04-08 18:55:00', '2013-04-09 02:30:00', 'phòng quạt', 1, 20000, 0, 0, 0, 40000),
(132, 4, 3, 1, '2013-04-09 05:15:00', '2013-04-09 13:00:00', 'phòng quạt', 1, 20000, 0, 0, 0, 40000),
(133, 42, 3, 1, '2013-04-09 06:00:00', '2013-04-09 19:20:00', '', 1, 0, 0, 0, 0, 180000),
(135, 37, 3, 1, '2013-04-09 10:35:00', '2013-04-10 06:00:00', '', 1, 0, 0, 0, 0, 200000),
(136, 26, 3, 1, '2013-04-09 12:30:00', '2013-04-10 07:00:00', 'Nguyễn Hồng Châu thu tiền', 1, 40000, 0, 0, 0, 210000),
(137, 3, 3, 1, '2013-04-09 13:30:00', '2013-04-09 21:01:00', 'phòng quạt', 1, 20000, 0, 0, 0, 40000),
(138, 16, 3, 1, '2013-04-09 13:30:00', '2013-04-09 21:00:00', 'phòng quạt', 1, 20000, 0, 0, 0, 40000),
(139, 4, 3, 1, '2013-04-09 13:30:00', '2013-04-09 21:00:00', 'phòng quạt', 1, 20000, 0, 0, 0, 40000),
(140, 17, 3, 1, '2013-04-09 13:30:00', '2013-04-09 21:00:00', 'phòng quạt', 1, 20000, 0, 0, 0, 40000),
(141, 32, 3, 1, '2013-04-09 15:15:00', '2013-04-09 23:00:00', 'Phan Lê Hữu Phúc thu tiền', 1, 150000, 0, 0, 0, 68000),
(143, 41, 3, 1, '2013-04-09 17:20:00', '2013-04-10 19:00:00', 'Phan lê Hữu Phúc thu tiền', 1, 0, 0, 60000, 0, 486000),
(144, 4, 3, 1, '2013-04-09 17:30:00', '2013-04-10 01:00:00', 'phòng quạt', 1, 20000, 0, 0, 0, 40000),
(145, 3, 3, 1, '2013-04-09 17:30:00', '2013-04-10 01:00:00', 'phòng quạt', 1, 20000, 0, 0, 0, 40000),
(146, 16, 3, 1, '2013-04-09 17:30:00', '2013-04-10 01:00:00', 'phòng quạt', 1, 20000, 0, 0, 0, 40000),
(147, 42, 3, 1, '2013-04-09 18:15:00', '2013-04-10 06:00:00', 'tính tiền hột quẹt', 1, 0, 0, 4000, 0, 164000),
(148, 45, 3, 1, '2013-04-09 20:15:00', '2013-04-10 11:00:00', '', 1, 0, 0, 0, 0, 187000),
(149, 40, 3, 1, '2013-04-09 20:15:00', '2013-04-10 16:00:00', '', 1, 0, 0, 0, 0, 265000),
(150, 30, 3, 1, '2013-04-09 20:50:00', '2013-04-10 19:00:00', 'phan lê hữu phúc thu tiền', 1, 0, 0, 16000, 0, 272000),
(151, 27, 3, 1, '2013-04-09 21:00:00', '2013-04-10 16:00:00', 'phòng quạt', 1, 40000, 0, 0, 0, 224000),
(152, 4, 3, 1, '2013-04-10 05:55:00', '2013-04-10 13:30:00', 'phòng quạt', 1, 20000, 0, 0, 0, 40000),
(154, 42, 3, 1, '2013-04-10 10:15:00', '2013-04-11 11:00:00', '', 1, 0, 0, 0, 0, 200000),
(155, 3, 3, 1, '2013-04-10 11:15:00', '2013-04-10 19:00:00', 'phòng quạt', 1, 20000, 0, 0, 0, 40000),
(156, 16, 3, 1, '2013-04-10 11:15:00', '2013-04-10 19:15:00', 'phòng quạt', 1, 20000, 0, 0, 0, 40000),
(157, 17, 3, 1, '2013-04-10 13:50:00', '2013-04-10 21:00:00', 'phòng quạt', 1, 20000, 0, 0, 0, 40000),
(158, 3, 3, 1, '2013-04-10 15:20:00', '2013-04-10 23:00:00', 'phòng quạt', 1, 20000, 0, 0, 0, 40000),
(161, 37, 3, 1, '2013-04-11 10:45:00', '2013-04-11 18:30:00', '', 1, 0, 0, 0, 0, 60000),
(162, 41, 3, 1, '2013-04-06 17:30:00', '2013-04-07 06:00:00', '', 1, 0, 0, 0, 0, 168000),
(164, 36, 3, 1, '2013-04-09 17:30:00', '2013-04-10 06:00:00', '', 1, 0, 0, 0, 0, 160000),
(165, 43, 3, 1, '2013-04-09 17:30:00', '2013-04-10 06:30:00', 'cộng thêm tiền phòng số 7 (1h phòng quạt)', 1, 0, 0, 40000, 0, 267000),
(166, 38, 3, 1, '2013-04-09 16:00:00', '2013-04-10 04:30:00', 'tiền mua hủ tiếu 15000đ.  ( Bạn anh khoa chưa than', 1, 202000, 0, 15000, 0, 0),
(172, 30, 3, 1, '2013-04-06 18:45:00', '2013-04-07 02:10:00', '', 1, 0, 0, 0, 0, 56000),
(173, 31, 3, 1, '2013-04-06 18:45:00', '2013-04-07 02:10:00', '', 1, 0, 0, 0, 0, 40000),
(174, 30, 3, 1, '2013-04-06 19:40:00', '2013-04-07 03:00:00', 'phòng quạt', 1, 0, 0, 0, 0, 40000),
(175, 31, 3, 1, '2013-04-06 19:40:00', '2013-04-07 03:00:00', 'phòng quạt', 1, 0, 0, 0, 0, 40000),
(176, 30, 3, 1, '2013-04-07 15:45:00', '2013-04-07 23:00:00', 'phòng quạt', 1, 0, 0, 0, 0, 40000),
(179, 42, 3, 1, '2013-04-11 13:00:00', '2013-04-12 11:00:00', '', 1, 0, 0, 0, 0, 200000),
(180, 26, 3, 1, '2013-04-11 13:30:00', '2013-04-12 07:20:00', '', 1, 0, 0, 0, 0, 250000),
(181, 29, 3, 1, '2013-04-11 15:10:00', '2013-04-11 23:00:00', 'phòng quạt', 1, 0, 0, 0, 0, 40000),
(183, 4, 3, 1, '2013-04-12 04:45:00', '2013-04-12 12:15:00', 'phòng quạt', 1, 0, 0, 0, 0, 60000),
(186, 42, 3, 1, '2013-04-12 10:35:00', '2013-04-13 11:40:00', '', 1, 0, 0, 0, 0, 232000),
(187, 38, 3, 1, '2013-04-12 09:05:00', '2013-04-13 22:00:00', '', 1, 0, 0, 0, 0, 447000),
(188, 41, 3, 1, '2013-04-12 10:50:00', '2013-04-12 18:30:00', '', 1, 0, 0, 0, 0, 60000),
(189, 26, 3, 1, '2013-04-12 10:55:00', '2013-04-13 08:00:00', 'tiền giặt đồ', 1, 0, 0, 90000, 0, 340000),
(190, 32, 3, 1, '2013-04-12 15:50:00', '2013-04-13 05:00:00', '1bịch khô bò 30k, 1 dĩa trái cây 50k', 1, 2000, 0, 80000, 0, 500000),
(191, 17, 3, 1, '2013-04-12 14:00:00', '2013-04-12 22:00:00', '', 1, 0, 0, 0, 0, 60000),
(192, 29, 3, 1, '2013-04-12 14:40:00', '2013-04-12 22:15:00', 'phòng quạt', 1, 0, 0, 0, 0, 40000),
(193, 17, 3, 1, '2013-04-12 16:00:00', '2013-04-13 00:00:00', '', 1, 0, 0, 0, 0, 60000),
(195, 36, 3, 1, '2013-04-13 06:25:00', '2013-04-13 15:10:00', '', 1, 0, 0, 0, 0, 90000),
(197, 26, 3, 1, '2013-04-13 16:00:00', '2013-04-14 08:00:00', '', 1, 0, 0, 0, 0, 309000),
(207, 29, 3, 1, '2013-04-14 07:40:00', '2013-04-14 15:20:00', 'phòng quạt', 1, 0, 0, 0, 0, 40000),
(209, 27, 3, 1, '2013-04-14 08:00:00', '2013-04-14 16:45:00', '', 1, 0, 0, 0, 0, 90000),
(210, 3, 3, 1, '2013-04-14 09:55:00', '2013-04-14 17:30:00', '', 1, 0, 0, 0, 0, 60000),
(212, 4, 3, 1, '2013-04-14 14:00:00', '2013-04-14 21:40:00', '', 1, 0, 0, 0, 0, 97000),
(213, 43, 3, 1, '2013-04-14 14:35:00', '2013-04-15 08:00:00', '', 1, 0, 0, 0, 0, 208000),
(214, 27, 3, 1, '2013-04-14 15:30:00', '2013-04-15 07:00:00', '', 1, 0, 0, 0, 0, 180000),
(215, 41, 3, 1, '2013-04-14 16:30:00', '2013-04-15 07:30:00', '', 1, 0, 0, 0, 0, 184000),
(217, 17, 3, 1, '2013-04-15 01:45:00', '2013-04-15 11:55:00', '', 1, 0, 0, 0, 0, 120000),
(218, 29, 3, 1, '2013-04-15 04:05:00', '2013-04-15 12:00:00', 'phòng quạt', 1, 0, 0, 0, 0, 40000),
(219, 36, 3, 1, '2013-04-15 06:35:00', '2013-04-15 14:50:00', '', 1, 0, 0, 0, 0, 70000),
(221, 27, 3, 1, '2013-04-15 12:35:00', '2013-04-15 21:10:00', '', 1, 0, 0, 0, 0, 90000),
(230, 37, 3, 1, '2013-04-16 05:00:00', '2013-04-16 14:00:00', '', 1, 0, 0, 0, 0, 90000),
(233, 16, 3, 1, '2013-04-16 14:15:00', '2013-04-16 22:00:00', '', 1, 0, 0, 0, 0, 72000),
(236, 42, 3, 1, '2013-04-16 17:45:00', '2013-04-17 09:00:00', 'phòng quạt', 1, 40000, 0, 0, 0, 120000),
(242, 41, 3, 1, '2013-04-17 14:15:00', '2013-04-18 09:00:00', 'tính giá qua đêm', 1, 40000, 0, 0, 0, 185000),
(248, 42, 3, 1, '2013-04-18 08:00:00', '2013-04-18 16:00:00', '', 1, 0, 0, 0, 0, 60000),
(249, 36, 3, 1, '2013-04-18 09:25:00', '2013-04-18 17:00:00', '', 1, 0, 0, 0, 0, 84000),
(256, 29, 3, 1, '2013-04-18 12:40:00', '2013-04-18 20:30:00', 'phòng quạt', 1, 0, 0, 0, 0, 40000),
(257, 41, 3, 1, '2013-04-18 14:05:00', '2013-04-19 05:30:00', 'tính theo giá qua đêm', 1, 40000, 0, 0, 0, 168000),
(260, 37, 3, 1, '2013-04-18 16:30:00', '2013-04-19 07:00:00', '', 1, 0, 0, 0, 0, 160000),
(261, 43, 3, 1, '2013-04-18 16:30:00', '2013-04-19 07:00:00', '', 1, 0, 0, 0, 0, 160000),
(262, 26, 3, 1, '2013-04-18 16:30:00', '2013-04-19 07:00:00', '', 1, 0, 0, 0, 0, 210000),
(272, 27, 3, 1, '2013-04-18 19:00:00', '2013-04-19 04:00:00', '', 1, 0, 0, 0, 0, 129000),
(278, 36, 3, 1, '2013-04-18 20:00:00', '2013-04-19 07:45:00', '', 1, 0, 0, 0, 0, 184000),
(279, 45, 3, 1, '2013-04-18 20:00:00', '2013-04-19 07:45:00', '', 1, 0, 0, 0, 0, 168000),
(280, 40, 3, 1, '2013-04-18 20:00:00', '2013-04-19 07:45:00', '', 1, 0, 0, 0, 0, 168000),
(283, 37, 3, 1, '2013-04-19 09:25:00', '2013-04-20 06:00:00', '', 1, 0, 0, 0, 0, 212000),
(306, 16, 3, 1, '2013-04-18 17:10:00', '2013-04-19 00:40:00', 'phòng quạt ', 1, 20000, 0, 0, 0, 40000),
(307, 17, 3, 1, '2013-04-18 17:10:00', '2013-04-19 00:40:00', 'phòng quạt', 1, 20000, 0, 0, 0, 40000),
(308, 28, 3, 1, '2013-04-18 17:10:00', '2013-04-19 00:40:00', 'phòng quạt', 1, 20000, 0, 0, 0, 40000),
(309, 3, 3, 1, '2013-04-18 18:00:00', '2013-04-19 01:30:00', 'phòng quạt ', 1, 20000, 0, 0, 0, 40000),
(310, 4, 3, 1, '2013-04-18 18:00:00', '2013-04-19 01:30:00', 'phòng quạt', 1, 20000, 0, 0, 0, 40000),
(311, 30, 3, 1, '2013-04-18 18:00:00', '2013-04-19 01:30:00', '', 1, 0, 0, 0, 0, 40000),
(312, 16, 3, 1, '2013-04-18 18:00:00', '2013-04-19 01:30:00', 'phòng quạt', 1, 20000, 0, 0, 0, 40000),
(313, 17, 3, 1, '2013-04-18 18:00:00', '2013-04-19 01:30:00', 'phòng quạt', 1, 20000, 0, 0, 0, 40000),
(315, 31, 3, 1, '2013-04-18 19:00:00', '2013-04-19 04:00:00', '', 1, 0, 0, 0, 0, 60000),
(316, 30, 3, 1, '2013-04-18 19:00:00', '2013-04-19 06:00:00', '', 1, 0, 0, 0, 0, 100000),
(317, 29, 3, 1, '2013-04-18 19:00:00', '2013-04-19 10:00:00', '', 1, 0, 0, 0, 0, 120000),
(318, 3, 3, 1, '2013-04-18 19:30:00', '2013-04-19 03:00:00', 'phòng quạt', 1, 20000, 0, 0, 0, 40000),
(319, 4, 3, 1, '2013-04-18 19:30:00', '2013-04-19 03:00:00', 'phòng quạt', 1, 20000, 0, 0, 0, 40000),
(320, 17, 3, 1, '2013-04-18 19:00:00', '2013-04-19 03:00:00', 'phòng quạt', 1, 20000, 0, 0, 0, 40000),
(321, 4, 3, 1, '2013-04-19 03:00:00', '2013-04-19 10:20:00', 'phòng quạt', 1, 20000, 0, 0, 0, 40000),
(322, 3, 3, 1, '2013-04-19 03:50:00', '2013-04-19 11:30:00', 'phòng quạt', 1, 20000, 0, 0, 0, 65000),
(323, 3, 3, 1, '2013-04-19 09:00:00', '2013-04-19 16:25:00', 'phòng quạt', 1, 20000, 0, 0, 0, 40000),
(324, 28, 3, 1, '2013-04-19 10:50:00', '2013-04-19 18:30:00', 'phòng quạt', 1, 20000, 0, 0, 0, 40000),
(325, 3, 3, 1, '2013-04-19 12:00:00', '2013-04-19 19:20:00', 'phòng quạt', 1, 20000, 0, 0, 0, 40000),
(326, 17, 3, 1, '2013-04-19 12:25:00', '2013-04-19 20:00:00', 'phòng quạt', 1, 20000, 0, 0, 0, 40000),
(327, 3, 3, 1, '2013-04-19 12:45:00', '2013-04-19 20:00:00', 'phòng quạt', 1, 20000, 0, 0, 0, 40000),
(328, 16, 3, 1, '2013-04-19 13:30:00', '2013-04-19 22:15:00', '', 1, 0, 0, 0, 0, 106000),
(329, 4, 3, 1, '2013-04-19 13:30:00', '2013-04-19 21:00:00', 'phòng quạt', 1, 20000, 0, 0, 0, 40000),
(330, 17, 3, 1, '2013-04-19 13:35:00', '2013-04-19 21:00:00', 'phòng quạt', 1, 20000, 0, 0, 0, 40000),
(332, 16, 3, 1, '2013-04-19 14:00:00', '2013-04-19 21:30:00', 'phòng quạt', 1, 20000, 0, 0, 0, 40000),
(333, 4, 3, 1, '2013-04-19 14:00:00', '2013-04-19 21:30:00', 'phòng quạt', 1, 20000, 0, 0, 0, 40000),
(334, 28, 3, 1, '2013-04-19 14:00:00', '2013-04-19 21:30:00', 'phòng quạt', 1, 20000, 0, 0, 0, 40000),
(335, 30, 3, 1, '2013-04-19 14:00:00', '2013-04-19 21:30:00', '', 1, 0, 0, 0, 0, 65000),
(336, 3, 3, 1, '2013-04-19 15:00:00', '2013-04-19 22:30:00', 'phòng quạt', 1, 20000, 0, 0, 0, 40000),
(337, 4, 3, 1, '2013-04-19 15:10:00', '2013-04-19 22:30:00', 'phòng quạt', 1, 20000, 0, 0, 0, 40000),
(338, 17, 3, 1, '2013-04-19 15:35:00', '2013-04-19 23:00:00', 'phòng quạt', 1, 20000, 0, 0, 0, 40000),
(339, 3, 3, 1, '2013-04-19 16:30:00', '2013-04-19 23:50:00', 'phòng quạt', 1, 20000, 0, 0, 0, 40000),
(340, 4, 3, 1, '2013-04-19 16:30:00', '2013-04-19 23:50:00', 'phòng quạt', 1, 20000, 0, 0, 0, 40000),
(341, 17, 3, 1, '2013-04-19 16:30:00', '2013-04-19 23:50:00', 'phòng quạt', 1, 20000, 0, 0, 0, 40000),
(342, 16, 3, 1, '2013-04-19 17:00:00', '2013-04-20 00:30:00', 'phòng quạt', 1, 20000, 0, 0, 0, 40000),
(343, 3, 3, 1, '2013-04-19 17:00:00', '2013-04-20 00:30:00', 'phòng quạt', 1, 20000, 0, 0, 0, 40000),
(344, 17, 3, 1, '2013-04-19 17:30:00', '2013-04-20 00:55:00', 'phòng quạt', 1, 20000, 0, 0, 0, 40000),
(345, 3, 3, 1, '2013-04-19 17:45:00', '2013-04-20 01:00:00', 'phòng quạt', 1, 20000, 0, 0, 0, 40000),
(346, 4, 3, 1, '2013-04-19 17:45:00', '2013-04-20 01:00:00', 'phòng quạt', 1, 20000, 0, 0, 0, 40000),
(347, 28, 3, 1, '2013-04-19 17:45:00', '2013-04-20 01:00:00', 'phòng quạt', 1, 20000, 0, 0, 0, 40000),
(348, 27, 3, 1, '2013-04-19 18:10:00', '2013-04-20 06:00:00', 'phòng quạt', 1, 40000, 0, 0, 0, 120000),
(349, 16, 3, 1, '2013-04-19 17:45:00', '2013-04-20 07:00:00', 'phòng quạt', 1, 40000, 0, 0, 0, 120000),
(350, 41, 3, 1, '2013-04-19 18:30:00', '2013-04-20 09:00:00', '', 1, 0, 0, 0, 0, 168000),
(351, 42, 3, 1, '2013-04-19 19:35:00', '2013-04-20 04:30:00', '', 1, 0, 0, 0, 0, 108000),
(352, 3, 3, 1, '2013-04-18 14:30:00', '2013-04-18 22:00:00', 'phòng quạt', 1, 20000, 0, 0, 0, 65000),
(353, 16, 3, 1, '2013-04-18 14:30:00', '2013-04-18 22:00:00', 'phòng quạt', 1, 20000, 0, 0, 0, 40000),
(354, 4, 3, 1, '2013-04-18 12:40:00', '2013-04-18 20:30:00', 'phòng quạt', 1, 20000, 0, 0, 0, 40000),
(355, 17, 3, 1, '2013-04-18 12:40:00', '2013-04-18 20:30:00', 'phòng quạt', 1, 20000, 0, 0, 0, 40000),
(356, 16, 3, 1, '2013-04-18 12:40:00', '2013-04-18 20:30:00', 'phòng quạt', 1, 20000, 0, 0, 0, 40000),
(357, 3, 3, 1, '2013-04-18 12:40:00', '2013-04-18 20:30:00', 'phòng quạt', 1, 20000, 0, 0, 0, 40000),
(359, 28, 3, 1, '2013-04-18 12:40:00', '2013-04-18 20:30:00', 'phòng quạt', 1, 20000, 0, 0, 0, 40000),
(360, 3, 3, 1, '2013-04-18 12:00:00', '2013-04-18 19:30:00', 'phòng quạt', 1, 20000, 0, 0, 0, 40000),
(361, 3, 3, 1, '2013-04-18 07:25:00', '2013-04-18 14:40:00', 'phòng quạt', 1, 20000, 0, 0, 0, 40000),
(362, 16, 3, 1, '2013-04-18 07:25:00', '2013-04-18 14:40:00', 'phòng quạt', 1, 20000, 0, 0, 0, 40000),
(363, 3, 3, 1, '2013-04-18 02:25:00', '2013-04-18 09:50:00', 'phòng quạt', 1, 20000, 0, 0, 0, 40000),
(364, 3, 3, 1, '2013-04-17 19:10:00', '2013-04-18 02:30:00', 'phòng quạt', 1, 20000, 0, 0, 0, 40000),
(365, 16, 3, 1, '2013-04-17 18:00:00', '2013-04-18 05:15:00', '', 1, 0, 0, 0, 0, 170000),
(366, 16, 3, 1, '2013-04-17 14:00:00', '2013-04-17 21:30:00', 'phòng quạt', 1, 20000, 0, 0, 0, 40000),
(367, 17, 3, 1, '2013-04-17 13:00:00', '2013-04-17 20:30:00', 'phòng quạt', 1, 20000, 0, 0, 0, 40000),
(368, 4, 3, 1, '2013-04-17 13:00:00', '2013-04-17 20:30:00', 'phòng quạt', 1, 20000, 0, 0, 0, 40000),
(369, 3, 3, 1, '2013-04-17 12:45:00', '2013-04-17 20:00:00', 'phòng quạt', 1, 20000, 0, 0, 0, 40000),
(370, 4, 3, 1, '2013-04-17 02:00:00', '2013-04-17 10:00:00', '', 1, 0, 0, 0, 0, 60000),
(371, 4, 3, 1, '2013-04-16 17:20:00', '2013-04-17 00:45:00', 'phòng quạt', 1, 20000, 0, 0, 0, 52000),
(372, 3, 3, 1, '2013-04-16 10:10:00', '2013-04-16 17:35:00', 'phòng quạt', 1, 20000, 0, 0, 0, 40000),
(373, 3, 3, 1, '2013-04-16 08:50:00', '2013-04-16 16:20:00', 'phòng quạt', 1, 20000, 0, 0, 0, 60000),
(374, 3, 3, 1, '2013-04-16 02:00:00', '2013-04-16 09:20:00', 'phòng quạt', 1, 20000, 0, 0, 0, 40000),
(376, 4, 3, 1, '2013-04-15 15:50:00', '2013-04-15 23:30:00', 'phòng quạt', 1, 20000, 0, 0, 0, 40000),
(377, 4, 3, 1, '2013-04-15 13:00:00', '2013-04-15 20:30:00', 'phòng quạt', 1, 20000, 0, 0, 0, 40000),
(378, 3, 3, 1, '2013-04-15 11:20:00', '2013-04-15 19:00:00', 'phòng quạt', 1, 20000, 0, 0, 0, 40000),
(379, 3, 3, 1, '2013-04-14 20:00:00', '2013-04-15 03:35:00', 'phòng quạt', 1, 20000, 0, 0, 0, 40000),
(380, 17, 3, 1, '2013-04-14 09:55:00', '2013-04-14 17:30:00', 'phòng quạt', 1, 20000, 0, 0, 0, 40000),
(381, 17, 3, 1, '2013-04-14 07:40:00', '2013-04-14 15:15:00', 'phòng quạt', 1, 20000, 0, 0, 0, 40000),
(382, 29, 3, 1, '2013-04-14 04:10:00', '2013-04-14 12:00:00', '', 1, 0, 0, 0, 0, 80000),
(383, 4, 3, 1, '2013-04-14 03:05:00', '2013-04-14 10:40:00', 'phòng quạt', 1, 20000, 0, 0, 0, 40000),
(384, 17, 3, 1, '2013-04-14 03:05:00', '2013-04-14 10:40:00', 'phòng quạt', 1, 20000, 0, 0, 0, 40000),
(385, 3, 3, 1, '2013-04-13 19:20:00', '2013-04-14 03:00:00', 'phòng quạt', 1, 20000, 0, 0, 0, 40000),
(386, 28, 3, 1, '2013-04-13 19:15:00', '2013-04-14 03:00:00', 'phòng quạt', 1, 20000, 0, 0, 0, 40000),
(387, 17, 3, 1, '2013-04-13 19:15:00', '2013-04-14 03:00:00', 'phòng quạt', 1, 20000, 0, 0, 0, 40000),
(388, 3, 3, 1, '2013-04-13 19:00:00', '2013-04-14 02:30:00', 'phòng quạt', 1, 20000, 0, 0, 0, 40000),
(389, 16, 3, 1, '2013-04-13 19:00:00', '2013-04-14 02:30:00', 'phòng quạt', 1, 20000, 0, 0, 0, 40000),
(390, 4, 3, 1, '2013-04-13 19:00:00', '2013-04-14 02:30:00', 'phòng quạt', 1, 20000, 0, 0, 0, 40000),
(392, 4, 3, 1, '2013-04-13 11:10:00', '2013-04-13 18:45:00', '', 1, 0, 0, 0, 0, 60000),
(393, 3, 3, 1, '2013-04-13 03:00:00', '2013-04-13 10:30:00', 'phòng quạt', 1, 20000, 0, 0, 0, 40000),
(394, 3, 3, 1, '2013-04-12 06:45:00', '2013-04-12 14:15:00', 'phòng quạt', 1, 20000, 0, 0, 0, 40000),
(395, 3, 3, 1, '2013-04-12 04:45:00', '2013-04-12 12:15:00', 'phòng quạt', 1, 20000, 0, 0, 0, 40000),
(396, 17, 3, 1, '2013-04-12 04:45:00', '2013-04-12 12:15:00', 'phòng quạt', 1, 20000, 0, 0, 0, 40000),
(397, 3, 3, 1, '2013-04-11 12:45:00', '2013-04-11 20:20:00', 'phòng quạt', 1, 20000, 0, 0, 0, 40000),
(398, 4, 3, 1, '2013-04-11 12:45:00', '2013-04-11 20:20:00', 'phòng quạt', 1, 20000, 0, 0, 0, 40000),
(399, 29, 3, 1, '2013-04-11 08:05:00', '2013-04-11 16:00:00', '', 1, 0, 0, 0, 0, 40000),
(400, 27, 3, 1, '2013-04-10 19:25:00', '2013-04-11 10:00:00', '', 1, 0, 0, 0, 0, 160000),
(401, 29, 3, 1, '2013-04-10 05:55:00', '2013-04-10 13:30:00', '', 1, 0, 0, 0, 0, 40000),
(402, 29, 3, 1, '2013-04-09 06:40:00', '2013-04-09 14:00:00', '', 1, 0, 0, 0, 0, 40000),
(403, 29, 3, 1, '2013-04-07 16:20:00', '2013-04-08 00:00:00', '', 1, 0, 0, 0, 0, 40000),
(404, 29, 3, 1, '2013-04-07 04:00:00', '2013-04-07 11:20:00', '', 1, 0, 0, 0, 0, 40000),
(405, 29, 3, 1, '2013-04-06 19:40:00', '2013-04-07 03:00:00', '', 1, 0, 0, 0, 0, 40000),
(406, 29, 3, 1, '2013-04-06 18:35:00', '2013-04-07 02:30:00', '', 1, 0, 0, 0, 0, 40000),
(407, 29, 3, 1, '2013-04-05 14:35:00', '2013-04-05 21:55:00', '', 1, 0, 0, 0, 0, 40000),
(410, 27, 2, 1, '2013-04-20 07:30:00', '2013-04-20 15:40:00', '', 1, 0, 0, 0, 0, 60000),
(411, 3, 2, 1, '2013-04-20 11:00:00', '2013-04-20 18:30:00', 'Phòng quạt', 1, 20000, 0, 0, 0, 40000),
(412, 3, 2, 1, '2013-04-20 11:50:00', '2013-04-20 19:20:00', 'Phòng quạt', 1, 20000, 0, 0, 0, 40000),
(415, 16, 2, 1, '2013-04-20 12:15:00', '2013-04-20 19:55:00', 'Phòng quạt', 1, 20000, 0, 0, 0, 40000),
(416, 28, 2, 1, '2013-04-20 12:50:00', '2013-04-20 20:30:00', 'Phòng quạt', 1, 20000, 0, 0, 0, 40000),
(418, 3, 2, 1, '2013-04-20 15:15:00', '2013-04-20 23:00:00', 'Phòng quạt', 1, 20000, 0, 0, 0, 40000),
(419, 4, 2, 1, '2013-04-20 15:15:00', '2013-04-20 22:45:00', 'Phòng quạt', 1, 20000, 0, 0, 0, 40000),
(420, 3, 2, 1, '2013-04-20 16:15:00', '2013-04-20 23:50:00', 'Phòng quạt', 1, 20000, 0, 0, 0, 40000),
(421, 4, 2, 1, '2013-04-20 16:15:00', '2013-04-20 23:50:00', 'Phòng quạt', 1, 20000, 0, 0, 0, 40000),
(422, 28, 2, 1, '2013-04-20 16:15:00', '2013-04-20 23:50:00', 'Phòng quạt', 1, 20000, 0, 0, 0, 40000),
(423, 29, 2, 1, '2013-04-20 16:15:00', '2013-04-20 23:50:00', '', 1, 0, 0, 0, 0, 40000),
(424, 16, 2, 1, '2013-04-20 16:15:00', '2013-04-20 23:50:00', 'Phòng quạt', 1, 20000, 0, 0, 0, 40000),
(425, 17, 2, 1, '2013-04-20 16:15:00', '2013-04-20 23:50:00', 'Phòng quạt', 1, 20000, 0, 0, 0, 40000),
(429, 3, 2, 1, '2013-04-20 17:00:00', '2013-04-21 00:30:00', 'Phòng lạnh', 1, 20000, 0, 0, 0, 40000),
(430, 4, 2, 1, '2013-04-20 17:00:00', '2013-04-21 00:30:00', 'Phòng quạt', 1, 20000, 0, 0, 0, 40000),
(431, 43, 2, 1, '2013-04-20 17:30:00', '2013-04-21 07:30:00', '', 1, 0, 0, 0, 0, 180000),
(432, 37, 2, 1, '2013-04-20 17:30:00', '2013-04-21 07:15:00', '', 1, 0, 0, 0, 0, 180000),
(433, 29, 2, 1, '2013-04-20 17:30:00', '2013-04-21 01:00:00', '', 1, 0, 0, 0, 0, 40000),
(434, 30, 2, 1, '2013-04-20 17:30:00', '2013-04-21 01:00:00', '', 1, 0, 0, 0, 0, 40000),
(435, 31, 2, 1, '2013-04-20 17:30:00', '2013-04-21 01:00:00', '', 1, 0, 0, 0, 0, 40000),
(436, 42, 2, 1, '2013-04-20 18:15:00', '2013-04-21 08:00:00', '', 1, 0, 0, 0, 0, 168000),
(437, 38, 2, 1, '2013-04-20 00:20:00', '2013-04-20 12:45:00', '', 1, 0, 0, 0, 0, 187000),
(438, 4, 2, 1, '2013-04-20 11:50:00', '2013-04-20 19:25:00', 'Phòng quạt', 1, 20000, 0, 0, 0, 90000),
(439, 36, 2, 1, '2013-04-20 15:10:00', '2013-04-21 07:05:00', 'Phòng quạt', 1, 40000, 0, 0, 0, 135000),
(440, 27, 2, 1, '2013-04-20 16:30:00', '2013-04-21 00:20:00', '', 1, 0, 0, 0, 0, 100000),
(441, 41, 2, 1, '2013-04-20 16:30:00', '2013-04-21 00:20:00', '', 1, 0, 0, 0, 0, 84000),
(442, 3, 2, 1, '2013-04-20 19:00:00', '2013-04-21 02:30:00', 'Phòng quạt', 1, 20000, 0, 0, 0, 40000),
(443, 16, 2, 1, '2013-04-20 19:00:00', '2013-04-21 02:30:00', 'Phòng quạt', 1, 20000, 0, 0, 0, 40000),
(444, 4, 2, 1, '2013-04-20 19:00:00', '2013-04-21 02:30:00', 'Phòng quạt', 1, 20000, 0, 0, 0, 40000),
(445, 28, 2, 1, '2013-04-20 19:00:00', '2013-04-21 02:30:00', 'Phòng quạt', 1, 20000, 0, 0, 0, 40000),
(446, 30, 2, 1, '2013-04-20 19:30:00', '2013-04-21 03:00:00', '', 1, 0, 0, 0, 0, 40000),
(447, 3, 2, 1, '2013-04-20 19:45:00', '2013-04-21 02:55:00', 'Phòng quạt', 1, 20000, 0, 0, 0, 40000),
(448, 17, 2, 1, '2013-04-20 19:45:00', '2013-04-21 03:05:00', 'Phòng quạt', 1, 20000, 0, 0, 0, 40000),
(449, 45, 2, 1, '2013-04-20 20:00:00', '2013-04-21 07:30:00', 'Thuốc hút', 1, 0, 0, 25000, 0, 229000),
(450, 3, 2, 1, '2013-04-21 04:20:00', '2013-04-21 14:30:00', '', 1, 0, 0, 0, 0, 128000),
(451, 29, 2, 1, '2013-04-21 05:10:00', '2013-04-21 12:30:00', '', 1, 0, 0, 0, 0, 40000),
(452, 38, 2, 1, '2013-04-21 07:00:00', '2013-04-22 07:45:00', '', 1, 0, 0, 0, 0, 208000),
(453, 4, 2, 1, '2013-04-21 08:00:00', '2013-04-21 15:35:00', '', 1, 0, 0, 0, 0, 60000),
(454, 41, 2, 1, '2013-04-21 11:00:00', '2013-04-21 18:55:00', '', 1, 0, 0, 0, 0, 68000),
(455, 4, 2, 1, '2013-04-21 12:00:00', '2013-04-21 19:45:00', '', 1, 0, 0, 0, 0, 60000),
(456, 3, 2, 1, '2013-04-21 13:00:00', '2013-04-21 20:30:00', 'Phòng quạt', 1, 20000, 0, 0, 0, 40000),
(457, 16, 2, 1, '2013-04-21 13:00:00', '2013-04-21 20:30:00', 'Phòng quạt', 1, 20000, 0, 0, 0, 40000),
(458, 17, 2, 1, '2013-04-21 13:00:00', '2013-04-21 20:30:00', 'Phòng quạt', 1, 20000, 0, 0, 0, 40000),
(459, 29, 2, 1, '2013-04-21 13:00:00', '2013-04-21 20:30:00', '', 1, 0, 0, 0, 0, 40000),
(460, 30, 2, 1, '2013-04-21 13:00:00', '2013-04-21 20:30:00', '', 1, 0, 0, 0, 0, 40000),
(461, 31, 2, 1, '2013-04-21 13:00:00', '2013-04-21 20:30:00', '', 1, 0, 0, 0, 0, 40000),
(462, 36, 2, 1, '2013-04-21 13:00:00', '2013-04-22 07:30:00', '', 1, 0, 0, 0, 0, 208000),
(463, 27, 2, 1, '2013-04-21 15:35:00', '2013-04-22 06:55:00', 'Phòng quạt', 1, 40000, 0, 0, 0, 132000),
(464, 3, 2, 1, '2013-04-21 16:00:00', '2013-04-21 23:25:00', 'Phòng quạt', 1, 20000, 0, 0, 0, 40000),
(465, 4, 2, 1, '2013-04-21 16:00:00', '2013-04-21 23:30:00', 'Phòng quạt', 1, 20000, 0, 0, 0, 40000),
(466, 16, 2, 1, '2013-04-21 16:00:00', '2013-04-21 23:25:00', 'Phòng quạt', 1, 20000, 0, 0, 0, 40000),
(467, 29, 2, 1, '2013-04-21 17:30:00', '2013-04-22 07:00:00', '', 1, 0, 0, 0, 0, 120000),
(468, 42, 2, 1, '2013-04-21 19:00:00', '2013-04-22 07:25:00', 'Cà phê sữa & cà phê đá', 1, 0, 0, 15000, 0, 175000),
(469, 26, 2, 1, '2013-04-21 20:00:00', '2013-04-22 08:00:00', 'Hột quẹt', 1, 0, 0, 4000, 0, 269000),
(470, 16, 2, 1, '2013-04-21 20:10:00', '2013-04-22 03:30:00', 'Phòng quạt', 1, 20000, 0, 0, 0, 60000),
(471, 28, 2, 1, '2013-04-21 20:10:00', '2013-04-22 03:30:00', 'Phòng quạt', 1, 20000, 0, 0, 0, 60000),
(472, 4, 2, 1, '2013-04-22 02:20:00', '2013-04-22 09:50:00', 'Phòng quạt', 1, 20000, 0, 0, 0, 40000),
(473, 4, 2, 1, '2013-04-22 04:00:00', '2013-04-22 11:30:00', 'Phòng quạt', 1, 20000, 0, 0, 0, 40000),
(474, 41, 2, 1, '2013-04-22 08:05:00', '2013-04-23 06:35:00', '', 1, 0, 0, 0, 0, 208000),
(475, 42, 2, 1, '2013-04-22 11:00:00', '2013-04-22 19:00:00', '', 1, 0, 0, 0, 0, 60000),
(476, 16, 2, 1, '2013-04-22 12:30:00', '2013-04-22 21:30:00', '', 1, 0, 0, 0, 0, 114000),
(477, 40, 2, 1, '2013-04-22 14:00:00', '2013-04-23 07:00:00', '', 1, 0, 0, 0, 0, 245000),
(478, 16, 2, 1, '2013-04-22 14:00:00', '2013-04-22 21:20:00', 'Phòng quạt', 1, 20000, 0, 0, 0, 40000),
(479, 28, 2, 1, '2013-04-22 14:00:00', '2013-04-22 21:25:00', 'Phòng quạt', 1, 20000, 0, 0, 0, 40000),
(480, 4, 2, 1, '2013-04-22 14:00:00', '2013-04-22 21:30:00', 'Phòng quạt', 1, 20000, 0, 0, 0, 40000),
(481, 3, 2, 1, '2013-04-22 14:00:00', '2013-04-22 21:30:00', 'Phòng quạt', 1, 20000, 0, 0, 0, 40000),
(482, 17, 2, 1, '2013-04-22 14:00:00', '2013-04-22 21:35:00', 'Phòng quạt', 1, 20000, 0, 0, 0, 40000),
(483, 30, 2, 1, '2013-04-22 14:00:00', '2013-04-22 21:40:00', '', 1, 0, 0, 0, 0, 40000),
(484, 31, 2, 1, '2013-04-22 14:00:00', '2013-04-22 21:55:00', '', 1, 0, 0, 0, 0, 40000),
(485, 29, 2, 1, '2013-04-22 14:00:00', '2013-04-22 21:55:00', '', 1, 0, 0, 0, 0, 40000),
(486, 34, 2, 1, '2013-04-22 14:00:00', '2013-04-22 22:00:00', '', 1, 0, 0, 0, 0, 40000),
(487, 35, 2, 1, '2013-04-22 14:00:00', '2013-04-22 22:00:00', '', 1, 0, 0, 0, 0, 40000),
(488, 45, 2, 1, '2013-04-22 15:15:00', '2013-04-23 07:20:00', '', 1, 0, 0, 0, 0, 168000),
(490, 17, 2, 1, '2013-04-22 16:30:00', '2013-04-22 23:55:00', '', 1, 0, 0, 0, 0, 60000),
(491, 27, 2, 1, '2013-04-26 05:10:00', '2013-04-27 15:10:00', '', 1, 0, 0, 0, 0, 300000),
(492, 36, 2, 1, '2013-04-22 19:15:00', '2013-04-23 11:00:00', '', 1, 0, 0, 0, 0, 192000),
(493, 39, 2, 1, '2013-04-22 19:45:00', '2013-04-23 08:10:00', '', 1, 0, 0, 0, 0, 175000),
(494, 4, 2, 1, '2013-04-23 02:10:00', '2013-04-23 11:00:00', '', 1, 0, 0, 0, 0, 98000),
(495, 41, 2, 1, '2013-04-23 11:00:00', '2013-04-23 19:00:00', '', 1, 0, 0, 0, 0, 60000),
(496, 41, 2, 1, '2013-04-24 17:04:00', '2013-04-25 04:00:00', 'Tính theo giá qua đêm phòng quạt', 1, 20000, 0, 0, 0, 120000),
(497, 42, 2, 1, '2013-04-23 11:45:00', '2013-04-23 21:20:00', '', 1, 0, 0, 0, 0, 120000),
(498, 3, 2, 1, '2013-04-23 13:45:00', '2013-04-23 21:00:00', 'Phòng quạt', 1, 20000, 0, 0, 0, 40000),
(499, 4, 2, 1, '2013-04-23 13:45:00', '2013-04-23 21:00:00', 'Phòng quạt', 1, 20000, 0, 0, 0, 40000),
(500, 28, 2, 1, '2013-04-23 13:45:00', '2013-04-23 21:00:00', 'Phòng quạt', 1, 20000, 0, 0, 0, 40000),
(501, 29, 2, 1, '2013-04-23 13:45:00', '2013-04-23 21:00:00', '', 1, 0, 0, 0, 0, 40000),
(502, 4, 2, 1, '2013-04-23 14:00:00', '2013-04-23 21:20:00', 'Phòng quạt', 1, 20000, 0, 0, 0, 40000),
(503, 16, 2, 1, '2013-04-23 13:45:00', '2013-04-23 21:00:00', 'Phòng quạt', 1, 20000, 0, 0, 0, 40000),
(504, 3, 2, 1, '2013-04-23 14:00:00', '2013-04-23 21:20:00', 'Phòng quạt', 1, 20000, 0, 0, 0, 40000),
(505, 17, 2, 1, '2013-04-23 14:00:00', '2013-04-23 21:20:00', 'Phòng quạt', 1, 20000, 0, 0, 0, 40000),
(506, 28, 2, 1, '2013-04-23 14:00:00', '2013-04-23 21:20:00', 'Phòng quạt', 1, 20000, 0, 0, 0, 40000),
(507, 29, 2, 1, '2013-04-23 14:00:00', '2013-04-23 21:20:00', '', 1, 0, 0, 0, 0, 40000),
(508, 30, 2, 1, '2013-04-23 14:00:00', '2013-04-23 21:20:00', '', 1, 0, 0, 0, 0, 40000),
(509, 31, 2, 1, '2013-04-23 14:00:00', '2013-04-23 21:20:00', '', 1, 0, 0, 0, 0, 40000),
(510, 34, 2, 1, '2013-04-23 14:00:00', '2013-04-23 21:20:00', '', 1, 0, 0, 0, 0, 40000),
(511, 37, 2, 1, '2013-04-23 15:55:00', '2013-04-24 06:50:00', '', 1, 0, 0, 0, 0, 160000),
(512, 38, 2, 1, '2013-04-23 16:20:00', '2013-04-24 07:00:00', '', 1, 0, 0, 0, 0, 168000),
(513, 43, 2, 1, '2013-04-23 18:45:00', '2013-04-24 04:00:00', '', 1, 0, 0, 0, 0, 90000),
(514, 4, 2, 1, '2013-04-23 19:45:00', '2013-04-24 06:15:00', 'Tính theo giá qua đêm (phòng quạt)', 1, 20000, 0, 0, 0, 120000),
(515, 37, 2, 1, '2013-04-24 07:40:00', '2013-04-24 16:15:00', '', 1, 0, 0, 0, 0, 99000),
(516, 43, 2, 1, '2013-04-24 15:50:00', '2013-04-25 07:35:00', '', 1, 0, 0, 0, 0, 160000),
(517, 3, 2, 1, '2013-04-24 14:05:00', '2013-04-24 21:30:00', 'Phòng quạt', 1, 20000, 0, 0, 0, 40000),
(518, 16, 2, 1, '2013-04-24 14:05:00', '2013-04-24 21:30:00', 'Phòng quạt', 1, 20000, 0, 0, 0, 40000),
(519, 30, 2, 1, '2013-04-24 14:05:00', '2013-04-24 21:30:00', '', 1, 0, 0, 0, 0, 40000),
(520, 34, 2, 1, '2013-04-24 14:05:00', '2013-04-24 21:30:00', '', 1, 0, 0, 0, 0, 40000),
(521, 31, 2, 1, '2013-04-24 14:05:00', '2013-04-24 21:30:00', '', 1, 0, 0, 0, 0, 40000),
(522, 29, 2, 1, '2013-04-24 14:05:00', '2013-04-24 21:30:00', '', 1, 0, 0, 0, 0, 40000),
(524, 4, 2, 1, '2013-04-24 14:30:00', '2013-04-24 21:55:00', 'Phòng quạt', 1, 20000, 0, 0, 0, 40000),
(525, 28, 2, 1, '2013-04-24 14:30:00', '2013-04-24 21:55:00', 'Phòng quạt', 1, 20000, 0, 0, 0, 40000),
(526, 17, 2, 1, '2013-04-24 14:05:00', '2013-04-24 21:30:00', 'Phòng quạt', 1, 20000, 0, 0, 0, 40000),
(527, 17, 2, 1, '2013-04-24 14:30:00', '2013-04-24 21:55:00', 'Phòng quạt', 1, 20000, 0, 0, 0, 40000),
(528, 29, 2, 1, '2013-04-24 14:30:00', '2013-04-24 21:55:00', '', 1, 0, 0, 0, 0, 40000),
(529, 30, 2, 1, '2013-04-24 14:30:00', '2013-04-24 21:55:00', '', 1, 0, 0, 0, 0, 40000),
(530, 31, 2, 1, '2013-04-24 14:30:00', '2013-04-24 21:55:00', '', 1, 0, 0, 0, 0, 40000),
(531, 31, 2, 1, '2013-04-25 12:40:00', '2013-04-25 20:00:00', '', 1, 0, 0, 0, 0, 40000),
(532, 34, 2, 1, '2013-04-24 17:00:00', '2013-04-25 03:30:00', 'Tính theo giá qua đêm phòng quạt', 1, 0, 0, 20000, 0, 120000),
(533, 26, 2, 1, '2013-04-24 19:10:00', '2013-04-25 06:10:00', '', 1, 0, 0, 0, 0, 255000),
(535, 37, 2, 1, '2013-04-25 05:55:00', '2013-04-25 14:35:00', '', 1, 0, 0, 0, 0, 98000),
(536, 3, 2, 1, '2013-04-25 08:40:00', '2013-04-25 16:20:00', 'Phòng quạt', 1, 20000, 0, 0, 0, 59000),
(537, 26, 2, 1, '2013-04-25 10:30:00', '2013-04-26 07:05:00', 'Giảm giá ( tính theo giá qua đêm)', 1, 40000, 0, 0, 0, 218000),
(538, 16, 2, 1, '2013-04-25 12:20:00', '2013-04-25 19:35:00', 'Phòng quạt', 1, 20000, 0, 0, 0, 40000),
(539, 30, 2, 1, '2013-04-25 12:20:00', '2013-04-25 19:35:00', '', 1, 0, 0, 0, 0, 40000),
(540, 3, 2, 1, '2013-04-25 12:20:00', '2013-04-25 19:35:00', 'Phòng quạt', 1, 20000, 0, 0, 0, 40000),
(541, 4, 2, 1, '2013-04-25 12:20:00', '2013-04-25 19:35:00', 'Phòng quạt', 1, 20000, 0, 0, 0, 40000),
(542, 28, 2, 1, '2013-04-25 12:20:00', '2013-04-25 19:35:00', 'Phòng quạt', 1, 20000, 0, 0, 0, 40000),
(543, 29, 2, 1, '2013-04-25 12:20:00', '2013-04-25 19:35:00', '', 1, 0, 0, 0, 0, 40000),
(544, 16, 2, 1, '2013-04-25 12:40:00', '2013-04-25 20:00:00', 'Phòng quạt', 1, 20000, 0, 0, 0, 40000),
(545, 4, 2, 1, '2013-04-25 12:40:00', '2013-04-25 20:00:00', 'Phòng quạt', 1, 20000, 0, 0, 0, 40000),
(546, 34, 2, 1, '2013-04-25 12:40:00', '2013-04-25 20:00:00', '', 1, 0, 0, 0, 0, 40000),
(547, 28, 2, 1, '2013-04-25 12:40:00', '2013-04-25 20:00:00', 'Phòng quạt', 1, 20000, 0, 0, 0, 40000),
(548, 30, 2, 1, '2013-04-25 12:40:00', '2013-04-25 20:00:00', '', 1, 0, 0, 0, 0, 40000),
(549, 3, 2, 1, '2013-04-25 12:40:00', '2013-04-25 20:00:00', 'Phòng quạt', 1, 20000, 0, 0, 0, 40000),
(550, 3, 2, 1, '2013-04-26 04:35:00', '2013-04-26 11:50:00', 'Phòng quạt', 1, 20000, 0, 0, 0, 40000),
(551, 36, 2, 1, '2013-04-26 05:10:00', '2013-04-27 18:10:00', '', 1, 0, 0, 0, 0, 335000),
(552, 4, 2, 1, '2013-04-26 06:00:00', '2013-04-26 13:20:00', 'Phòng quạt', 1, 20000, 0, 0, 0, 40000),
(553, 29, 2, 1, '2013-04-26 08:55:00', '2013-04-26 16:30:00', '', 1, 0, 0, 0, 0, 39000),
(554, 29, 2, 1, '2013-04-26 14:00:00', '2013-04-26 21:15:00', '', 1, 0, 0, 0, 0, 40000),
(555, 31, 2, 1, '2013-04-26 14:10:00', '2013-04-26 21:35:00', '', 1, 0, 0, 0, 0, 40000),
(556, 34, 2, 1, '2013-04-26 14:10:00', '2013-04-26 21:35:00', '', 1, 0, 0, 0, 0, 40000),
(557, 30, 2, 1, '2013-04-26 14:35:00', '2013-04-26 21:45:00', '', 1, 0, 0, 0, 0, 40000),
(559, 17, 2, 1, '2013-04-26 14:50:00', '2013-04-26 22:15:00', 'Phòng quạt', 1, 20000, 0, 0, 0, 40000),
(561, 16, 2, 1, '2013-04-26 18:25:00', '2013-04-27 01:55:00', 'Phòng quạt', 1, 20000, 0, 0, 0, 60000),
(562, 28, 2, 1, '2013-04-26 18:10:00', '2013-04-27 01:35:00', 'Phòng quạt', 1, 20000, 0, 0, 0, 60000),
(563, 3, 2, 1, '2013-04-26 18:50:00', '2013-04-27 01:55:00', 'Phòng quạt', 1, 20000, 0, 0, 0, 40000),
(564, 39, 2, 1, '2013-04-26 17:00:00', '2013-04-27 10:30:00', '', 1, 0, 0, 0, 0, 180000),
(565, 40, 2, 1, '2013-04-26 17:00:00', '2013-04-27 10:30:00', '', 1, 0, 0, 0, 0, 172000),
(567, 36, 3, 1, '2013-04-16 00:00:00', '2013-04-16 14:00:00', '', 1, 0, 0, 0, 0, 236000),
(568, 29, 3, 1, '2013-04-26 17:45:00', '2013-04-27 06:00:00', '', 1, 0, 0, 0, 0, 120000),
(569, 34, 3, 1, '2013-04-26 17:45:00', '2013-04-27 06:00:00', '', 1, 0, 0, 0, 0, 165000),
(570, 26, 3, 1, '2013-04-26 18:35:00', '2013-04-27 09:30:00', '', 1, 0, 0, 0, 0, 244000),
(571, 4, 3, 1, '2013-04-26 18:25:00', '2013-04-27 09:30:00', 'phòng quạt', 1, 40000, 0, 0, 0, 132000),
(572, 34, 3, 1, '2013-04-27 03:35:00', '2013-04-27 11:00:00', '', 1, 0, 0, 0, 0, 40000),
(573, 3, 3, 1, '2013-04-27 05:20:00', '2013-04-27 12:55:00', 'phòng quạt', 1, 20000, 0, 0, 0, 40000),
(574, 4, 3, 1, '2013-04-27 08:30:00', '2013-04-27 17:00:00', '', 1, 0, 0, 0, 0, 90000),
(575, 28, 3, 1, '2013-04-27 09:20:00', '2013-04-27 17:00:00', 'phòng quạt', 1, 20000, 0, 0, 0, 40000),
(576, 3, 3, 1, '2013-04-27 11:15:00', '2013-04-27 19:40:00', 'phòng quạt', 1, 20000, 0, 0, 0, 40000),
(577, 16, 3, 1, '2013-04-27 12:45:00', '2013-04-27 20:05:00', 'phòng quạt', 1, 20000, 0, 0, 0, 40000),
(578, 17, 3, 1, '2013-04-27 12:45:00', '2013-04-27 20:05:00', 'phòng quạt', 1, 20000, 0, 0, 0, 40000),
(579, 28, 3, 1, '2013-04-27 13:30:00', '2013-04-27 21:00:00', 'phòng quạt', 1, 20000, 0, 0, 0, 40000),
(580, 4, 3, 1, '2013-04-27 13:55:00', '2013-04-27 21:15:00', 'phòng quạt', 1, 20000, 0, 0, 0, 40000),
(582, 3, 3, 1, '2013-04-20 20:55:00', '2013-04-21 04:30:00', 'phòng quạt', 1, 20000, 0, 0, 0, 60000),
(583, 28, 3, 1, '2013-04-20 20:55:00', '2013-04-21 04:30:00', 'phòng quạt', 1, 20000, 0, 0, 0, 60000),
(584, 3, 3, 1, '2013-04-20 20:00:00', '2013-04-21 03:30:00', 'phòng quạt', 1, 20000, 0, 0, 0, 65000),
(585, 4, 3, 1, '2013-04-20 20:00:00', '2013-04-21 03:30:00', 'phòng quạt', 1, 25000, 0, 0, 0, 35000),
(586, 3, 3, 1, '2013-04-27 14:20:00', '2013-04-27 22:00:00', 'phòng quạt', 1, 20000, 0, 0, 0, 40000),
(587, 34, 3, 1, '2013-04-27 14:20:00', '2013-04-27 22:00:00', '', 1, 0, 0, 0, 0, 40000),
(588, 4, 3, 1, '2013-04-27 14:25:00', '2013-04-27 22:00:00', 'phòng quạt', 1, 20000, 0, 0, 0, 40000),
(590, 16, 3, 1, '2013-04-27 15:40:00', '2013-04-27 23:00:00', 'phòng quạt', 1, 20000, 0, 0, 0, 40000),
(591, 17, 3, 1, '2013-04-27 15:40:00', '2013-04-27 23:00:00', 'phòng quạt', 1, 20000, 0, 0, 0, 40000),
(592, 26, 3, 1, '2013-04-27 15:40:00', '2013-04-28 05:45:00', '', 1, 0, 0, 0, 0, 210000),
(593, 35, 3, 1, '2013-04-27 15:40:00', '2013-04-28 08:45:00', '', 1, 0, 0, 0, 0, 120000),
(594, 28, 3, 1, '2013-04-27 16:00:00', '2013-04-27 23:20:00', 'phòng quạt', 1, 20000, 0, 0, 0, 40000),
(595, 42, 3, 1, '2013-04-27 16:15:00', '2013-04-28 09:00:00', '', 1, 0, 0, 0, 0, 160000),
(596, 32, 3, 1, '2013-04-27 16:30:00', '2013-04-28 07:45:00', '1 bịch khô bò 30k, 1 bịch mít sấy 30k, 1 bịch cơm ', 1, 0, 0, 77000, 0, 557000),
(597, 3, 3, 1, '2013-04-27 16:40:00', '2013-04-28 00:00:00', 'phòng quạt', 1, 20000, 0, 0, 0, 40000),
(598, 4, 3, 1, '2013-04-27 16:40:00', '2013-04-28 00:00:00', 'phòng quạt', 1, 20000, 0, 0, 0, 40000),
(599, 16, 3, 1, '2013-04-27 17:00:00', '2013-04-28 00:30:00', 'phòng quạt', 1, 20000, 0, 0, 0, 40000),
(600, 30, 3, 1, '2013-04-27 17:10:00', '2013-04-28 00:40:00', '', 1, 0, 0, 0, 0, 40000),
(601, 31, 3, 1, '2013-04-27 17:10:00', '2013-04-28 00:40:00', '', 1, 0, 0, 0, 0, 40000),
(602, 3, 3, 1, '2013-04-27 17:40:00', '2013-04-28 01:00:00', 'phòng quạt', 1, 20000, 0, 0, 0, 60000),
(603, 4, 3, 1, '2013-04-27 17:40:00', '2013-04-28 01:00:00', 'phòng quạt', 1, 20000, 0, 0, 0, 60000),
(604, 28, 3, 1, '2013-04-27 17:40:00', '2013-04-28 01:00:00', 'phòng quạt', 1, 20000, 0, 0, 0, 60000),
(605, 17, 3, 1, '2013-04-27 17:40:00', '2013-04-28 01:05:00', 'phòng quạt', 1, 20000, 0, 0, 0, 60000),
(606, 29, 3, 1, '2013-04-27 18:35:00', '2013-04-28 02:15:00', '', 1, 0, 0, 0, 0, 40000),
(607, 37, 3, 1, '2013-04-27 17:50:00', '2013-04-28 07:00:00', 'phòng quạt', 1, 40000, 0, 0, 0, 120000),
(608, 37, 3, 1, '2013-04-28 03:00:00', '2013-04-28 11:35:00', '', 1, 0, 0, 0, 0, 90000),
(609, 41, 3, 1, '2013-04-28 03:35:00', '2013-04-28 13:15:00', '', 1, 0, 0, 0, 0, 120000),
(610, 4, 3, 1, '2013-04-28 03:50:00', '2013-04-28 11:25:00', 'phòng quạt', 1, 20000, 0, 0, 0, 40000),
(611, 3, 3, 1, '2013-04-28 05:00:00', '2013-04-28 12:10:00', 'phòng quạt', 1, 20000, 0, 0, 0, 40000),
(612, 41, 3, 1, '2013-04-28 11:00:00', '2013-04-28 19:00:00', '', 1, 0, 0, 0, 0, 85000),
(613, 3, 3, 1, '2013-04-28 11:30:00', '2013-04-28 18:50:00', 'phòng quạt', 1, 20000, 0, 0, 0, 40000),
(614, 16, 3, 1, '2013-04-28 11:40:00', '2013-04-28 19:00:00', '', 1, 0, 0, 0, 0, 60000),
(615, 3, 3, 1, '2013-04-28 12:30:00', '2013-04-28 19:50:00', 'phòng quạt', 1, 20000, 0, 0, 0, 40000),
(616, 30, 3, 1, '2013-04-28 13:05:00', '2013-04-28 20:30:00', '', 1, 0, 0, 0, 0, 40000),
(617, 28, 3, 1, '2013-04-28 13:30:00', '2013-04-28 21:00:00', 'phòng quạt', 1, 20000, 0, 0, 0, 40000),
(618, 29, 3, 1, '2013-04-28 13:40:00', '2013-04-28 21:00:00', '', 1, 0, 0, 0, 0, 40000),
(619, 17, 3, 1, '2013-04-28 14:00:00', '2013-04-28 21:30:00', 'phòng quạt', 1, 20000, 0, 0, 0, 40000),
(620, 27, 3, 1, '2013-04-28 13:30:00', '2013-04-29 06:50:00', '', 1, 0, 0, 0, 0, 200000),
(621, 4, 3, 1, '2013-04-28 14:45:00', '2013-04-28 22:00:00', 'phòng quạt', 1, 20000, 0, 0, 0, 40000),
(622, 28, 3, 1, '2013-04-28 14:45:00', '2013-04-28 22:00:00', 'phòng quạt', 1, 20000, 0, 0, 0, 40000),
(623, 29, 3, 1, '2013-04-28 15:25:00', '2013-04-28 23:00:00', '', 1, 0, 0, 0, 0, 40000),
(624, 4, 3, 1, '2013-04-28 16:30:00', '2013-04-29 00:00:00', 'phòng quạt', 1, 20000, 0, 0, 0, 40000),
(625, 30, 3, 1, '2013-04-28 16:30:00', '2013-04-28 23:40:00', 'phòng quạt', 1, 0, 0, 0, 0, 40000),
(626, 31, 3, 1, '2013-04-28 16:30:00', '2013-04-28 23:40:00', '', 1, 0, 0, 0, 0, 40000),
(627, 28, 3, 1, '2013-04-28 17:00:00', '2013-04-29 00:20:00', 'phòng quạt', 1, 20000, 0, 0, 0, 40000),
(628, 34, 3, 1, '2013-04-28 17:00:00', '2013-04-29 00:20:00', '', 1, 0, 0, 0, 0, 40000),
(629, 31, 3, 1, '2013-04-28 17:30:00', '2013-04-29 01:00:00', '', 1, 0, 0, 0, 0, 40000),
(630, 30, 3, 1, '2013-04-28 17:30:00', '2013-04-29 01:00:00', '', 1, 0, 0, 0, 0, 40000),
(631, 28, 3, 1, '2013-04-28 17:30:00', '2013-04-29 01:00:00', 'phòng quạt', 1, 20000, 0, 0, 0, 40000),
(632, 34, 3, 1, '2013-04-28 17:30:00', '2013-04-29 01:00:00', '', 1, 0, 0, 0, 0, 40000),
(633, 3, 3, 1, '2013-04-28 18:36:00', '2013-04-29 02:00:00', 'phòng quạt', 1, 20000, 0, 0, 0, 79000),
(634, 16, 3, 1, '2013-04-28 18:40:00', '2013-04-29 02:00:00', 'phòng quạt', 1, 20000, 0, 0, 0, 40000),
(635, 17, 3, 1, '2013-04-28 18:40:00', '2013-04-29 02:00:00', 'phòng quạt', 1, 20000, 0, 0, 0, 40000),
(636, 40, 3, 1, '2013-04-28 19:00:00', '2013-04-29 07:00:00', 'Anh Tâm ', 1, 160000, 0, 0, 0, 15000),
(637, 28, 3, 1, '2013-04-28 19:25:00', '2013-04-29 03:00:00', 'phòng quạt', 1, 20000, 0, 0, 0, 40000),
(638, 4, 3, 1, '2013-04-28 19:35:00', '2013-04-29 05:10:00', 'phòng quạt', 1, 40000, 0, 0, 0, 80000),
(639, 34, 3, 1, '2013-04-28 19:50:00', '2013-04-29 03:00:00', '', 1, 0, 0, 0, 0, 40000),
(640, 36, 3, 1, '2013-04-28 20:20:00', '2013-04-29 06:35:00', 'tính giá qua đêm', 1, 0, 0, 40000, 0, 160000),
(641, 37, 3, 1, '2013-04-29 01:10:00', '2013-04-30 07:35:00', 'nguyễn hồng châu thu tiền', 1, 80000, 0, 0, 0, 196000),
(642, 4, 3, 1, '2013-04-29 04:25:00', '2013-04-29 13:30:00', 'cafe 8k', 1, 0, 0, 8000, 0, 113000),
(643, 4, 3, 1, '2013-04-29 10:20:00', '2013-04-29 19:00:00', '', 1, 0, 0, 0, 0, 90000),
(644, 17, 3, 1, '2013-04-29 12:50:00', '2013-04-29 20:25:00', '', 1, 0, 0, 0, 0, 60000),
(645, 3, 3, 1, '2013-04-29 13:40:00', '2013-04-29 21:00:00', 'phòng quạt', 1, 20000, 0, 0, 0, 40000),
(646, 16, 3, 1, '2013-04-29 14:30:00', '2013-04-29 22:00:00', 'phòng quạt', 1, 20000, 0, 0, 0, 40000),
(647, 29, 3, 1, '2013-04-29 16:00:00', '2013-04-30 06:40:00', '', 1, 0, 0, 0, 0, 120000),
(648, 17, 3, 1, '2013-04-29 17:00:00', '2013-04-30 01:00:00', '', 1, 0, 0, 0, 0, 60000),
(649, 30, 3, 1, '2013-04-29 17:25:00', '2013-04-30 00:45:00', '', 1, 0, 0, 0, 0, 40000),
(650, 31, 3, 1, '2013-04-29 17:25:00', '2013-04-30 00:45:00', '', 1, 0, 0, 0, 0, 40000),
(651, 3, 3, 1, '2013-04-29 18:35:00', '2013-04-30 02:00:00', 'phòng quạt', 1, 20000, 0, 0, 0, 40000),
(652, 41, 3, 1, '2013-04-29 20:00:00', '2013-04-30 04:20:00', '', 1, 0, 0, 0, 0, 68000),
(653, 28, 3, 1, '2013-04-29 20:30:00', '2013-04-30 03:45:00', 'phòng quạt', 1, 20000, 0, 0, 0, 40000),
(654, 17, 3, 1, '2013-04-29 20:30:00', '2013-04-30 03:45:00', 'phòng quạt', 1, 20000, 0, 0, 0, 40000),
(655, 4, 3, 1, '2013-04-30 02:35:00', '2013-04-30 10:05:00', 'phòng quạt', 1, 20000, 0, 0, 0, 40000),
(656, 3, 3, 1, '2013-04-30 02:55:00', '2013-04-30 10:25:00', 'phòng quạt', 1, 20000, 0, 0, 0, 40000),
(657, 4, 3, 1, '2013-04-30 06:40:00', '2013-04-30 14:35:00', '', 1, 0, 0, 0, 0, 60000),
(658, 16, 3, 1, '2013-04-30 07:45:00', '2013-04-30 15:05:00', 'phòng quạt', 1, 20000, 0, 0, 0, 40000),
(659, 36, 3, 1, '2013-04-30 07:45:00', '2013-04-30 16:45:00', '', 1, 0, 0, 0, 0, 98000),
(660, 3, 3, 1, '2013-04-30 07:55:00', '2013-04-30 15:15:00', 'phòng quạt', 1, 20000, 0, 0, 0, 40000),
(661, 3, 3, 1, '2013-04-30 08:35:00', '2013-04-30 16:00:00', '', 1, 0, 0, 0, 0, 80000),
(662, 4, 3, 1, '2013-04-30 08:35:00', '2013-04-30 16:00:00', '', 1, 0, 0, 0, 0, 80000),
(663, 17, 3, 1, '2013-04-30 08:35:00', '2013-04-30 16:00:00', '', 1, 0, 0, 0, 0, 80000),
(664, 27, 3, 1, '2013-04-30 08:20:00', '2013-04-30 16:50:00', '', 1, 0, 0, 0, 0, 100000),
(665, 4, 3, 1, '2013-04-30 10:35:00', '2013-04-30 18:30:00', '', 1, 0, 0, 0, 0, 60000),
(667, 34, 3, 1, '2013-04-30 11:15:00', '2013-05-01 06:35:00', '', 1, 0, 0, 0, 0, 168000),
(668, 30, 3, 1, '2013-04-30 12:20:00', '2013-04-30 20:00:00', '', 1, 0, 0, 0, 0, 40000),
(669, 3, 3, 1, '2013-04-30 12:20:00', '2013-04-30 20:00:00', 'phòng quạt', 1, 20000, 0, 0, 0, 52000),
(670, 42, 3, 1, '2013-04-30 12:40:00', '2013-05-01 07:00:00', '', 1, 0, 0, 0, 0, 200000),
(671, 4, 3, 1, '2013-04-30 12:50:00', '2013-04-30 20:10:00', 'phòng quạt', 1, 20000, 0, 0, 0, 40000),
(672, 36, 3, 1, '2013-04-30 12:55:00', '2013-05-01 10:10:00', '', 1, 0, 0, 0, 0, 200000);
INSERT INTO `h3d_session` (`id`, `idtable`, `iduser`, `idcustomer`, `datetime`, `datetimeend`, `note`, `status`, `discount_value`, `discount_percent`, `surtax`, `payment`, `value`) VALUES
(673, 43, 3, 1, '2013-04-30 13:10:00', '2013-05-01 18:15:00', '', 1, 0, 0, 0, 0, 343000),
(674, 3, 3, 1, '2013-04-30 13:35:00', '2013-05-01 07:50:00', '', 1, 0, 0, 0, 0, 216000),
(675, 4, 3, 1, '2013-04-30 14:10:00', '2013-04-30 21:30:00', 'phòng quạt', 1, 20000, 0, 0, 0, 40000),
(676, 16, 3, 1, '2013-04-30 14:40:00', '2013-04-30 22:00:00', 'phòng quạt', 1, 20000, 0, 0, 0, 40000),
(677, 38, 3, 1, '2013-04-30 15:15:00', '2013-05-01 08:00:00', 'phụ thu thiệt hại lavabo', 1, 0, 0, 200000, 0, 360000),
(678, 45, 3, 1, '2013-04-30 15:30:00', '2013-05-01 09:00:00', '', 1, 0, 0, 0, 0, 182000),
(679, 44, 3, 1, '2013-04-30 15:50:00', '2013-05-01 08:00:00', '', 1, 0, 0, 0, 0, 168000),
(680, 17, 3, 1, '2013-04-30 15:50:00', '2013-04-30 23:00:00', 'phòng quạt', 1, 20000, 0, 0, 0, 40000),
(681, 27, 3, 1, '2013-04-30 16:00:00', '2013-05-01 09:10:00', '', 1, 0, 0, 0, 0, 160000),
(682, 26, 3, 1, '2013-04-30 16:50:00', '2013-05-01 08:05:00', '', 1, 0, 0, 0, 0, 510000),
(683, 4, 3, 1, '2013-04-30 16:45:00', '2013-05-01 00:00:00', 'phòng quạt', 1, 20000, 0, 0, 0, 40000),
(684, 28, 3, 1, '2013-04-30 16:45:00', '2013-05-01 00:00:00', 'phòng quạt', 1, 20000, 0, 0, 0, 40000),
(685, 29, 3, 1, '2013-04-30 16:45:00', '2013-05-01 00:00:00', '', 1, 0, 0, 0, 0, 40000),
(686, 32, 3, 1, '2013-04-30 17:30:00', '2013-05-01 08:00:00', '', 1, 0, 0, 0, 0, 267000),
(687, 39, 3, 1, '2013-04-30 17:30:00', '2013-05-01 09:00:00', '', 1, 0, 0, 0, 0, 172000),
(688, 40, 3, 1, '2013-04-30 17:35:00', '2013-05-01 10:15:00', '', 1, 0, 0, 0, 0, 195000),
(689, 41, 3, 1, '2013-04-30 17:45:00', '2013-05-01 06:20:00', '', 1, 0, 0, 0, 0, 175000),
(690, 31, 3, 1, '2013-04-30 17:55:00', '2013-05-01 09:20:00', '', 1, 0, 0, 0, 0, 120000),
(691, 4, 3, 1, '2013-04-30 17:50:00', '2013-05-01 01:00:00', 'phòng quạt', 1, 20000, 0, 0, 0, 40000),
(692, 35, 3, 1, '2013-04-30 18:30:00', '2013-05-01 09:00:00', '', 1, 0, 0, 0, 0, 144000),
(693, 28, 3, 1, '2013-04-30 19:15:00', '2013-05-01 03:00:00', 'phòng quạt', 1, 20000, 0, 0, 0, 40000),
(694, 3, 3, 1, '2013-05-01 01:55:00', '2013-05-01 10:25:00', '', 1, 0, 0, 0, 0, 98000),
(695, 4, 3, 1, '2013-05-01 03:05:00', '2013-05-01 10:20:00', 'phòng quạt', 1, 20000, 0, 0, 0, 40000),
(696, 17, 3, 1, '2013-05-01 03:05:00', '2013-05-01 10:20:00', 'phòng quạt', 1, 20000, 0, 0, 0, 40000),
(697, 3, 3, 1, '2013-05-01 05:00:00', '2013-05-01 12:30:00', 'phòng quạt', 1, 20000, 0, 0, 0, 40000),
(698, 4, 3, 1, '2013-05-01 06:15:00', '2013-05-01 13:30:00', 'phòng quạt', 1, 20000, 0, 0, 0, 40000),
(699, 27, 3, 1, '2013-05-01 07:10:00', '2013-05-02 15:10:00', '', 1, 0, 0, 0, 0, 271000),
(700, 37, 3, 1, '2013-05-01 08:25:00', '2013-05-01 17:15:00', '', 1, 0, 0, 0, 0, 107000),
(701, 41, 3, 1, '2013-05-01 08:45:00', '2013-05-01 16:30:00', '', 1, 0, 0, 0, 0, 60000),
(702, 41, 3, 1, '2013-05-01 11:30:00', '2013-05-02 04:20:00', '', 1, 0, 0, 0, 0, 236000),
(703, 3, 3, 1, '2013-05-01 13:30:00', '2013-05-01 21:00:00', 'phòng quạt', 1, 20000, 0, 0, 0, 60000),
(704, 42, 3, 1, '2013-05-01 13:35:00', '2013-05-02 06:00:00', '', 1, 0, 0, 0, 0, 296000),
(705, 3, 3, 1, '2013-05-01 14:40:00', '2013-05-01 22:00:00', 'phòng quạt', 1, 20000, 0, 0, 0, 40000),
(706, 4, 3, 1, '2013-05-01 14:40:00', '2013-05-01 22:00:00', 'phòng quạt', 1, 20000, 0, 0, 0, 40000),
(707, 17, 3, 1, '2013-05-01 14:40:00', '2013-05-01 22:00:00', 'phòng quạt', 1, 20000, 0, 0, 0, 40000),
(708, 29, 3, 1, '2013-05-01 17:50:00', '2013-05-02 06:00:00', '', 1, 0, 0, 0, 0, 120000),
(709, 36, 3, 1, '2013-05-01 18:25:00', '2013-05-02 09:30:00', '', 1, 0, 0, 0, 0, 197000),
(710, 28, 3, 1, '2013-05-01 19:05:00', '2013-05-02 02:30:00', 'phòng quạt ', 1, 20000, 0, 0, 0, 40000),
(711, 17, 3, 1, '2013-05-01 19:05:00', '2013-05-02 02:30:00', 'phòng quạt', 1, 20000, 0, 0, 0, 40000),
(712, 3, 3, 1, '2013-05-01 19:20:00', '2013-05-02 03:00:00', 'phòng quạt', 1, 20000, 0, 0, 0, 40000),
(713, 4, 3, 1, '2013-05-01 19:20:00', '2013-05-02 03:00:00', 'phòng quạt', 1, 20000, 0, 0, 0, 40000),
(714, 16, 3, 1, '2013-05-01 19:20:00', '2013-05-02 03:00:00', 'phòng quạt', 1, 20000, 0, 0, 0, 40000),
(715, 34, 3, 1, '2013-05-01 19:20:00', '2013-05-02 03:00:00', '', 1, 0, 0, 0, 0, 40000),
(716, 4, 3, 1, '2013-05-02 09:10:00', '2013-05-02 16:20:00', 'phòng quạt', 1, 20000, 0, 0, 0, 40000),
(717, 3, 3, 1, '2013-05-02 09:45:00', '2013-05-02 17:20:00', 'phòng quạt', 1, 20000, 0, 0, 0, 40000),
(718, 17, 3, 1, '2013-05-02 12:40:00', '2013-05-02 20:00:00', 'phòng quạt', 1, 20000, 0, 0, 0, 40000),
(719, 37, 3, 1, '2013-05-02 15:45:00', '2013-05-03 07:55:00', '', 1, 0, 0, 0, 0, 172000),
(720, 27, 3, 1, '2013-05-02 16:05:00', '2013-05-03 07:25:00', 'phòng quạt', 1, 40000, 0, 0, 0, 120000),
(721, 36, 3, 1, '2013-05-02 16:35:00', '2013-05-03 08:05:00', '', 1, 0, 0, 0, 0, 184000),
(722, 17, 3, 1, '2013-05-02 19:10:00', '2013-05-03 02:30:00', 'phòng quạt', 1, 20000, 0, 0, 0, 40000),
(723, 3, 3, 1, '2013-05-02 20:15:00', '2013-05-03 03:30:00', 'phòng quạt', 1, 20000, 0, 0, 0, 40000),
(724, 30, 3, 1, '2013-05-02 20:25:00', '2013-05-03 03:50:00', '', 1, 0, 0, 0, 0, 39000),
(725, 34, 3, 1, '2013-05-02 20:25:00', '2013-05-03 03:50:00', '', 1, 0, 0, 0, 0, 39000),
(726, 16, 3, 1, '2013-05-02 20:30:00', '2013-05-03 04:00:00', 'phòng quạt', 1, 20000, 0, 0, 0, 40000),
(727, 28, 3, 1, '2013-05-02 20:30:00', '2013-05-03 04:00:00', 'phòng quạt', 1, 20000, 0, 0, 0, 40000),
(728, 17, 3, 1, '2013-05-02 21:10:00', '2013-05-03 04:30:00', 'phòng quạt', 1, 20000, 0, 0, 0, 40000),
(729, 27, 3, 1, '2013-05-03 03:15:00', '2013-05-03 13:15:00', '', 1, 0, 0, 0, 0, 142000),
(730, 3, 3, 1, '2013-05-03 06:05:00', '2013-05-03 13:20:00', 'phòng quạt', 1, 20000, 0, 0, 0, 40000),
(731, 36, 3, 1, '2013-05-03 08:10:00', '2013-05-04 09:20:00', '', 1, 0, 0, 0, 0, 200000),
(732, 16, 3, 1, '2013-05-03 12:30:00', '2013-05-03 20:00:00', '', 1, 0, 0, 0, 0, 60000),
(733, 17, 3, 1, '2013-05-03 14:05:00', '2013-05-03 21:25:00', 'phòng quạt', 1, 20000, 0, 0, 0, 40000),
(734, 26, 3, 1, '2013-05-03 14:15:00', '2013-05-04 07:55:00', '', 1, 0, 0, 0, 0, 275000),
(735, 4, 3, 1, '2013-05-03 14:30:00', '2013-05-03 21:45:00', 'phòng quạt', 1, 20000, 0, 0, 0, 40000),
(736, 3, 3, 1, '2013-05-03 15:00:00', '2013-05-03 22:15:00', 'phòng quạt', 1, 20000, 0, 0, 0, 40000),
(737, 28, 3, 1, '2013-05-03 15:40:00', '2013-05-03 23:00:00', 'phòng quạt', 1, 20000, 0, 0, 0, 40000),
(738, 32, 3, 1, '2013-05-03 16:00:00', '2013-05-04 06:45:00', '', 1, 0, 0, 0, 0, 232000),
(739, 17, 3, 1, '2013-05-03 17:20:00', '2013-05-04 00:40:00', 'phòng quạt', 1, 20000, 0, 0, 0, 40000),
(740, 16, 3, 1, '2013-05-03 17:30:00', '2013-05-04 00:55:00', 'phòng quạt', 1, 20000, 0, 0, 0, 40000),
(741, 4, 3, 1, '2013-05-03 17:30:00', '2013-05-04 00:55:00', 'phòng quạt', 1, 20000, 0, 0, 0, 40000),
(742, 29, 3, 1, '2013-05-03 17:30:00', '2013-05-04 00:55:00', '', 1, 0, 0, 0, 0, 40000),
(743, 35, 3, 1, '2013-05-03 17:30:00', '2013-05-04 00:55:00', '', 1, 0, 0, 0, 0, 40000),
(744, 34, 3, 1, '2013-05-03 17:30:00', '2013-05-04 00:45:00', '', 1, 0, 0, 0, 0, 40000),
(745, 41, 3, 1, '2013-05-03 18:00:00', '2013-05-04 09:05:00', 'phòng quạt', 1, 40000, 0, 0, 0, 135000),
(746, 28, 3, 1, '2013-05-03 18:00:00', '2013-05-04 01:30:00', 'phòng quạt', 1, 20000, 0, 0, 0, 40000),
(747, 31, 3, 1, '2013-05-03 18:00:00', '2013-05-04 01:30:00', '', 1, 0, 0, 0, 0, 40000),
(748, 42, 3, 1, '2013-05-03 18:30:00', '2013-05-04 06:00:00', '', 1, 1000, 0, 0, 0, 174000),
(749, 43, 3, 1, '2013-05-03 18:30:00', '2013-05-04 06:00:00', '', 1, 0, 0, 0, 0, 180000),
(750, 28, 3, 1, '2013-05-03 18:30:00', '2013-05-04 02:00:00', 'phòng quạt', 1, 20000, 0, 0, 0, 40000),
(751, 29, 3, 1, '2013-05-03 18:30:00', '2013-05-04 02:00:00', '', 1, 0, 0, 0, 0, 40000),
(752, 30, 3, 1, '2013-05-03 18:30:00', '2013-05-04 02:00:00', '', 1, 0, 0, 0, 0, 40000),
(753, 17, 3, 1, '2013-05-03 18:30:00', '2013-05-04 02:00:00', 'phòng quạt', 1, 20000, 0, 0, 0, 40000),
(754, 3, 3, 1, '2013-05-03 18:55:00', '2013-05-04 02:10:00', 'phòng quạt', 1, 20000, 0, 0, 0, 40000),
(755, 34, 3, 1, '2013-05-03 18:55:00', '2013-05-04 02:10:00', '', 1, 0, 0, 0, 0, 40000),
(756, 3, 3, 1, '2013-05-03 19:30:00', '2013-05-04 03:00:00', 'phòng quạt', 1, 20000, 0, 0, 0, 40000),
(757, 30, 3, 1, '2013-05-03 20:40:00', '2013-05-04 10:35:00', '', 1, 0, 0, 0, 0, 120000),
(758, 16, 3, 1, '2013-05-03 19:50:00', '2013-05-04 03:15:00', 'phòng quạt', 1, 20000, 0, 0, 0, 40000),
(759, 17, 3, 1, '2013-05-03 19:50:00', '2013-05-04 03:15:00', 'phòng quạt', 1, 20000, 0, 0, 0, 40000),
(760, 4, 3, 1, '2013-05-03 19:50:00', '2013-05-04 03:15:00', 'phòng quạt', 1, 20000, 0, 0, 0, 40000),
(761, 28, 3, 1, '2013-05-03 19:50:00', '2013-05-04 03:15:00', 'phòng quạt', 1, 20000, 0, 0, 0, 40000),
(762, 29, 3, 1, '2013-05-03 19:50:00', '2013-05-04 03:15:00', '', 1, 0, 0, 0, 0, 40000),
(763, 31, 3, 1, '2013-05-03 19:50:00', '2013-05-04 03:15:00', '', 1, 0, 0, 0, 0, 40000),
(764, 4, 2, 1, '2013-05-04 03:30:00', '2013-05-04 11:10:00', 'Phòng quạt', 1, 20000, 0, 0, 0, 40000),
(765, 3, 2, 1, '2013-05-04 05:55:00', '2013-05-04 13:55:00', '', 1, 0, 0, 0, 0, 60000),
(766, 4, 2, 1, '2013-05-04 06:15:00', '2013-05-04 13:45:00', 'Phòng quạt', 1, 20000, 0, 0, 0, 40000),
(767, 3, 2, 1, '2013-05-04 12:30:00', '2013-05-04 20:00:00', 'Phòng quạt', 1, 20000, 0, 0, 0, 40000),
(768, 3, 2, 1, '2013-05-04 14:00:00', '2013-05-04 21:30:00', 'Phòng quạt', 1, 20000, 0, 0, 0, 40000),
(769, 4, 2, 1, '2013-05-04 14:00:00', '2013-05-04 21:30:00', 'Phồng quạt', 1, 20000, 0, 0, 0, 40000),
(770, 17, 2, 1, '2013-05-04 15:25:00', '2013-05-04 22:45:00', 'Phòng quạt', 1, 20000, 0, 0, 0, 40000),
(771, 16, 2, 1, '2013-05-04 15:25:00', '2013-05-04 22:45:00', 'Phòng quạt', 1, 20000, 0, 0, 0, 40000),
(772, 4, 2, 1, '2013-05-04 17:00:00', '2013-05-05 00:25:00', 'Phòng quạt', 1, 20000, 0, 0, 0, 40000),
(773, 3, 2, 1, '2013-05-04 17:00:00', '2013-05-05 00:20:00', 'Phòng quạt', 1, 20000, 0, 0, 0, 40000),
(774, 17, 2, 1, '2013-05-04 17:00:00', '2013-05-05 00:20:00', 'Phòng quạt', 1, 20000, 0, 0, 0, 40000),
(775, 29, 2, 1, '2013-05-04 17:00:00', '2013-05-05 00:25:00', '', 1, 0, 0, 0, 0, 40000),
(776, 30, 2, 1, '2013-05-04 17:00:00', '2013-05-05 00:25:00', '', 1, 0, 0, 0, 0, 40000),
(777, 31, 2, 1, '2013-05-04 17:00:00', '2013-05-05 00:30:00', '', 1, 0, 0, 0, 0, 40000),
(778, 34, 2, 1, '2013-05-04 17:00:00', '2013-05-05 00:25:00', '', 1, 0, 0, 0, 0, 40000),
(779, 26, 2, 1, '2013-05-04 18:00:00', '2013-05-05 06:45:00', '', 1, 0, 0, 0, 0, 220000),
(780, 30, 2, 1, '2013-05-04 18:55:00', '2013-05-05 02:15:00', '', 1, 0, 0, 0, 0, 40000),
(781, 34, 2, 1, '2013-05-04 18:55:00', '2013-05-05 02:15:00', '', 1, 0, 0, 0, 0, 40000),
(782, 16, 2, 1, '2013-05-04 18:55:00', '2013-05-05 02:15:00', 'Phòng quạt', 1, 20000, 0, 0, 0, 40000),
(783, 17, 2, 1, '2013-05-04 18:55:00', '2013-05-05 02:15:00', 'Phòng quạt', 1, 20000, 0, 0, 0, 40000),
(784, 35, 2, 1, '2013-05-04 18:55:00', '2013-05-05 02:20:00', '', 1, 0, 0, 0, 0, 65000),
(785, 3, 2, 1, '2013-05-05 04:30:00', '2013-05-05 11:35:00', 'Phòng quạt', 1, 20000, 0, 0, 0, 40000),
(786, 43, 2, 1, '2013-05-05 05:55:00', '2013-05-06 06:55:00', '', 1, 0, 0, 0, 0, 237000),
(787, 4, 2, 1, '2013-05-05 07:55:00', '2013-05-05 15:30:00', 'Phòng quạt', 1, 20000, 0, 0, 0, 40000),
(788, 3, 2, 1, '2013-05-05 08:10:00', '2013-05-05 15:40:00', 'Phòng quạt', 1, 20000, 0, 0, 0, 59000),
(789, 16, 2, 1, '2013-05-05 09:05:00', '2013-05-05 16:20:00', '', 1, 0, 0, 0, 0, 60000),
(790, 36, 2, 1, '2013-05-05 10:50:00', '2013-05-05 18:30:00', '', 1, 0, 0, 0, 0, 60000),
(791, 16, 2, 1, '2013-05-05 12:30:00', '2013-05-05 20:30:00', '', 1, 0, 0, 0, 0, 60000),
(792, 17, 2, 1, '2013-05-05 12:30:00', '2013-05-05 20:30:00', '', 1, 0, 0, 0, 0, 60000),
(794, 3, 2, 1, '2013-05-05 15:45:00', '2013-05-05 23:00:00', 'Phòng quạt', 1, 20000, 0, 0, 0, 40000),
(796, 27, 2, 1, '2013-05-05 15:05:00', '2013-05-06 08:20:00', '', 1, 0, 0, 0, 0, 182000),
(797, 16, 2, 1, '2013-05-05 15:10:00', '2013-05-05 22:30:00', 'Phòng quạt', 1, 20000, 0, 0, 0, 40000),
(798, 3, 2, 1, '2013-05-05 16:30:00', '2013-05-05 23:55:00', 'Phòng quạt', 1, 20000, 0, 0, 0, 40000),
(799, 4, 2, 1, '2013-05-05 16:30:00', '2013-05-05 23:55:00', 'Phòng quạt', 1, 20000, 0, 0, 0, 40000),
(800, 16, 2, 1, '2013-05-05 16:30:00', '2013-05-05 23:55:00', 'Phòng quạt', 1, 20000, 0, 0, 0, 65000),
(801, 29, 2, 1, '2013-05-05 16:30:00', '2013-05-05 23:55:00', '', 1, 0, 0, 0, 0, 40000),
(802, 39, 2, 1, '2013-05-05 19:05:00', '2013-05-06 04:05:00', '', 1, 0, 0, 0, 0, 100000),
(803, 28, 2, 1, '2013-05-05 21:55:00', '2013-05-06 05:45:00', 'Phòng quạt', 1, 20000, 0, 0, 0, 40000),
(804, 26, 2, 1, '2013-05-06 20:00:00', '2013-05-07 07:20:00', '', 1, 0, 0, 0, 0, 261000),
(805, 4, 2, 1, '2013-05-06 06:10:00', '2013-05-06 13:35:00', 'Phòng quạt', 1, 20000, 0, 0, 0, 40000),
(806, 3, 2, 1, '2013-05-06 06:40:00', '2013-05-06 14:10:00', 'Phòng quạt', 1, 20000, 0, 0, 0, 40000),
(807, 17, 2, 1, '2013-05-06 06:40:00', '2013-05-06 14:10:00', 'Phòng quạt', 1, 20000, 0, 0, 0, 40000),
(808, 16, 2, 1, '2013-05-06 07:50:00', '2013-05-06 15:25:00', 'Phòng quạt', 1, 20000, 0, 0, 0, 40000),
(809, 4, 2, 1, '2013-05-06 09:25:00', '2013-05-06 16:50:00', 'Phòng quạt', 1, 20000, 0, 0, 0, 40000),
(810, 17, 2, 1, '2013-05-06 10:20:00', '2013-05-06 19:40:00', '', 1, 0, 0, 0, 0, 90000),
(811, 41, 2, 1, '2013-05-06 10:50:00', '2013-05-06 18:30:00', '', 1, 0, 0, 0, 0, 85000),
(812, 16, 2, 1, '2013-05-06 11:00:00', '2013-05-06 18:45:00', '', 1, 0, 0, 0, 0, 60000),
(813, 3, 2, 1, '2013-05-06 11:40:00', '2013-05-06 19:05:00', 'Phòng quạt', 1, 20000, 0, 0, 0, 40000),
(814, 28, 2, 1, '2013-05-06 11:55:00', '2013-05-06 19:15:00', 'Phòng quạt', 1, 20000, 0, 0, 0, 40000),
(815, 16, 2, 1, '2013-05-06 12:30:00', '2013-05-06 20:00:00', '', 1, 0, 0, 0, 0, 60000),
(816, 37, 2, 1, '2013-05-06 12:30:00', '2013-05-07 16:50:00', '', 1, 0, 0, 0, 0, 354000),
(818, 43, 2, 1, '2013-05-06 14:05:00', '2013-05-07 06:10:00', '', 1, 0, 0, 0, 0, 208000),
(819, 16, 2, 1, '2013-05-06 14:20:00', '2013-05-06 21:45:00', '', 1, 0, 0, 0, 0, 60000),
(820, 17, 2, 1, '2013-05-06 14:20:00', '2013-05-06 21:45:00', '', 1, 0, 0, 0, 0, 60000),
(821, 3, 2, 1, '2013-05-06 15:30:00', '2013-05-06 22:55:00', 'Phòng quạt', 1, 20000, 0, 0, 0, 40000),
(822, 28, 2, 1, '2013-05-06 15:30:00', '2013-05-06 22:50:00', 'Phòng quạt', 1, 20000, 0, 0, 0, 40000),
(823, 3, 2, 1, '2013-05-06 16:40:00', '2013-05-07 00:00:00', 'Phòng quạt', 1, 20000, 0, 0, 0, 40000),
(824, 4, 2, 1, '2013-05-06 16:40:00', '2013-05-06 23:55:00', 'Phòng quạt', 1, 20000, 0, 0, 0, 40000),
(825, 17, 2, 1, '2013-05-06 16:40:00', '2013-05-06 23:55:00', 'Phòng quạt', 1, 20000, 0, 0, 0, 40000),
(826, 16, 2, 1, '2013-05-06 16:45:00', '2013-05-07 00:00:00', 'Phòng quạt', 1, 20000, 0, 0, 0, 40000),
(827, 3, 2, 1, '2013-05-06 18:00:00', '2013-05-07 07:55:00', '', 1, 0, 0, 0, 0, 244000),
(828, 4, 2, 1, '2013-05-06 18:00:00', '2013-05-07 07:55:00', 'Hột quẹt', 1, 0, 0, 4000, 0, 213000),
(829, 17, 2, 1, '2013-05-06 18:00:00', '2013-05-07 07:55:00', 'Hột quẹt', 1, 0, 0, 4000, 0, 216000),
(830, 28, 2, 1, '2013-05-06 18:00:00', '2013-05-07 07:55:00', '', 1, 0, 0, 0, 0, 212000),
(831, 29, 2, 1, '2013-05-06 18:00:00', '2013-05-07 07:55:00', 'Hột quẹt', 1, 0, 0, 4000, 0, 161000),
(832, 30, 2, 1, '2013-05-06 18:00:00', '2013-05-07 07:55:00', '', 1, 0, 0, 0, 0, 135000),
(833, 41, 2, 1, '2013-05-06 19:20:00', '2013-05-07 05:10:00', '', 1, 0, 0, 0, 0, 120000),
(834, 42, 2, 1, '2013-05-06 19:20:00', '2013-05-07 05:20:00', '', 1, 0, 0, 0, 0, 120000),
(835, 16, 2, 1, '2013-05-06 19:30:00', '2013-05-07 03:00:00', 'Phòng quạt', 1, 20000, 0, 0, 0, 40000),
(837, 34, 2, 1, '2013-05-06 20:00:00', '2013-05-07 03:30:00', '', 1, 0, 0, 0, 0, 40000),
(838, 16, 2, 1, '2013-05-06 20:45:00', '2013-05-07 04:05:00', 'Phòng quạt', 1, 20000, 0, 0, 0, 40000),
(839, 31, 2, 1, '2013-05-06 21:55:00', '2013-05-07 05:35:00', '', 1, 0, 0, 0, 0, 40000),
(840, 4, 2, 1, '2013-05-07 02:25:00', '2013-05-07 11:05:00', '', 1, 0, 0, 0, 0, 90000),
(841, 36, 2, 1, '2013-05-07 06:40:00', '2013-05-07 15:25:00', '', 1, 0, 0, 0, 0, 90000),
(842, 17, 2, 1, '2013-05-07 07:40:00', '2013-05-07 15:20:00', 'Phòng quạt', 1, 20000, 0, 0, 0, 40000),
(843, 30, 2, 1, '2013-05-07 07:55:00', '2013-05-07 15:25:00', '', 1, 0, 0, 0, 0, 40000),
(844, 41, 2, 1, '2013-05-07 09:50:00', '2013-05-08 08:00:00', '', 1, 0, 0, 0, 0, 222000),
(846, 40, 2, 1, '2013-05-07 10:40:00', '2013-05-08 10:05:00', '', 1, 0, 0, 0, 0, 215000),
(847, 3, 2, 1, '2013-05-07 10:40:00', '2013-05-07 18:10:00', 'Phòng quạt', 1, 20000, 0, 0, 0, 40000),
(848, 44, 2, 1, '2013-05-07 11:10:00', '2013-05-07 19:10:00', '', 1, 0, 0, 0, 0, 60000),
(849, 16, 2, 1, '2013-05-07 11:15:00', '2013-05-07 18:55:00', '', 1, 0, 0, 0, 0, 60000),
(850, 17, 2, 1, '2013-05-07 11:15:00', '2013-05-07 18:55:00', '', 1, 0, 0, 0, 0, 60000),
(851, 28, 2, 1, '2013-05-07 11:50:00', '2013-05-07 19:20:00', 'Phòng quạt', 1, 20000, 0, 0, 0, 40000),
(852, 16, 2, 1, '2013-05-07 12:35:00', '2013-05-07 19:55:00', 'Phòng quạt', 1, 20000, 0, 0, 0, 40000),
(854, 26, 2, 1, '2013-05-07 13:10:00', '2013-05-08 06:40:00', '', 1, 0, 0, 0, 0, 260000),
(855, 4, 2, 1, '2013-05-07 13:25:00', '2013-05-07 20:45:00', 'Phòng quạt', 1, 20000, 0, 0, 0, 52000),
(856, 29, 2, 1, '2013-05-07 12:30:00', '2013-05-07 21:00:00', '', 1, 0, 0, 0, 0, 60000),
(857, 39, 2, 1, '2013-05-07 14:00:00', '2013-05-08 06:10:00', '', 1, 0, 0, 0, 0, 208000),
(858, 45, 2, 1, '2013-05-07 14:00:00', '2013-05-08 06:10:00', '', 1, 0, 0, 0, 0, 200000),
(859, 3, 2, 1, '2013-05-07 14:50:00', '2013-05-07 22:20:00', 'Phòng quạt', 1, 20000, 0, 0, 0, 40000),
(860, 17, 2, 1, '2013-05-07 14:50:00', '2013-05-07 22:20:00', 'Phòng quạt', 1, 20000, 0, 0, 0, 40000),
(861, 32, 2, 1, '2013-05-07 15:45:00', '2013-05-08 07:20:00', '', 1, 0, 0, 0, 0, 220000),
(862, 4, 2, 1, '2013-05-07 16:45:00', '2013-05-08 00:00:00', 'Phòng quạt', 1, 20000, 0, 0, 0, 40000),
(863, 17, 2, 1, '2013-05-07 16:45:00', '2013-05-08 00:00:00', 'Phòng quạt', 1, 20000, 0, 0, 0, 40000),
(864, 37, 2, 1, '2013-05-07 17:30:00', '2013-05-08 09:00:00', '', 1, 0, 0, 0, 0, 184000),
(865, 42, 2, 1, '2013-05-07 19:00:00', '2013-05-08 03:55:00', '', 1, 0, 0, 0, 0, 100000),
(866, 29, 2, 1, '2013-05-07 21:00:00', '2013-05-08 07:00:00', '', 1, 0, 0, 0, 0, 80000),
(867, 4, 2, 1, '2013-05-08 00:00:00', '2013-05-08 07:45:00', 'Phòng quạt', 1, 20000, 0, 0, 0, 40000),
(868, 28, 2, 1, '2013-05-08 02:50:00', '2013-05-08 10:30:00', '', 1, 0, 0, 0, 0, 70000),
(869, 4, 2, 1, '2013-05-08 04:20:00', '2013-05-08 13:20:00', '', 1, 0, 0, 0, 0, 90000),
(870, 3, 2, 1, '2013-05-08 06:40:00', '2013-05-08 14:10:00', 'Phòng quạt', 1, 20000, 0, 0, 0, 40000),
(871, 4, 2, 1, '2013-05-08 12:05:00', '2013-05-08 19:35:00', 'Phòng quạt', 1, 20000, 0, 0, 0, 40000),
(872, 40, 2, 1, '2013-05-08 13:35:00', '2013-05-09 06:50:00', '', 1, 0, 0, 0, 0, 212000),
(873, 39, 2, 1, '2013-05-08 13:35:00', '2013-05-09 06:50:00', '', 1, 0, 0, 0, 0, 200000),
(874, 3, 2, 1, '2013-05-08 13:45:00', '2013-05-08 21:00:00', 'Phòng quạt', 1, 20000, 0, 0, 0, 40000),
(875, 16, 2, 1, '2013-05-08 15:20:00', '2013-05-08 22:40:00', 'Phòng quạt', 1, 20000, 0, 0, 0, 40000),
(876, 27, 2, 1, '2013-05-08 15:30:00', '2013-05-09 07:35:00', 'Phòng quạt', 1, 40000, 0, 0, 0, 120000),
(877, 3, 2, 1, '2013-05-08 16:15:00', '2013-05-08 23:50:00', 'Phòng quạt', 1, 20000, 0, 0, 0, 40000),
(878, 4, 2, 1, '2013-05-08 16:15:00', '2013-05-08 23:50:00', 'Phòng quạt', 1, 20000, 0, 0, 0, 40000),
(879, 29, 2, 1, '2013-05-08 18:20:00', '2013-05-09 07:25:00', '', 1, 0, 0, 0, 0, 120000),
(880, 30, 2, 1, '2013-05-08 18:20:00', '2013-05-09 07:25:00', 'Hột quẹt', 1, 0, 0, 4000, 0, 149000),
(881, 31, 2, 1, '2013-05-08 18:20:00', '2013-05-09 07:25:00', '', 1, 0, 0, 0, 0, 120000),
(882, 3, 2, 1, '2013-05-08 18:30:00', '2013-05-09 02:00:00', 'Phòng quạt', 1, 20000, 0, 0, 0, 40000),
(883, 4, 2, 1, '2013-05-08 18:30:00', '2013-05-09 02:00:00', 'Phòng quạt', 1, 20000, 0, 0, 0, 40000),
(884, 28, 2, 1, '2013-05-08 18:30:00', '2013-05-09 02:00:00', 'Phòng quạt', 1, 20000, 0, 0, 0, 40000),
(885, 17, 2, 1, '2013-05-08 20:00:00', '2013-05-09 03:30:00', 'Phòng quạt', 1, 20000, 0, 0, 0, 40000),
(886, 4, 2, 1, '2013-05-09 05:25:00', '2013-05-09 13:25:00', 'Phòng quạt', 1, 20000, 0, 0, 0, 40000),
(887, 3, 2, 1, '2013-05-09 06:30:00', '2013-05-09 13:50:00', 'Phòng quạt', 1, 20000, 0, 0, 0, 40000),
(888, 28, 2, 1, '2013-05-09 07:05:00', '2013-05-09 14:35:00', 'Phòng quạt', 1, 20000, 0, 0, 0, 40000),
(889, 4, 2, 1, '2013-05-09 07:10:00', '2013-05-09 14:55:00', '', 1, 0, 0, 0, 0, 60000),
(890, 16, 2, 1, '2013-05-09 08:00:00', '2013-05-09 15:20:00', 'Phòng quạt', 1, 20000, 0, 0, 0, 40000),
(891, 30, 2, 1, '2013-05-09 08:00:00', '2013-05-09 15:20:00', '', 1, 0, 0, 0, 0, 40000),
(893, 27, 2, 1, '2013-05-09 09:35:00', '2013-05-09 17:30:00', '', 1, 0, 0, 0, 0, 60000),
(895, 3, 2, 1, '2013-05-09 11:50:00', '2013-05-09 19:20:00', 'Phòng quạt', 1, 20000, 0, 0, 0, 40000),
(896, 4, 2, 1, '2013-05-09 11:50:00', '2013-05-09 19:20:00', 'Phòng quạt', 1, 20000, 0, 0, 0, 40000),
(897, 16, 2, 1, '2013-05-09 13:00:00', '2013-05-09 21:00:00', '', 1, 0, 0, 0, 0, 72000),
(898, 3, 2, 1, '2013-05-09 13:45:00', '2013-05-09 21:30:00', 'Phòng quạt', 1, 20000, 0, 0, 0, 40000),
(899, 30, 2, 1, '2013-05-09 13:45:00', '2013-05-09 21:30:00', '', 1, 0, 0, 0, 0, 40000),
(900, 3, 2, 1, '2013-05-09 15:00:00', '2013-05-09 22:35:00', 'Phòng quạt', 1, 20000, 0, 0, 0, 40000),
(901, 4, 2, 1, '2013-05-09 15:00:00', '2013-05-09 22:35:00', 'Phòng quạt', 1, 20000, 0, 0, 0, 40000),
(902, 3, 2, 1, '2013-05-09 17:00:00', '2013-05-10 00:20:00', 'Phòng quạt', 1, 20000, 0, 0, 0, 40000),
(903, 4, 2, 1, '2013-05-09 17:00:00', '2013-05-10 07:05:00', 'Phòng quạt', 1, 40000, 0, 0, 0, 132000),
(904, 17, 2, 1, '2013-05-09 17:00:00', '2013-05-10 00:20:00', 'Phòng quạt', 1, 20000, 0, 0, 0, 40000),
(905, 16, 2, 1, '2013-05-09 18:30:00', '2013-05-10 02:00:00', 'Phòng quạt', 1, 20000, 0, 0, 0, 40000),
(906, 41, 2, 1, '2013-05-09 18:40:00', '2013-05-10 06:00:00', 'Phòng quạt', 1, 20000, 0, 0, 0, 130000),
(907, 17, 2, 1, '2013-05-09 19:00:00', '2013-05-10 02:30:00', 'Phòng quạt', 1, 20000, 0, 0, 0, 40000),
(908, 3, 2, 1, '2013-05-09 19:30:00', '2013-05-10 09:10:00', '', 1, 0, 0, 0, 0, 172000),
(909, 16, 2, 1, '2013-05-09 21:00:00', '2013-05-10 04:30:00', 'Phòng quạt', 1, 20000, 0, 0, 0, 40000),
(910, 37, 2, 1, '2013-05-09 22:14:00', '2013-05-10 08:10:00', '', 1, 0, 0, 0, 0, 120000),
(911, 39, 2, 1, '2013-05-10 00:00:00', '2013-05-10 14:20:00', '', 1, 0, 0, 40000, 0, 262000),
(912, 28, 2, 1, '2013-05-10 05:35:00', '2013-05-10 13:20:00', '', 1, 0, 0, 0, 0, 60000),
(913, 37, 2, 1, '2013-05-10 06:10:00', '2013-05-10 15:55:00', '', 1, 0, 0, 0, 0, 119000),
(914, 41, 2, 1, '2013-05-10 10:30:00', '2013-05-11 07:50:00', '', 1, 0, 0, 0, 0, 220000),
(915, 42, 2, 1, '2013-05-10 10:50:00', '2013-05-10 18:40:00', '', 1, 0, 0, 0, 0, 60000),
(916, 3, 2, 1, '2013-05-10 12:50:00', '2013-05-10 20:40:00', '', 1, 0, 0, 0, 0, 60000),
(917, 36, 2, 1, '2013-05-10 12:50:00', '2013-05-11 08:30:00', '', 1, 0, 0, 0, 0, 212000),
(918, 4, 2, 1, '2013-05-10 14:10:00', '2013-05-11 08:25:00', 'Phòng quạt', 1, 40000, 0, 0, 0, 170000),
(919, 16, 2, 1, '2013-05-10 14:45:00', '2013-05-10 22:05:00', 'Phòng quạt', 1, 20000, 0, 0, 0, 40000),
(920, 16, 2, 1, '2013-05-10 16:00:00', '2013-05-10 23:20:00', 'Phòng quạt', 1, 20000, 0, 0, 0, 40000),
(921, 26, 2, 1, '2013-05-10 14:25:00', '2013-05-11 06:55:00', '', 1, 0, 0, 0, 0, 250000),
(922, 3, 2, 1, '2013-05-10 15:15:00', '2013-05-10 22:45:00', 'Phòng quạt', 1, 20000, 0, 0, 0, 40000),
(923, 32, 2, 1, '2013-05-10 15:45:00', '2013-05-11 00:25:00', 'tính theo giá giờ', 1, 124000, 0, 0, 0, 110000),
(924, 17, 2, 1, '2013-05-10 16:00:00', '2013-05-10 23:20:00', 'Phòng quạt', 1, 20000, 0, 0, 0, 52000),
(925, 16, 2, 1, '2013-05-10 16:30:00', '2013-05-10 23:50:00', 'Phòng quạt', 1, 20000, 0, 0, 0, 40000),
(926, 17, 2, 1, '2013-05-10 16:30:00', '2013-05-10 23:50:00', 'Phòng quạt', 1, 20000, 0, 0, 0, 40000),
(927, 29, 2, 1, '2013-05-10 16:30:00', '2013-05-10 23:50:00', '', 1, 0, 0, 0, 0, 40000),
(928, 30, 2, 1, '2013-05-10 16:30:00', '2013-05-10 23:50:00', '', 1, 0, 0, 0, 0, 40000),
(929, 37, 2, 1, '2013-05-10 17:30:00', '2013-05-11 05:50:00', '', 1, 0, 0, 0, 0, 172000),
(930, 30, 2, 1, '2013-05-10 17:40:00', '2013-05-11 08:50:00', '', 1, 0, 0, 0, 0, 120000),
(931, 29, 2, 1, '2013-05-10 17:45:00', '2013-05-11 06:10:00', '', 1, 0, 0, 0, 0, 120000),
(932, 17, 2, 1, '2013-05-10 17:55:00', '2013-05-11 01:30:00', 'Phòng quạt', 1, 20000, 0, 0, 0, 60000),
(933, 34, 2, 1, '2013-05-10 18:45:00', '2013-05-11 07:00:00', '', 1, 0, 0, 0, 0, 120000),
(934, 45, 2, 1, '2013-05-10 18:55:00', '2013-05-11 06:50:00', '', 1, 0, 0, 0, 0, 160000),
(935, 16, 2, 1, '2013-05-10 19:00:00', '2013-05-11 07:00:00', 'Phòng quạt', 1, 40000, 0, 0, 0, 144000),
(936, 3, 2, 1, '2013-05-10 19:30:00', '2013-05-11 03:00:00', 'Phòng quạt', 1, 20000, 0, 0, 0, 40000),
(937, 28, 2, 1, '2013-05-10 19:30:00', '2013-05-11 07:05:00', '', 1, 0, 0, 0, 0, 160000),
(938, 17, 2, 1, '2013-05-10 19:30:00', '2013-05-11 07:05:00', 'Phòng quạt', 1, 40000, 0, 0, 0, 120000),
(939, 29, 2, 1, '2013-05-10 20:25:00', '2013-05-11 03:50:00', '', 1, 0, 0, 0, 0, 39000),
(940, 31, 2, 1, '2013-05-10 20:25:00', '2013-05-11 03:50:00', '', 1, 0, 0, 0, 0, 39000),
(941, 35, 2, 1, '2013-05-10 22:00:00', '2013-05-11 05:30:00', '', 1, 0, 0, 0, 0, 40000),
(944, 40, 3, 1, '2013-05-12 04:40:00', '2013-05-13 17:30:00', '', 1, 0, 0, 0, 0, 347000),
(946, 36, 3, 1, '2013-05-11 05:05:00', '2013-05-11 15:30:00', '', 1, 0, 0, 0, 0, 120000),
(947, 4, 3, 1, '2013-05-11 05:30:00', '2013-05-11 12:45:00', 'phòng quạt', 1, 20000, 0, 0, 0, 40000),
(948, 37, 3, 1, '2013-05-11 07:10:00', '2013-05-12 15:00:00', '', 1, 0, 0, 0, 0, 285000),
(949, 17, 3, 1, '2013-05-11 07:25:00', '2013-05-11 14:55:00', '', 1, 0, 0, 0, 0, 84000),
(950, 3, 3, 1, '2013-05-11 08:20:00', '2013-05-11 16:00:00', 'phòng quạt', 1, 20000, 0, 0, 0, 60000),
(951, 4, 3, 1, '2013-05-11 08:50:00', '2013-05-11 17:20:00', '', 1, 0, 0, 0, 0, 100000),
(952, 17, 3, 1, '2013-05-11 11:45:00', '2013-05-11 19:50:00', '', 1, 0, 0, 0, 0, 60000),
(953, 3, 3, 1, '2013-05-11 11:50:00', '2013-05-11 21:00:00', 'phòng quạt', 1, 30000, 0, 0, 0, 60000),
(954, 16, 3, 1, '2013-05-11 11:55:00', '2013-05-11 20:00:00', 'phòng quạt', 1, 20000, 0, 0, 0, 40000),
(955, 29, 3, 1, '2013-05-11 12:00:00', '2013-05-11 20:00:00', '', 1, 0, 0, 0, 0, 40000),
(956, 41, 3, 1, '2013-05-11 12:25:00', '2013-05-11 21:00:00', '', 1, 0, 0, 0, 0, 105000),
(957, 42, 3, 1, '2013-05-11 13:45:00', '2013-05-12 06:00:00', '', 1, 0, 0, 0, 0, 200000),
(958, 43, 3, 1, '2013-05-11 13:45:00', '2013-05-12 06:00:00', '', 1, 0, 0, 0, 0, 200000),
(959, 4, 3, 1, '2013-05-11 15:20:00', '2013-05-12 06:00:00', '', 1, 0, 0, 0, 0, 160000),
(960, 36, 3, 1, '2013-05-11 15:45:00', '2013-05-12 09:00:00', '', 1, 0, 0, 0, 0, 184000),
(961, 16, 3, 1, '2013-05-11 16:20:00', '2013-05-12 00:00:00', 'phòng quạt', 1, 20000, 0, 0, 0, 40000),
(962, 39, 3, 1, '2013-05-11 16:40:00', '2013-05-12 06:10:00', '', 1, 5000, 0, 0, 0, 170000),
(963, 40, 3, 1, '2013-05-11 17:10:00', '2013-05-12 10:00:00', '', 1, 0, 0, 0, 0, 172000),
(964, 17, 3, 1, '2013-05-11 17:00:00', '2013-05-12 00:30:00', 'phòng quạt', 1, 20000, 0, 0, 0, 40000),
(965, 41, 3, 1, '2013-05-11 17:25:00', '2013-05-12 08:30:00', '', 1, 0, 0, 0, 0, 194000),
(966, 45, 3, 1, '2013-05-11 17:25:00', '2013-05-12 10:00:00', '', 1, 0, 0, 0, 0, 168000),
(967, 3, 3, 1, '2013-05-11 17:55:00', '2013-05-12 01:15:00', 'phòng quạt', 1, 20000, 0, 0, 0, 60000),
(968, 17, 3, 1, '2013-05-11 18:20:00', '2013-05-12 07:00:00', 'phòng quạt', 1, 40000, 0, 0, 0, 120000),
(969, 29, 3, 1, '2013-05-11 18:20:00', '2013-05-12 07:30:00', '', 1, 0, 0, 0, 0, 120000),
(970, 27, 3, 1, '2013-05-11 18:30:00', '2013-05-12 07:40:00', '', 1, 0, 0, 0, 0, 172000),
(971, 34, 3, 1, '2013-05-11 18:30:00', '2013-05-12 06:00:00', '', 1, 0, 0, 0, 0, 120000),
(972, 16, 3, 1, '2013-05-11 18:35:00', '2013-05-12 02:00:00', 'phòng quạt', 1, 20000, 0, 0, 0, 40000),
(973, 3, 3, 1, '2013-05-11 18:45:00', '2013-05-12 02:00:00', 'phòng quạt', 1, 20000, 0, 0, 0, 40000),
(974, 28, 3, 1, '2013-05-11 18:45:00', '2013-05-12 02:00:00', 'phòng quạt', 1, 20000, 0, 0, 0, 40000),
(975, 30, 3, 1, '2013-05-11 18:45:00', '2013-05-12 02:00:00', '', 1, 0, 0, 0, 0, 40000),
(976, 31, 3, 1, '2013-05-11 18:45:00', '2013-05-12 02:00:00', '', 1, 0, 0, 0, 0, 40000),
(977, 3, 3, 1, '2013-05-11 20:00:00', '2013-05-12 03:20:00', 'phòng quạt', 1, 20000, 0, 0, 0, 40000),
(978, 28, 3, 1, '2013-05-11 20:00:00', '2013-05-12 03:20:00', 'phòng quạt', 1, 20000, 0, 0, 0, 40000),
(979, 16, 3, 1, '2013-05-11 20:00:00', '2013-05-12 03:20:00', 'phòng quạt', 1, 20000, 0, 0, 0, 40000),
(981, 4, 3, 1, '2013-05-12 04:40:00', '2013-05-12 12:05:00', 'phòng quạt', 1, 20000, 0, 0, 0, 40000),
(982, 17, 3, 1, '2013-05-12 06:30:00', '2013-05-12 16:10:00', '', 1, 0, 0, 0, 0, 150000),
(984, 3, 3, 1, '2013-05-12 11:05:00', '2013-05-12 18:25:00', 'phòng quạt', 1, 20000, 0, 0, 0, 40000),
(985, 4, 3, 1, '2013-05-12 11:05:00', '2013-05-12 18:25:00', 'phòng quạt', 1, 20000, 0, 0, 0, 40000),
(986, 4, 3, 1, '2013-05-12 12:30:00', '2013-05-12 20:00:00', 'phòng quạt', 1, 20000, 0, 0, 0, 40000),
(987, 3, 3, 1, '2013-05-12 12:40:00', '2013-05-12 20:00:00', 'phòng quạt', 1, 20000, 0, 0, 0, 40000),
(988, 17, 3, 1, '2013-05-12 12:55:00', '2013-05-12 20:15:00', 'phòng quạt', 1, 20000, 0, 0, 0, 40000),
(989, 3, 3, 1, '2013-05-12 15:10:00', '2013-05-12 22:30:00', 'phòng quạt', 1, 20000, 0, 0, 0, 40000),
(990, 4, 3, 1, '2013-05-12 15:10:00', '2013-05-12 22:30:00', 'phòng quạt', 1, 20000, 0, 0, 0, 40000),
(991, 17, 3, 1, '2013-05-12 16:45:00', '2013-05-13 00:15:00', '', 1, 0, 0, 0, 0, 60000),
(992, 3, 3, 1, '2013-05-12 17:15:00', '2013-05-13 00:30:00', 'phòng quạt', 1, 20000, 0, 0, 0, 40000),
(993, 16, 3, 1, '2013-05-12 19:30:00', '2013-05-13 02:45:00', 'phòng quạt', 1, 20000, 0, 0, 0, 40000),
(994, 4, 3, 1, '2013-05-12 19:30:00', '2013-05-13 03:00:00', 'phòng quạt', 1, 20000, 0, 0, 0, 40000),
(995, 17, 3, 1, '2013-05-12 19:30:00', '2013-05-13 03:00:00', 'phòng quạt', 1, 20000, 0, 0, 0, 40000),
(996, 42, 3, 1, '2013-05-12 19:35:00', '2013-05-13 08:00:00', 'hột quẹt 4k', 1, 0, 0, 4000, 0, 213000),
(997, 16, 3, 1, '2013-05-12 20:10:00', '2013-05-13 03:35:00', 'phòng quạt', 1, 20000, 0, 0, 0, 60000),
(998, 28, 3, 1, '2013-05-12 20:10:00', '2013-05-13 03:35:00', 'phòng quạt', 1, 20000, 0, 0, 0, 60000),
(999, 17, 3, 1, '2013-05-12 20:15:00', '2013-05-13 03:30:00', 'phòng quạt', 1, 20000, 0, 0, 0, 40000),
(1000, 37, 3, 1, '2013-05-12 15:00:00', '2013-05-13 07:30:00', '', 1, 0, 0, 0, 0, 160000),
(1001, 4, 3, 1, '2013-05-13 03:40:00', '2013-05-13 11:15:00', 'phòng quạt', 1, 20000, 0, 0, 0, 40000),
(1002, 3, 3, 1, '2013-05-13 08:45:00', '2013-05-13 16:00:00', 'phòng quạt', 1, 20000, 0, 0, 0, 40000),
(1003, 3, 3, 1, '2013-05-13 09:50:00', '2013-05-13 17:10:00', 'phòng quạt', 1, 20000, 0, 0, 0, 40000),
(1004, 4, 3, 1, '2013-05-13 09:50:00', '2013-05-13 17:10:00', 'phòng quạt', 1, 20000, 0, 0, 0, 40000),
(1006, 17, 3, 1, '2013-05-13 14:40:00', '2013-05-13 22:00:00', 'phòng quạt', 1, 20000, 0, 0, 0, 40000),
(1008, 37, 3, 1, '2013-05-13 15:50:00', '2013-05-13 23:30:00', '', 1, 0, 0, 0, 0, 60000),
(1009, 16, 3, 1, '2013-05-13 16:00:00', '2013-05-13 23:30:00', 'phòng quạt', 1, 20000, 0, 0, 0, 40000),
(1010, 4, 3, 1, '2013-05-13 16:55:00', '2013-05-14 00:25:00', 'phòng quạt', 1, 20000, 0, 0, 0, 40000),
(1011, 17, 3, 1, '2013-05-13 16:55:00', '2013-05-14 00:25:00', 'phòng quạt', 1, 20000, 0, 0, 0, 40000),
(1012, 29, 3, 1, '2013-05-13 16:55:00', '2013-05-14 00:25:00', '', 1, 0, 0, 0, 0, 40000),
(1014, 16, 3, 1, '2013-05-13 17:55:00', '2013-05-14 04:15:00', '', 1, 0, 0, 0, 0, 120000),
(1015, 17, 3, 1, '2013-05-13 19:00:00', '2013-05-14 02:45:03', 'phòng quạt', 1, 20000, 0, 0, 0, 77000),
(1017, 28, 3, 1, '2013-05-13 19:00:00', '2013-05-14 02:45:00', 'phòng quạt', 1, 20000, 0, 0, 0, 40000),
(1018, 3, 3, 1, '2013-05-13 19:25:00', '2013-05-14 02:45:00', 'phòng quạt', 1, 20000, 0, 0, 0, 40000),
(1019, 4, 3, 1, '2013-05-13 19:25:00', '2013-05-14 02:45:00', 'phòng quạt', 1, 20000, 0, 0, 0, 40000),
(1022, 42, 3, 1, '2013-05-13 13:30:00', '2013-05-14 08:45:00', 'tiền mua hủ tiếu dùm khách 30k', 1, 0, 0, 30000, 0, 279000),
(1023, 36, 3, 1, '2013-05-13 15:50:00', '2013-05-14 13:25:00', 'phụ thu 1h ', 1, 20000, 0, 0, 0, 186000),
(1024, 41, 3, 1, '2013-05-13 17:10:00', '2013-05-14 09:10:00', '', 1, 0, 0, 0, 0, 170000),
(1025, 43, 3, 1, '2013-05-13 20:00:00', '2013-05-14 12:25:00', '', 1, 0, 0, 0, 0, 160000),
(1026, 17, 3, 1, '2013-05-14 10:50:00', '2013-05-14 18:10:00', 'phòng quạt', 1, 20000, 0, 0, 0, 40000),
(1027, 3, 3, 1, '2013-05-14 15:10:00', '2013-05-14 22:43:43', 'phòng quạt', 1, 20000, 0, 0, 0, 40000),
(1028, 4, 3, 1, '2013-05-14 15:10:00', '2013-05-14 22:45:00', 'phòng quạt', 1, 20000, 0, 0, 0, 40000),
(1029, 17, 3, 1, '2013-05-14 16:00:00', '2013-05-14 23:30:00', 'phòng quạt', 1, 20000, 0, 0, 0, 40000),
(1030, 41, 3, 1, '2013-05-14 16:45:00', '2013-05-15 08:00:00', '', 1, 0, 0, 0, 0, 160000),
(1031, 36, 3, 1, '2013-05-14 16:50:00', '2013-05-15 03:00:00', '', 1, 0, 0, 0, 0, 197000),
(1033, 42, 3, 1, '2013-05-14 16:50:00', '2013-05-15 00:30:00', 'phòng 23 thanh toán', 1, 75000, 0, 0, 0, 0),
(1034, 37, 3, 1, '2013-05-14 17:00:00', '2013-05-15 05:30:00', 'tiền phòng 22 (75k)', 1, 0, 0, 75000, 0, 250000),
(1035, 43, 3, 1, '2013-05-14 17:00:00', '2013-05-15 07:00:00', '', 1, 0, 0, 0, 0, 362000),
(1036, 39, 3, 1, '2013-05-14 18:15:00', '2013-05-15 09:05:00', '', 1, 0, 0, 0, 0, 172000),
(1037, 3, 3, 1, '2013-05-14 18:30:00', '2013-05-15 01:45:00', 'phòng quạt', 1, 20000, 0, 0, 0, 40000),
(1038, 16, 3, 1, '2013-05-14 19:55:00', '2013-05-15 03:15:00', 'phòng quạt', 1, 20000, 0, 0, 0, 52000),
(1039, 4, 3, 1, '2013-05-14 19:15:00', '2013-05-15 03:00:00', 'phòng quạt', 1, 20000, 0, 0, 0, 52000),
(1040, 29, 3, 1, '2013-05-14 19:40:00', '2013-05-15 11:15:00', '', 1, 0, 0, 0, 0, 120000),
(1041, 17, 3, 1, '2013-05-14 19:40:00', '2013-05-15 07:50:00', 'phòng quạt', 1, 40000, 0, 0, 0, 120000),
(1042, 30, 3, 1, '2013-05-15 00:00:00', '2013-05-15 07:35:00', '', 1, 0, 0, 0, 0, 40000),
(1043, 17, 3, 1, '2013-05-15 04:50:00', '2013-05-15 12:55:00', '', 1, 0, 0, 0, 0, 60000),
(1044, 3, 3, 1, '2013-05-15 06:00:00', '2013-05-15 13:20:00', 'phòng quạt', 1, 20000, 0, 0, 0, 40000),
(1045, 17, 3, 1, '2013-05-15 07:50:00', '2013-05-15 17:05:00', '', 1, 0, 0, 0, 0, 125000),
(1046, 4, 3, 1, '2013-05-15 08:25:00', '2013-05-15 15:55:00', 'phòng quạt', 1, 20000, 0, 0, 0, 59000),
(1047, 31, 3, 1, '2013-05-15 08:25:00', '2013-05-15 15:50:00', '', 1, 0, 0, 0, 0, 85000),
(1048, 34, 3, 1, '2013-05-15 08:25:00', '2013-05-15 16:25:00', '', 1, 0, 0, 0, 0, 39000),
(1049, 3, 3, 1, '2013-05-15 10:35:00', '2013-05-15 18:15:00', 'phòng quạt', 1, 20000, 0, 0, 0, 40000),
(1050, 41, 3, 1, '2013-05-15 10:55:00', '2013-05-15 18:50:00', '', 1, 0, 0, 0, 0, 85000),
(1051, 3, 3, 1, '2013-05-15 13:00:00', '2013-05-15 20:25:00', 'phòng quạt', 1, 20000, 0, 0, 0, 40000),
(1052, 16, 3, 1, '2013-05-15 13:30:00', '2013-05-15 21:15:00', 'phòng quạt', 1, 20000, 0, 0, 0, 40000),
(1053, 26, 3, 1, '2013-05-15 14:30:00', '2013-05-16 07:05:00', '', 1, 10000, 0, 0, 0, 240000),
(1054, 3, 3, 1, '2013-05-15 15:00:00', '2013-05-15 22:25:00', 'phòng quạt', 1, 20000, 0, 0, 0, 40000),
(1055, 4, 3, 1, '2013-05-15 18:15:00', '2013-05-16 06:00:00', 'phòng quạt', 1, 40000, 0, 0, 0, 120000),
(1056, 17, 3, 1, '2013-05-15 18:15:00', '2013-05-16 06:00:00', 'phòng quạt', 1, 40000, 0, 0, 0, 120000),
(1059, 27, 3, 1, '2013-04-22 19:15:00', '2013-04-24 17:05:00', '', 1, 0, 0, 0, 0, 504000),
(1060, 4, 3, 1, '2013-04-02 05:55:00', '2013-04-02 13:15:00', '', 1, 0, 0, 0, 0, 60000),
(1062, 16, 3, 1, '2013-04-22 15:40:00', '2013-04-23 10:00:00', '', 1, 0, 0, 0, 0, 168000),
(1063, 16, 3, 1, '2013-04-23 14:00:00', '2013-04-23 21:20:00', 'phòng quạt', 1, 20000, 0, 0, 0, 40000),
(1064, 17, 3, 1, '2013-05-16 05:45:00', '2013-05-16 14:05:00', '', 1, 0, 0, 0, 0, 84000),
(1065, 3, 3, 1, '2013-05-16 10:00:00', '2013-05-16 18:00:00', '', 1, 0, 0, 0, 0, 134000),
(1066, 17, 3, 1, '2013-05-16 12:40:00', '2013-05-16 20:00:00', 'phòng quạt', 1, 20000, 0, 0, 0, 40000),
(1067, 27, 3, 1, '2013-05-16 14:35:00', '2013-05-17 08:00:00', 'giá ngày', 1, 0, 0, 40000, 0, 255000),
(1068, 26, 3, 1, '2013-05-16 14:00:00', '2013-05-17 07:00:00', '', 1, 0, 0, 0, 0, 260000),
(1069, 32, 3, 1, '2013-05-16 15:00:00', '2013-05-17 08:05:00', '', 1, 0, 0, 0, 0, 222000),
(1070, 29, 3, 1, '2013-04-26 14:35:00', '2013-04-26 21:45:00', '', 1, 0, 0, 0, 0, 40000),
(1072, 39, 3, 1, '2013-05-16 15:00:00', '2013-05-17 08:30:00', '', 1, 0, 0, 0, 0, 160000),
(1073, 3, 3, 1, '2013-05-16 15:10:00', '2013-05-16 22:30:00', 'phòng quạt', 1, 20000, 0, 0, 0, 40000),
(1074, 17, 3, 1, '2013-05-16 15:30:00', '2013-05-16 22:45:00', 'phòng quạt', 1, 20000, 0, 0, 0, 40000),
(1075, 16, 3, 1, '2013-05-16 16:25:00', '2013-05-16 23:40:00', 'phòng quạt', 1, 20000, 0, 0, 0, 40000),
(1076, 43, 3, 1, '2013-05-16 17:00:00', '2013-05-17 14:02:00', '', 1, 0, 0, 0, 0, 225000),
(1077, 28, 3, 1, '2013-05-16 17:15:00', '2013-05-17 00:35:00', 'phòng quạt', 1, 20000, 0, 0, 0, 40000),
(1081, 1, 4, 1, '2013-05-16 17:40:00', '2013-05-17 01:00:00', '', 0, 0, 0, 0, 0, 80000),
(1082, 4, 3, 1, '2013-05-16 17:45:00', '2013-05-17 01:50:00', 'phòng quạt', 1, 20000, 0, 0, 0, 65000),
(1083, 41, 3, 1, '2013-05-16 17:50:00', '2013-05-17 07:00:00', '', 1, 0, 0, 0, 0, 170000),
(1084, 16, 3, 1, '2013-05-16 22:45:00', '2013-05-17 06:00:00', 'phòng quạt', 1, 20000, 0, 0, 0, 40000),
(1085, 4, 3, 1, '2013-05-17 02:00:00', '2013-05-17 09:30:00', 'phòng quạt', 1, 20000, 0, 0, 0, 40000),
(1086, 3, 3, 1, '2013-05-17 02:45:00', '2013-05-17 10:15:00', 'phòng quạt', 1, 20000, 0, 0, 0, 40000),
(1087, 17, 3, 1, '2013-05-17 04:30:00', '2013-05-17 11:45:00', 'phòng quạt', 1, 20000, 0, 0, 0, 40000),
(1088, 4, 3, 1, '2013-05-17 04:45:00', '2013-05-17 14:45:00', 'phòng quạt', 1, 40000, 0, 0, 0, 80000),
(1089, 30, 3, 1, '2013-05-17 05:15:00', '2013-05-17 12:45:00', '', 1, 0, 0, 0, 0, 50000),
(1091, 17, 3, 1, '2013-05-17 09:00:00', '2013-05-17 16:15:00', 'phòng quạt', 1, 20000, 0, 0, 0, 40000),
(1093, 26, 3, 1, '2013-05-17 12:40:00', '2013-05-18 04:30:00', '', 1, 0, 0, 0, 0, 275000),
(1094, 17, 3, 1, '2013-05-17 13:05:00', '2013-05-17 21:45:00', '', 1, 0, 0, 0, 0, 112000),
(1095, 3, 3, 1, '2013-05-17 14:15:00', '2013-05-17 21:30:00', 'phòng quạt', 1, 20000, 0, 0, 0, 60000),
(1096, 16, 3, 1, '2013-05-17 14:15:00', '2013-05-17 21:30:00', 'phòng quạt', 1, 20000, 0, 0, 0, 40000),
(1097, 4, 3, 1, '2013-05-17 14:15:00', '2013-05-17 21:30:00', 'phòng quạt', 1, 20000, 0, 0, 0, 40000),
(1099, 29, 3, 1, '2013-05-17 15:20:00', '2013-05-18 06:00:00', '', 1, 0, 0, 0, 0, 120000),
(1100, 3, 3, 1, '2013-05-17 18:00:00', '2013-05-18 01:20:00', 'phòng quạt', 1, 20000, 0, 0, 0, 40000),
(1101, 16, 3, 1, '2013-05-17 18:00:00', '2013-05-18 01:20:00', 'phòng quạt', 1, 20000, 0, 0, 0, 40000),
(1102, 17, 3, 1, '2013-05-17 18:00:00', '2013-05-18 01:20:00', 'phòng quạt', 1, 20000, 0, 0, 0, 40000),
(1103, 28, 3, 1, '2013-05-17 18:00:00', '2013-05-18 01:25:00', 'phòng quạt', 1, 20000, 0, 0, 0, 40000),
(1107, 4, 3, 1, '2013-05-17 19:05:00', '2013-05-18 02:40:00', 'phòng quạt', 1, 20000, 0, 0, 0, 40000),
(1108, 17, 3, 1, '2013-05-17 19:05:00', '2013-05-18 02:40:00', 'phòng quạt', 1, 20000, 0, 0, 0, 40000),
(1109, 28, 3, 1, '2013-05-17 19:05:00', '2013-05-18 03:00:00', 'phòng quạt', 1, 20000, 0, 0, 0, 40000),
(1110, 3, 3, 1, '2013-05-17 19:30:00', '2013-05-18 02:45:00', 'phòng quạt', 1, 20000, 0, 0, 0, 40000),
(1111, 17, 3, 1, '2013-05-18 04:40:00', '2013-05-18 14:25:00', '', 1, 0, 0, 0, 0, 120000),
(1112, 16, 3, 1, '2013-05-18 06:30:00', '2013-05-18 15:25:00', '', 1, 0, 0, 0, 0, 102000),
(1113, 3, 3, 1, '2013-05-18 05:15:00', '2013-05-18 13:15:00', '', 1, 0, 0, 0, 0, 60000),
(1114, 3, 3, 1, '2013-05-18 07:00:00', '2013-05-18 15:20:00', '', 1, 0, 0, 0, 0, 60000),
(1115, 3, 3, 1, '2013-05-18 10:55:00', '2013-05-18 18:15:00', 'phòng quạt', 1, 20000, 0, 0, 0, 40000),
(1116, 17, 3, 1, '2013-05-18 11:00:00', '2013-05-18 19:00:00', 'phòng quạt', 1, 20000, 0, 0, 0, 40000),
(1117, 34, 3, 1, '2013-05-18 11:50:00', '2013-05-19 08:00:00', '', 1, 0, 0, 0, 0, 160000),
(1118, 16, 3, 1, '2013-05-18 13:35:00', '2013-05-18 21:00:00', 'phòng quạt', 1, 20000, 0, 0, 0, 40000),
(1119, 27, 3, 1, '2013-05-18 13:40:00', '2013-05-19 06:00:00', '', 1, 0, 0, 0, 0, 200000),
(1120, 30, 3, 1, '2013-05-18 13:50:00', '2013-05-18 21:10:00', '', 1, 0, 0, 0, 0, 40000),
(1121, 31, 3, 1, '2013-05-18 13:50:00', '2013-05-18 21:10:00', '', 1, 0, 0, 0, 0, 40000),
(1122, 28, 3, 1, '2013-05-18 13:55:00', '2013-05-18 21:35:00', 'phòng quạt', 1, 20000, 0, 0, 0, 40000),
(1123, 17, 3, 1, '2013-05-18 14:10:00', '2013-05-18 21:35:00', 'phòng quạt', 1, 20000, 0, 0, 0, 40000),
(1124, 3, 3, 1, '2013-05-18 15:00:00', '2013-05-18 22:20:00', 'phòng quạt', 1, 20000, 0, 0, 0, 40000),
(1125, 3, 3, 1, '2013-05-18 16:10:00', '2013-05-18 23:30:00', 'phòng quạt', 1, 20000, 0, 0, 0, 40000),
(1126, 16, 3, 1, '2013-05-18 14:15:00', '2013-05-18 21:35:00', 'phòng quạt', 1, 20000, 0, 0, 0, 40000),
(1127, 3, 3, 1, '2013-05-18 17:00:00', '2013-05-19 00:20:00', 'phòng quạt', 1, 20000, 0, 0, 0, 40000),
(1128, 4, 3, 1, '2013-05-18 17:15:00', '2013-05-19 00:30:00', 'phòng quạt', 1, 20000, 0, 0, 0, 40000),
(1129, 28, 3, 1, '2013-05-18 17:15:00', '2013-05-19 00:30:00', 'phòng quạt', 1, 20000, 0, 0, 0, 40000),
(1130, 29, 3, 1, '2013-05-18 17:45:00', '2013-05-19 08:00:00', '', 1, 0, 0, 0, 0, 120000),
(1131, 41, 3, 1, '2013-05-18 17:10:00', '2013-05-19 07:00:00', '', 1, 0, 0, 0, 0, 160000),
(1132, 36, 3, 1, '2013-05-18 17:10:00', '2013-05-19 05:40:00', '', 1, 0, 0, 0, 0, 160000),
(1133, 30, 3, 1, '2013-05-19 07:10:00', '2013-05-19 15:00:00', '', 1, 0, 0, 0, 0, 40000),
(1134, 34, 3, 1, '2013-05-19 07:10:00', '2013-05-19 15:00:00', '', 1, 0, 0, 0, 0, 40000),
(1135, 45, 3, 1, '2013-05-19 07:30:00', '2013-05-19 19:50:00', 'tiền trà đường', 1, 0, 0, 5000, 0, 165000),
(1136, 3, 3, 1, '2013-05-19 09:35:00', '2013-05-19 17:30:00', '', 1, 0, 0, 0, 0, 70000),
(1137, 41, 3, 1, '2013-05-19 10:45:00', '2013-05-19 18:40:00', '', 1, 0, 0, 0, 0, 70000),
(1138, 3, 3, 1, '2013-05-19 12:15:00', '2013-05-19 19:45:00', 'phòng quạt', 1, 20000, 0, 0, 0, 40000),
(1139, 3, 3, 1, '2013-05-19 13:00:00', '2013-05-19 20:30:00', 'phòng quạt', 1, 20000, 0, 0, 0, 40000),
(1140, 34, 3, 1, '2013-05-19 13:05:00', '2013-05-19 20:25:00', '', 1, 0, 0, 0, 0, 40000),
(1141, 3, 3, 1, '2013-05-19 13:30:00', '2013-05-19 21:00:00', 'phòng quạt', 1, 20000, 0, 0, 0, 40000),
(1142, 17, 3, 1, '2013-05-19 13:30:00', '2013-05-19 21:00:00', 'phòng quạt', 1, 20000, 0, 0, 0, 76000),
(1143, 16, 3, 1, '2013-05-19 13:30:00', '2013-05-19 21:00:00', 'phòng quạt', 1, 20000, 0, 0, 0, 40000),
(1144, 28, 3, 1, '2013-05-19 13:30:00', '2013-05-19 20:40:00', 'phòng quạt', 1, 20000, 0, 0, 0, 40000),
(1145, 3, 3, 1, '2013-05-19 16:35:00', '2013-05-20 00:00:00', 'phòng quạt', 1, 20000, 0, 0, 0, 40000),
(1146, 16, 3, 1, '2013-05-19 19:20:00', '2013-05-20 02:25:00', 'phòng quạt', 1, 20000, 0, 0, 0, 40000),
(1147, 17, 3, 1, '2013-05-19 19:20:00', '2013-05-20 02:35:00', 'phòng quạt', 1, 20000, 0, 0, 0, 40000),
(1148, 3, 3, 1, '2013-05-19 21:40:00', '2013-05-20 05:00:00', 'phòng quạt', 1, 20000, 0, 0, 0, 40000),
(1149, 16, 3, 1, '2013-05-19 22:15:00', '2013-05-20 05:30:00', 'phòng quạt', 1, 20000, 0, 0, 0, 40000),
(1150, 17, 3, 1, '2013-05-19 22:15:00', '2013-05-20 05:30:00', '', 1, 0, 0, 0, 0, 60000);

-- --------------------------------------------------------

--
-- Structure de la table `h3d_session_detail`
--

CREATE TABLE IF NOT EXISTS `h3d_session_detail` (
  `id` int(11) NOT NULL AUTO_INCREMENT,
  `idsession` int(11) NOT NULL,
  `idcourse` int(11) NOT NULL,
  `count` int(11) NOT NULL,
  `price` bigint(20) NOT NULL,
  PRIMARY KEY (`id`),
  KEY `idsession` (`idsession`),
  KEY `idcourse` (`idcourse`)
) ENGINE=InnoDB  DEFAULT CHARSET=utf8 COLLATE=utf8_unicode_ci AUTO_INCREMENT=695 ;

--
-- Contenu de la table `h3d_session_detail`
--

INSERT INTO `h3d_session_detail` (`id`, `idsession`, `idcourse`, `count`, `price`) VALUES
(298, 18, 126, 1, 8000),
(299, 33, 136, 1, 15000),
(300, 33, 56, 1, 15000),
(301, 33, 126, 2, 8000),
(302, 34, 115, 1, 30000),
(303, 40, 126, 1, 8000),
(304, 45, 56, 1, 15000),
(305, 50, 54, 1, 12000),
(306, 50, 126, 1, 8000),
(307, 56, 126, 1, 8000),
(308, 66, 126, 1, 8000),
(309, 70, 54, 1, 12000),
(310, 70, 136, 1, 15000),
(311, 70, 126, 1, 8000),
(312, 70, 56, 1, 15000),
(313, 70, 55, 1, 12000),
(314, 75, 56, 2, 15000),
(316, 77, 55, 1, 12000),
(317, 77, 53, 1, 12000),
(318, 77, 126, 1, 8000),
(319, 79, 126, 1, 8000),
(320, 82, 108, 2, 25000),
(321, 82, 53, 1, 12000),
(322, 82, 126, 1, 8000),
(323, 87, 55, 1, 12000),
(324, 89, 108, 1, 25000),
(325, 89, 126, 1, 8000),
(326, 93, 53, 2, 12000),
(327, 93, 15, 1, 25000),
(328, 94, 15, 1, 25000),
(329, 100, 126, 1, 8000),
(330, 106, 136, 1, 15000),
(331, 106, 127, 3, 12000),
(332, 121, 126, 1, 8000),
(333, 121, 136, 1, 15000),
(334, 129, 53, 2, 12000),
(335, 141, 126, 1, 8000),
(336, 143, 129, 2, 12000),
(337, 143, 126, 4, 8000),
(338, 143, 56, 1, 15000),
(339, 143, 55, 1, 12000),
(340, 143, 54, 1, 12000),
(341, 143, 15, 1, 25000),
(342, 148, 54, 1, 12000),
(343, 148, 56, 1, 15000),
(344, 149, 54, 1, 12000),
(345, 149, 126, 1, 8000),
(346, 151, 55, 1, 12000),
(347, 151, 54, 1, 12000),
(348, 162, 126, 1, 8000),
(349, 165, 15, 1, 25000),
(350, 165, 56, 1, 15000),
(351, 165, 136, 1, 15000),
(352, 165, 55, 1, 12000),
(353, 166, 53, 1, 12000),
(354, 166, 136, 1, 15000),
(355, 172, 126, 2, 8000),
(360, 186, 55, 1, 12000),
(361, 186, 126, 1, 8000),
(362, 186, 127, 1, 12000),
(363, 187, 54, 1, 12000),
(364, 187, 126, 1, 8000),
(365, 187, 53, 1, 12000),
(366, 187, 136, 1, 15000),
(367, 190, 108, 10, 20000),
(368, 190, 54, 1, 12000),
(369, 197, 53, 1, 12000),
(370, 197, 136, 1, 15000),
(371, 197, 126, 1, 8000),
(372, 197, 56, 1, 15000),
(373, 197, 129, 1, 12000),
(374, 197, 127, 1, 12000),
(375, 197, 15, 1, 25000),
(378, 212, 15, 1, 25000),
(379, 212, 53, 1, 12000),
(380, 213, 126, 1, 8000),
(381, 214, 55, 1, 12000),
(382, 214, 126, 1, 8000),
(383, 215, 55, 1, 12000),
(384, 215, 54, 1, 12000),
(385, 219, 126, 1, 10000),
(389, 233, 53, 1, 12000),
(391, 242, 15, 1, 25000),
(395, 249, 126, 1, 12000),
(396, 249, 55, 1, 12000),
(397, 257, 126, 1, 8000),
(399, 272, 54, 1, 12000),
(400, 272, 55, 1, 12000),
(401, 272, 56, 1, 15000),
(402, 278, 55, 1, 12000),
(403, 278, 127, 1, 12000),
(404, 279, 126, 1, 8000),
(405, 280, 126, 1, 8000),
(407, 283, 53, 1, 12000),
(410, 322, 116, 1, 25000),
(411, 328, 126, 2, 8000),
(412, 335, 116, 1, 25000),
(413, 350, 126, 1, 8000),
(414, 351, 126, 1, 8000),
(415, 352, 116, 1, 25000),
(416, 365, 131, 5, 2000),
(417, 365, 53, 1, 12000),
(418, 365, 126, 1, 8000),
(419, 371, 53, 1, 12000),
(420, 382, 55, 1, 15000),
(421, 382, 108, 1, 25000),
(430, 431, 126, 1, 8000),
(431, 431, 129, 1, 12000),
(432, 432, 126, 1, 8000),
(433, 432, 53, 1, 12000),
(434, 436, 126, 1, 8000),
(435, 437, 136, 1, 15000),
(436, 437, 55, 1, 12000),
(437, 438, 108, 2, 25000),
(438, 439, 136, 1, 15000),
(439, 440, 116, 1, 25000),
(440, 440, 136, 1, 15000),
(441, 441, 55, 1, 12000),
(442, 441, 54, 1, 12000),
(443, 449, 54, 2, 12000),
(444, 449, 53, 1, 12000),
(445, 449, 126, 1, 8000),
(446, 450, 126, 1, 8000),
(447, 452, 126, 1, 8000),
(448, 454, 126, 1, 8000),
(449, 462, 126, 1, 8000),
(450, 463, 55, 1, 12000),
(451, 469, 136, 1, 15000),
(452, 469, 56, 1, 15000),
(453, 469, 15, 1, 25000),
(454, 474, 126, 1, 8000),
(455, 476, 53, 2, 12000),
(456, 477, 108, 1, 25000),
(457, 477, 55, 1, 12000),
(458, 477, 126, 1, 8000),
(459, 488, 126, 1, 8000),
(464, 492, 55, 1, 12000),
(465, 492, 54, 1, 12000),
(466, 492, 126, 1, 8000),
(467, 493, 136, 1, 15000),
(468, 494, 126, 1, 8000),
(469, 512, 126, 1, 8000),
(470, 533, 55, 1, 12000),
(471, 533, 126, 1, 8000),
(472, 533, 15, 1, 25000),
(477, 535, 126, 1, 8000),
(478, 537, 126, 1, 8000),
(479, 491, 15, 1, 25000),
(480, 491, 53, 1, 12000),
(481, 551, 53, 1, 12000),
(482, 564, 126, 2, 10000),
(483, 565, 129, 1, 12000),
(484, 567, 54, 1, 12000),
(485, 567, 53, 1, 12000),
(486, 567, 55, 1, 12000),
(487, 569, 54, 1, 12000),
(488, 569, 126, 1, 8000),
(489, 569, 15, 1, 25000),
(490, 570, 55, 1, 12000),
(491, 570, 126, 1, 10000),
(492, 570, 53, 1, 12000),
(493, 571, 55, 1, 12000),
(497, 584, 116, 1, 25000),
(498, 596, 131, 4, 2000),
(499, 596, 108, 8, 25000),
(500, 596, 54, 1, 12000),
(501, 596, 136, 1, 15000),
(502, 596, 56, 1, 15000),
(503, 596, 126, 1, 8000),
(504, 596, 128, 1, 12000),
(505, 612, 15, 1, 25000),
(506, 633, 116, 1, 25000),
(507, 633, 131, 1, 2000),
(508, 633, 53, 1, 12000),
(509, 636, 56, 1, 15000),
(510, 642, 56, 1, 15000),
(511, 652, 126, 1, 8000),
(512, 659, 126, 1, 8000),
(513, 667, 126, 1, 8000),
(514, 669, 53, 1, 12000),
(515, 673, 126, 1, 8000),
(516, 673, 53, 1, 12000),
(517, 674, 126, 2, 8000),
(518, 678, 55, 1, 12000),
(519, 678, 126, 1, 10000),
(520, 679, 126, 1, 8000),
(521, 682, 108, 11, 25000),
(522, 682, 126, 1, 10000),
(523, 682, 56, 1, 15000),
(524, 686, 116, 1, 25000),
(525, 686, 54, 1, 12000),
(526, 686, 126, 1, 8000),
(527, 686, 53, 1, 12000),
(528, 687, 53, 1, 12000),
(529, 688, 126, 1, 10000),
(530, 688, 15, 1, 25000),
(531, 689, 56, 1, 15000),
(532, 692, 54, 2, 12000),
(533, 694, 126, 1, 8000),
(534, 699, 126, 1, 8000),
(535, 700, 126, 1, 8000),
(536, 702, 55, 3, 12000),
(537, 703, 126, 2, 10000),
(538, 704, 126, 1, 8000),
(539, 704, 53, 1, 12000),
(540, 704, 54, 1, 12000),
(541, 704, 56, 1, 15000),
(542, 704, 108, 1, 25000),
(543, 704, 129, 1, 12000),
(544, 704, 55, 1, 12000),
(545, 709, 15, 1, 25000),
(546, 709, 55, 1, 12000),
(547, 719, 54, 1, 12000),
(548, 721, 54, 1, 12000),
(549, 721, 55, 1, 12000),
(550, 729, 53, 1, 12000),
(551, 729, 126, 1, 10000),
(552, 734, 136, 1, 15000),
(553, 734, 126, 1, 10000),
(554, 738, 55, 1, 12000),
(555, 738, 126, 1, 10000),
(556, 745, 56, 1, 15000),
(557, 748, 136, 1, 15000),
(558, 749, 54, 1, 12000),
(559, 749, 126, 1, 8000),
(560, 779, 126, 1, 10000),
(561, 784, 15, 1, 25000),
(562, 786, 56, 1, 15000),
(563, 786, 55, 1, 12000),
(564, 786, 126, 1, 10000),
(565, 796, 126, 1, 10000),
(566, 796, 55, 1, 12000),
(567, 800, 15, 1, 25000),
(568, 811, 116, 1, 25000),
(569, 816, 136, 1, 15000),
(570, 816, 55, 1, 12000),
(571, 816, 54, 1, 12000),
(572, 816, 108, 1, 25000),
(573, 818, 126, 1, 8000),
(574, 827, 136, 4, 15000),
(575, 827, 53, 2, 12000),
(577, 828, 55, 1, 12000),
(578, 828, 53, 1, 12000),
(579, 828, 15, 1, 25000),
(580, 829, 136, 1, 15000),
(581, 829, 127, 1, 12000),
(582, 829, 15, 1, 25000),
(583, 830, 136, 1, 15000),
(584, 830, 53, 1, 12000),
(585, 830, 15, 1, 25000),
(586, 831, 15, 1, 25000),
(587, 831, 55, 1, 12000),
(588, 832, 56, 1, 15000),
(589, 804, 129, 1, 12000),
(590, 804, 56, 1, 15000),
(591, 804, 55, 1, 12000),
(592, 804, 54, 1, 12000),
(593, 844, 126, 1, 10000),
(594, 844, 53, 1, 12000),
(595, 846, 56, 1, 15000),
(596, 854, 126, 1, 10000),
(597, 855, 55, 1, 12000),
(598, 857, 126, 1, 8000),
(599, 861, 126, 1, 10000),
(600, 864, 54, 1, 12000),
(601, 864, 55, 1, 12000),
(602, 865, 126, 1, 10000),
(603, 868, 126, 1, 10000),
(604, 872, 55, 1, 12000),
(606, 880, 116, 1, 25000),
(607, 897, 54, 1, 12000),
(608, 903, 128, 1, 12000),
(609, 906, 126, 1, 10000),
(610, 908, 55, 1, 12000),
(611, 911, 126, 1, 10000),
(612, 911, 54, 1, 12000),
(613, 914, 126, 2, 10000),
(614, 917, 55, 1, 12000),
(615, 918, 126, 1, 10000),
(616, 924, 53, 1, 12000),
(617, 929, 53, 1, 12000),
(618, 935, 53, 2, 12000),
(619, 923, 53, 2, 12000),
(620, 944, 54, 1, 12000),
(621, 944, 136, 1, 15000),
(622, 948, 54, 1, 12000),
(623, 948, 126, 1, 10000),
(624, 949, 54, 2, 12000),
(625, 956, 56, 1, 15000),
(626, 960, 53, 1, 12000),
(627, 960, 55, 1, 12000),
(628, 962, 136, 1, 15000),
(629, 963, 53, 1, 12000),
(630, 965, 54, 0, 10000),
(631, 965, 126, 1, 10000),
(632, 965, 53, 1, 12000),
(633, 965, 127, 1, 12000),
(634, 966, 126, 1, 8000),
(635, 970, 126, 1, 12000),
(638, 982, 56, 2, 15000),
(639, 996, 15, 1, 25000),
(640, 996, 55, 1, 12000),
(641, 996, 54, 1, 12000),
(642, 1015, 54, 1, 12000),
(643, 1015, 15, 1, 25000),
(644, 1022, 108, 1, 25000),
(645, 1022, 55, 1, 12000),
(646, 1022, 54, 1, 12000),
(647, 1023, 126, 1, 10000),
(648, 1024, 126, 1, 10000),
(649, 1031, 55, 1, 12000),
(650, 1031, 56, 1, 15000),
(651, 1031, 108, 2, 25000),
(653, 1033, 56, 1, 15000),
(654, 1034, 56, 1, 15000),
(655, 1035, 55, 1, 12000),
(656, 1035, 56, 1, 15000),
(657, 1035, 108, 7, 25000),
(658, 1036, 127, 1, 12000),
(659, 1038, 54, 1, 12000),
(660, 1039, 54, 1, 12000),
(661, 1045, 15, 1, 25000),
(662, 1047, 126, 1, 10000),
(663, 1047, 55, 2, 12000),
(664, 1047, 54, 1, 12000),
(665, 1050, 15, 1, 25000),
(672, 1059, 54, 1, 12000),
(673, 1059, 55, 1, 12000),
(674, 1059, 136, 1, 15000),
(675, 1062, 126, 1, 8000),
(676, 1064, 54, 2, 12000),
(677, 1065, 54, 2, 12000),
(678, 1065, 116, 2, 25000),
(679, 1067, 56, 1, 15000),
(680, 1068, 126, 1, 10000),
(681, 1069, 55, 1, 12000),
(682, 1076, 126, 1, 10000),
(683, 1076, 56, 1, 15000),
(684, 1082, 116, 1, 25000),
(685, 1083, 126, 1, 10000),
(686, 1089, 126, 1, 10000),
(687, 1093, 15, 1, 25000),
(688, 1094, 55, 1, 12000),
(689, 1094, 126, 1, 10000),
(690, 1095, 126, 2, 10000),
(691, 1112, 53, 1, 12000),
(692, 1136, 126, 1, 10000),
(693, 1137, 126, 1, 10000),
(694, 1142, 53, 3, 12000);

-- --------------------------------------------------------

--
-- Structure de la table `h3d_supplier`
--

CREATE TABLE IF NOT EXISTS `h3d_supplier` (
  `id` int(9) NOT NULL AUTO_INCREMENT,
  `name` varchar(100) COLLATE utf8_unicode_ci NOT NULL,
  `phone` varchar(15) COLLATE utf8_unicode_ci NOT NULL,
  `address` varchar(200) COLLATE utf8_unicode_ci NOT NULL,
  `note` varchar(100) COLLATE utf8_unicode_ci NOT NULL,
  `debt` bigint(20) NOT NULL,
  PRIMARY KEY (`id`)
) ENGINE=InnoDB  DEFAULT CHARSET=utf8 COLLATE=utf8_unicode_ci AUTO_INCREMENT=10 ;

--
-- Contenu de la table `h3d_supplier`
--

INSERT INTO `h3d_supplier` (`id`, `name`, `phone`, `address`, `note`, `debt`) VALUES
(1, 'Đại lý nước đá', '0703456456', 'Phường 4', 'Cung cấp nước đá', 0),
(6, 'Coop Mart', '070', 'Vĩnh Long', 'Cung cấp mọi thứ', 0),
(8, 'Nhà PP Đoan Trang', '0703 822 227 - ', '64/6N Trần Phú P4 TP Vĩnh Long', '', 0),
(9, 'KHÁC', '', '', '', 0);

-- --------------------------------------------------------

--
-- Structure de la table `h3d_table`
--

CREATE TABLE IF NOT EXISTS `h3d_table` (
  `id` int(11) NOT NULL AUTO_INCREMENT,
  `iddomain` int(11) NOT NULL,
  `name` varchar(200) COLLATE utf8_unicode_ci NOT NULL,
  `iduser` int(11) DEFAULT NULL,
  `type` varchar(200) COLLATE utf8_unicode_ci DEFAULT NULL,
  PRIMARY KEY (`id`),
  KEY `iddomain` (`iddomain`)
) ENGINE=InnoDB  DEFAULT CHARSET=utf8 COLLATE=utf8_unicode_ci AUTO_INCREMENT=48 ;

--
-- Contenu de la table `h3d_table`
--

INSERT INTO `h3d_table` (`id`, `iddomain`, `name`, `iduser`, `type`) VALUES
(1, 1, 'Phòng 01', 0, '1'),
(2, 1, 'Phòng 03', 0, '1'),
(3, 1, 'Phòng 05', 0, '1'),
(4, 1, 'Phòng 07', 0, '1'),
(14, 2, 'Phòng 02', 0, '1'),
(15, 2, 'Phòng 04', 0, '1'),
(16, 2, 'Phòng 06', 0, '1'),
(17, 2, 'Phòng 08', 0, '1'),
(26, 3, 'Phòng 18', 0, '2'),
(27, 3, 'Phòng 19', 0, '1'),
(28, 1, 'Phòng 09', 1, '1'),
(29, 1, 'Phòng 11', 1, '3'),
(30, 1, 'Phòng 13', 1, '3'),
(31, 1, 'Phòng 15', 1, '3'),
(32, 2, 'Phòng 10', 1, '2'),
(33, 2, 'Phòng 12', 1, '3'),
(34, 2, 'Phòng 14', 1, '3'),
(35, 2, 'Phòng 16', 1, '3'),
(36, 3, 'Phòng 21', 1, '1'),
(37, 3, 'Phòng 23', 1, '1'),
(38, 3, 'Phòng 25', 1, '1'),
(39, 3, 'Phòng 27', 1, '1'),
(40, 3, 'Phòng 29', 1, '1'),
(41, 4, 'Phòng 20', 1, '1'),
(42, 4, 'Phòng 22', 1, '1'),
(43, 4, 'Phòng 24', 1, '1'),
(44, 4, 'Phòng 26', 1, '1'),
(45, 4, 'Phòng 28', 1, '1'),
(46, 4, 'Phòng 30', 1, '1'),
(47, 3, 'Phòng 17', 1, '2');

-- --------------------------------------------------------

--
-- Structure de la table `h3d_term`
--

CREATE TABLE IF NOT EXISTS `h3d_term` (
  `id` int(11) NOT NULL AUTO_INCREMENT,
  `name` varchar(200) COLLATE utf8_unicode_ci NOT NULL,
  `type` int(11) NOT NULL,
  PRIMARY KEY (`id`)
) ENGINE=InnoDB  DEFAULT CHARSET=utf8 COLLATE=utf8_unicode_ci AUTO_INCREMENT=6 ;

--
-- Contenu de la table `h3d_term`
--

INSERT INTO `h3d_term` (`id`, `name`, `type`) VALUES
(1, 'Tiền điện', 0),
(2, 'Tiền nước', 0),
(3, 'Tiền thuế', 0),
(4, 'CP Khác', 1),
(5, 'Lương Nhân Viên', 0);

-- --------------------------------------------------------

--
-- Structure de la table `h3d_term_collect`
--

CREATE TABLE IF NOT EXISTS `h3d_term_collect` (
  `id` int(11) NOT NULL AUTO_INCREMENT,
  `name` varchar(200) COLLATE utf8_unicode_ci NOT NULL,
  PRIMARY KEY (`id`)
) ENGINE=InnoDB  DEFAULT CHARSET=utf8 COLLATE=utf8_unicode_ci AUTO_INCREMENT=3 ;

--
-- Contenu de la table `h3d_term_collect`
--

INSERT INTO `h3d_term_collect` (`id`, `name`) VALUES
(1, 'Thu 1'),
(2, 'Thu 2');

-- --------------------------------------------------------

--
-- Structure de la table `h3d_tracking`
--

CREATE TABLE IF NOT EXISTS `h3d_tracking` (
  `id` int(11) NOT NULL AUTO_INCREMENT,
  `date_start` date NOT NULL,
  `date_end` date NOT NULL,
  PRIMARY KEY (`id`)
) ENGINE=InnoDB  DEFAULT CHARSET=utf8 COLLATE=utf8_unicode_ci AUTO_INCREMENT=6 ;

--
-- Contenu de la table `h3d_tracking`
--

INSERT INTO `h3d_tracking` (`id`, `date_start`, `date_end`) VALUES
(1, '2013-01-01', '2013-01-31'),
(2, '2013-02-01', '2013-02-28'),
(3, '2013-03-01', '2013-03-31'),
(4, '2013-04-01', '2013-04-30'),
(5, '2013-05-01', '2013-05-31');

-- --------------------------------------------------------

--
-- Structure de la table `h3d_type_room`
--

CREATE TABLE IF NOT EXISTS `h3d_type_room` (
  `id` int(11) NOT NULL AUTO_INCREMENT,
  `name` varchar(50) COLLATE utf8_unicode_ci NOT NULL,
  PRIMARY KEY (`id`)
) ENGINE=InnoDB  DEFAULT CHARSET=utf8 COLLATE=utf8_unicode_ci AUTO_INCREMENT=4 ;

--
-- Contenu de la table `h3d_type_room`
--

INSERT INTO `h3d_type_room` (`id`, `name`) VALUES
(1, 'Đơn máy lạnh'),
(2, 'Đôi máy lạnh'),
(3, 'Đơn quạt');

-- --------------------------------------------------------

--
-- Structure de la table `h3d_unit`
--

CREATE TABLE IF NOT EXISTS `h3d_unit` (
  `id` int(25) NOT NULL AUTO_INCREMENT,
  `name` varchar(200) COLLATE utf8_unicode_ci DEFAULT NULL,
  PRIMARY KEY (`id`)
) ENGINE=InnoDB  DEFAULT CHARSET=utf8 COLLATE=utf8_unicode_ci AUTO_INCREMENT=17 ;

--
-- Contenu de la table `h3d_unit`
--

INSERT INTO `h3d_unit` (`id`, `name`) VALUES
(1, 'Ly'),
(3, 'Chai'),
(4, 'Lon'),
(9, 'Bịch'),
(10, 'Gói'),
(11, 'Cái'),
(12, 'Cây'),
(16, 'Tô');

-- --------------------------------------------------------

--
-- Structure de la table `h3d_user`
--

CREATE TABLE IF NOT EXISTS `h3d_user` (
  `id` int(11) NOT NULL AUTO_INCREMENT,
  `name` varchar(50) COLLATE utf8_unicode_ci NOT NULL,
  `email` varchar(200) COLLATE utf8_unicode_ci DEFAULT NULL,
  `pass` varchar(256) COLLATE utf8_unicode_ci DEFAULT NULL,
  `pass2` varchar(256) COLLATE utf8_unicode_ci NOT NULL,
  `gender` int(11) NOT NULL,
  `note` varchar(200) COLLATE utf8_unicode_ci DEFAULT NULL,
  `datecreate` timestamp NOT NULL DEFAULT CURRENT_TIMESTAMP,
  `dateupdate` timestamp NOT NULL DEFAULT '0000-00-00 00:00:00',
  `dateactivity` timestamp NOT NULL DEFAULT '0000-00-00 00:00:00',
  `type` tinyint(4) NOT NULL,
  `code` varchar(13) COLLATE utf8_unicode_ci NOT NULL,
  PRIMARY KEY (`id`)
) ENGINE=InnoDB  DEFAULT CHARSET=utf8 COLLATE=utf8_unicode_ci AUTO_INCREMENT=10 ;

--
-- Contenu de la table `h3d_user`
--

INSERT INTO `h3d_user` (`id`, `name`, `email`, `pass`, `pass2`, `gender`, `note`, `datecreate`, `dateupdate`, `dateactivity`, `type`, `code`) VALUES
(1, '', 'tuanbuithanh@gmail.com', 'WHa3/wsMpuVHlDy+Y8Zb+EDkccANR4eKdzU9/dqLRUc=', '', 1, ' ', '0000-00-00 00:00:00', '0000-00-00 00:00:00', '0000-00-00 00:00:00', 4, ''),
(2, '', 'chaunguyen.bdc@gmail.com', 'WHa3/wsMpuVHlDy+Y8Zb+EDkccANR4eKdzU9/dqLRUc=', '', 1, '', '0000-00-00 00:00:00', '0000-00-00 00:00:00', '0000-00-00 00:00:00', 1, ''),
(3, 'Phan Lê Hữu Phúc', 'phucphan.bdc@gmail.com', '2vzWwPC5YMAC7hCBFPvLnSMQ2kYm09i51mY00I8C8Cc=', 'StfvX8imOngLwC6S7cGFciW8Q4Vk8HCwJhGxQhGXaNbb9fPbt7CzDY2E/WZU5BT/TS+SfqLG1wl0IS3wgonH7A==', 0, ' ', '0000-00-00 00:00:00', '0000-00-00 00:00:00', '0000-00-00 00:00:00', 2, '123456789'),
(4, 'Lê Nguyễn Đông Khoa', 'lekhoa.bdc@gmail.com', '4aIQRD5DnZ6ldCCLQW5ZSbTm1IJXdcBpP1etD4skjtE=', 'StfvX8imOngLwC6S7cGFciW8Q4Vk8HCwJhGxQhGXaNbb9fPbt7CzDY2E/WZU5BT/TS+SfqLG1wl0IS3wgonH7A==', 0, '', '2013-04-10 14:44:29', '0000-00-00 00:00:00', '0000-00-00 00:00:00', 4, '123456789'),
(5, 'Phan Xuân Mai', 'maiphan.bdc@gmail.com', 'WHa3/wsMpuVHlDy+Y8Zb+EDkccANR4eKdzU9/dqLRUc=', 'WHa3/wsMpuVHlDy+Y8Zb+EDkccANR4eKdzU9/dqLRUc=', 1, '', '2013-04-10 14:45:50', '0000-00-00 00:00:00', '0000-00-00 00:00:00', 2, '123456789'),
(6, 'Đoàn Thị Dung', 'dungdoan.bdc@gmail.com', 'dung1234', '', 1, '', '2013-05-16 12:02:46', '2013-05-16 12:02:46', '2013-05-16 12:02:46', 1, '123456789'),
(9, 'Đỗ Lê Trúc Giang', 'giangdo.bdc@gmail.com', '/lb0G5kCmLDw0zTYuW2SBwBVlIwsPCAnrQEtEh2wqmg=', '', 1, '', '2013-05-19 05:06:44', '2013-05-19 05:06:44', '2013-05-19 05:06:44', 1, '123456789');

-- --------------------------------------------------------

--
-- Structure de la table `k3d_app`
--

CREATE TABLE IF NOT EXISTS `k3d_app` (
  `id` int(11) NOT NULL AUTO_INCREMENT,
  `name` varchar(50) COLLATE utf8_unicode_ci NOT NULL,
  `phone` varchar(15) COLLATE utf8_unicode_ci NOT NULL,
  `address` varchar(125) COLLATE utf8_unicode_ci NOT NULL,
  `email` varchar(50) CHARACTER SET utf8 NOT NULL,
  `banner` varchar(125) CHARACTER SET utf8 NOT NULL,
  `prefix` varchar(50) CHARACTER SET utf8 NOT NULL,
  `alias` varchar(256) CHARACTER SET utf8 NOT NULL,
  `date_created` timestamp NOT NULL DEFAULT CURRENT_TIMESTAMP,
  `date_modified` timestamp NOT NULL DEFAULT '0000-00-00 00:00:00',
  `date_activity` timestamp NOT NULL DEFAULT '0000-00-00 00:00:00',
  `type` tinyint(4) NOT NULL,
  `page_view` bigint(20) NOT NULL,
  PRIMARY KEY (`id`)
) ENGINE=InnoDB  DEFAULT CHARSET=utf8 COLLATE=utf8_unicode_ci AUTO_INCREMENT=2 ;

--
-- Contenu de la table `k3d_app`
--

INSERT INTO `k3d_app` (`id`, `name`, `phone`, `address`, `email`, `banner`, `prefix`, `alias`, `date_created`, `date_modified`, `date_activity`, `type`, `page_view`) VALUES
(1, 'Karaoke Ba Đức', '0945 03 07 09', 'Phó Cơ Điều P3 - TPVL', '', 'data/images/banner/logo.png', 'k3d_', 'k3d_', '2012-06-30 10:00:00', '0000-00-00 00:00:00', '2012-12-26 00:28:02', 0, 0);

-- --------------------------------------------------------

--
-- Structure de la table `k3d_category`
--

CREATE TABLE IF NOT EXISTS `k3d_category` (
  `id` int(25) NOT NULL AUTO_INCREMENT,
  `name` varchar(200) COLLATE utf8_unicode_ci DEFAULT NULL,
  `picture` binary(255) DEFAULT NULL,
  PRIMARY KEY (`id`)
) ENGINE=InnoDB  DEFAULT CHARSET=utf8 COLLATE=utf8_unicode_ci AUTO_INCREMENT=13 ;

--
-- Contenu de la table `k3d_category`
--

INSERT INTO `k3d_category` (`id`, `name`, `picture`) VALUES
(3, 'BEER', NULL),
(8, 'NƯỚC GIẢI KHÁT', NULL),
(11, 'THUỐC HÚT', NULL),
(12, 'THỨC ĂN', NULL);

-- --------------------------------------------------------

--
-- Structure de la table `k3d_collect_customer`
--

CREATE TABLE IF NOT EXISTS `k3d_collect_customer` (
  `id` int(11) NOT NULL AUTO_INCREMENT,
  `idcustomer` int(11) NOT NULL,
  `date` date NOT NULL,
  `value` int(11) NOT NULL,
  `note` varchar(50) COLLATE utf8_unicode_ci DEFAULT NULL,
  PRIMARY KEY (`id`),
  KEY `k3d_customer_collect_1` (`idcustomer`)
) ENGINE=InnoDB  DEFAULT CHARSET=utf8 COLLATE=utf8_unicode_ci AUTO_INCREMENT=4 ;

--
-- Contenu de la table `k3d_collect_customer`
--

INSERT INTO `k3d_collect_customer` (`id`, `idcustomer`, `date`, `value`, `note`) VALUES
(2, 15, '2013-05-18', 1000001, 'Trả lần 1, lẻ 1 đồng'),
(3, 17, '2013-05-01', 2087000, 'thanh toán nợ cũ');

-- --------------------------------------------------------

--
-- Structure de la table `k3d_collect_general`
--

CREATE TABLE IF NOT EXISTS `k3d_collect_general` (
  `id` int(11) NOT NULL AUTO_INCREMENT,
  `id_term` int(11) NOT NULL,
  `date` date NOT NULL,
  `value` int(11) NOT NULL,
  `note` varchar(50) COLLATE utf8_unicode_ci DEFAULT NULL,
  PRIMARY KEY (`id`),
  KEY `k3d_collect_1` (`id_term`)
) ENGINE=InnoDB  DEFAULT CHARSET=utf8 COLLATE=utf8_unicode_ci AUTO_INCREMENT=6 ;

--
-- Contenu de la table `k3d_collect_general`
--

INSERT INTO `k3d_collect_general` (`id`, `id_term`, `date`, `value`, `note`) VALUES
(5, 2, '2013-05-18', 10, 'd');

-- --------------------------------------------------------

--
-- Structure de la table `k3d_config`
--

CREATE TABLE IF NOT EXISTS `k3d_config` (
  `id` int(11) NOT NULL AUTO_INCREMENT,
  `param` varchar(125) COLLATE utf8_unicode_ci NOT NULL,
  `value` varchar(256) COLLATE utf8_unicode_ci NOT NULL,
  PRIMARY KEY (`id`)
) ENGINE=InnoDB  DEFAULT CHARSET=utf8 COLLATE=utf8_unicode_ci AUTO_INCREMENT=6 ;

--
-- Contenu de la table `k3d_config`
--

INSERT INTO `k3d_config` (`id`, `param`, `value`) VALUES
(1, 'PRICE_HOUR_NORMAL_1', '70000'),
(2, 'PRICE_HOUR_NORMAL_2', '90000'),
(3, 'PRICE_HOUR_VIP_1', '80000'),
(4, 'PRICE_HOUR_VIP_2', '100000'),
(5, 'DISCOUNT', '0');

-- --------------------------------------------------------

--
-- Structure de la table `k3d_course`
--

CREATE TABLE IF NOT EXISTS `k3d_course` (
  `id` int(11) NOT NULL AUTO_INCREMENT,
  `idcategory` int(25) DEFAULT NULL,
  `name` varchar(200) COLLATE utf8_unicode_ci NOT NULL,
  `shortname` varchar(200) COLLATE utf8_unicode_ci DEFAULT NULL,
  `unit` varchar(200) COLLATE utf8_unicode_ci DEFAULT NULL,
  `price1` bigint(20) NOT NULL,
  `price2` bigint(20) NOT NULL,
  `price3` bigint(20) NOT NULL,
  `price4` bigint(20) NOT NULL,
  `picture` varchar(50) COLLATE utf8_unicode_ci DEFAULT NULL,
  PRIMARY KEY (`id`),
  KEY `foreign_field` (`idcategory`)
) ENGINE=InnoDB  DEFAULT CHARSET=utf8 COLLATE=utf8_unicode_ci AUTO_INCREMENT=148 ;

--
-- Contenu de la table `k3d_course`
--

INSERT INTO `k3d_course` (`id`, `idcategory`, `name`, `shortname`, `unit`, `price1`, `price2`, `price3`, `price4`, `picture`) VALUES
(15, 11, 'Thuốc hút', 'Thuốc hút', 'Gói', 25000, 0, 0, 0, NULL),
(53, 8, 'Trà Xanh', 'Trà Xanh', 'Chai', 15000, 0, 0, 0, NULL),
(54, 8, 'C2', 'C2', 'Chai', 15000, 0, 0, 0, NULL),
(55, 8, 'Dr Thanh', 'Dr Thanh', 'Chai', 15000, 0, 0, 0, NULL),
(56, 8, 'Nước Yến', 'Nước Yến', 'Lon', 15000, 0, 0, 0, NULL),
(107, 3, 'Heniken', 'Heniken', 'Chai', 18000, 0, 0, 0, ''),
(108, 3, 'Heniken', 'Heniken', 'Lon', 20000, 0, 0, 0, ''),
(110, 12, 'Trái Cây', 'Trái Cây', 'Dĩa', 50000, 0, 0, 0, ''),
(111, 3, 'Sài Gòn đỏ', 'Sài Gòn đỏ', 'Chai', 12000, 0, 0, 0, ''),
(112, 3, 'Sài Gòn XK', 'Sài Gòn XK', 'Chai', 15000, 0, 0, 0, ''),
(113, 3, 'Sài Gòn XK', 'Sài Gòn XK', 'Lon', 17000, 0, 0, 0, ''),
(114, 3, 'Bia 333', 'Bia 333', 'Lon', 16000, 0, 0, 0, ''),
(115, 11, 'Thuốc 555', 'Thuốc 555', 'Gói', 30000, 0, 0, 0, ''),
(116, 11, 'Thuốc Craven', 'Thuốc Craven', 'Gói', 25000, 0, 0, 0, ''),
(117, 12, 'Oshi', 'Oshi', 'Gói', 10000, 0, 0, 0, ''),
(118, 12, 'Chả Giò', 'Chả Giò', 'Gói', 15000, 0, 0, 0, ''),
(119, 12, 'Khô Bò', 'Khô Bò', 'Gói', 30000, 0, 0, 0, ''),
(120, 12, 'Mít sấy', 'Mít sấy', 'Gói', 30000, 0, 0, 0, ''),
(121, 12, 'Xúc Xích', 'Xúc Xích', 'Gói', 30000, 0, 0, 0, ''),
(122, 12, 'Chewing Gum', 'Chewing Gum', 'Cây', 6000, 0, 0, 0, ''),
(123, 12, 'Đậu Phộng chiên', 'Đậu Phộng chiên', 'Gói', 10000, 0, 0, 0, ''),
(124, 12, 'Đậu Phộng sấy', 'Đậu Phộng sấy', 'Gói', 10000, 0, 0, 0, ''),
(125, 12, 'Đậu Phộng', 'Đậu Phộng', 'Gói', 7000, 0, 0, 0, ''),
(126, 8, 'Lavie', 'Lavie', 'Chai', 10000, 0, 0, 0, ''),
(127, 8, 'Pepsi', 'Pepsi', 'Lon', 15000, 0, 0, 0, ''),
(128, 8, '7 Up', '7 Up', 'Lon', 15000, 0, 0, 0, ''),
(129, 8, 'Cam', 'Cam', 'Lon', 15000, 0, 0, 0, ''),
(131, 12, 'Khăn Lạnh', 'Khăn Lạnh', 'Cái', 2000, 0, 0, 0, ''),
(132, 12, 'Quẹt gas', 'Quẹt gas', 'Cái', 4000, 0, 0, 0, ''),
(134, 12, 'Khô Mực', 'Khô Mực', 'Con', 50000, 0, 0, 0, ''),
(135, 12, 'Chả Lụa', 'Chả Lụa', 'Dĩa', 50000, 0, 0, 0, ''),
(136, 8, 'Red_Bull', 'Red_Bull', 'Lon', 15000, 0, 0, 0, ''),
(137, 3, 'Tiger', 'Tiger', 'Chai', 14000, 0, 0, 0, ''),
(138, 3, 'Tiger Bạc', 'Tiger Bạc', 'Chai', 15000, 0, 0, 0, ''),
(139, 12, 'Đậu Nành rang', 'Đậu Nành rang', 'Gói', 10000, 0, 0, 0, ''),
(140, 3, 'Tiger', 'Tiger', 'Lon', 19000, 0, 0, 0, ''),
(141, 12, 'Cơm Cháy', 'Cơm Cháy', 'Bịch', 17000, 0, 0, 0, ''),
(142, 12, 'Cá Cơm', 'Cá Cơm', 'Gói', 12000, 0, 0, 0, ''),
(143, 8, 'Sting', 'Sting', 'Chai', 15000, 0, 0, 0, ''),
(144, 12, 'Khô_Mực', 'Khô_Mực', 'Con', 60000, 0, 0, 0, ''),
(145, 12, 'Chà giò rế', 'Chà giò rế', 'Dĩa', 60000, 0, 0, 0, ''),
(146, 12, 'Nhái chiên giòn', 'Nhái', 'Dĩa', 60000, 0, 0, 0, ''),
(147, 12, 'Đậu Nành sấy', 'Đậu nành sấy', 'Gói', 12000, 0, 0, 0, '');

-- --------------------------------------------------------

--
-- Structure de la table `k3d_customer`
--

CREATE TABLE IF NOT EXISTS `k3d_customer` (
  `id` int(9) NOT NULL AUTO_INCREMENT,
  `name` varchar(100) COLLATE utf8_unicode_ci NOT NULL,
  `type` int(11) NOT NULL,
  `card` varchar(15) COLLATE utf8_unicode_ci NOT NULL,
  `phone` varchar(15) COLLATE utf8_unicode_ci NOT NULL,
  `address` varchar(200) COLLATE utf8_unicode_ci NOT NULL,
  `note` varchar(100) COLLATE utf8_unicode_ci NOT NULL,
  `discount` int(11) NOT NULL,
  PRIMARY KEY (`id`)
) ENGINE=InnoDB  DEFAULT CHARSET=utf8 COLLATE=utf8_unicode_ci AUTO_INCREMENT=19 ;

--
-- Contenu de la table `k3d_customer`
--

INSERT INTO `k3d_customer` (`id`, `name`, `type`, `card`, `phone`, `address`, `note`, `discount`) VALUES
(1, 'Khách Hàng Vãng Lai', 0, '893970784300', '0945030709', '', '', 0),
(12, 'Lê Hồng Đức', 1, '893970784301', '0918585203', 'Cty TNHH MTV Ba Đức Vĩnh Long', 'Giám Đốc', 0),
(13, 'Nguyễn Quang Minh', 0, '893970784302', '', '', '', 0),
(14, 'Phan Thanh Phong', 0, '893970784303', '', '', 'Toàn', 0),
(15, 'Phạm Minh Tuấn Anh', 0, '893970784304', '', 'Vĩnh Long', 'Kế Toán', 0),
(16, 'Lê Nguyễn Đông Khoa', 1, '893970784305', '0945030709', 'Cty TNHH MTV Ba Đức Vĩnh Long', 'P. GĐ', 0),
(17, 'Lê Thành Tâm', 0, '893970784306', '', '', '', 0),
(18, 'Cường Cầu Đôi', 0, '893970784307', '', 'Cầu Đôi', '', 0);

-- --------------------------------------------------------

--
-- Structure de la table `k3d_domain`
--

CREATE TABLE IF NOT EXISTS `k3d_domain` (
  `id` int(11) NOT NULL AUTO_INCREMENT,
  `name` varchar(200) COLLATE utf8_unicode_ci NOT NULL,
  PRIMARY KEY (`id`)
) ENGINE=InnoDB  DEFAULT CHARSET=utf8 COLLATE=utf8_unicode_ci AUTO_INCREMENT=4 ;

--
-- Contenu de la table `k3d_domain`
--

INSERT INTO `k3d_domain` (`id`, `name`) VALUES
(1, 'KHU A'),
(2, 'KHU B'),
(3, 'KHU VIP');

-- --------------------------------------------------------

--
-- Structure de la table `k3d_employee`
--

CREATE TABLE IF NOT EXISTS `k3d_employee` (
  `id` int(11) NOT NULL AUTO_INCREMENT,
  `name` varchar(25) COLLATE utf8_unicode_ci NOT NULL,
  `gender` tinyint(2) NOT NULL,
  `phone` varchar(13) COLLATE utf8_unicode_ci NOT NULL,
  `address` varchar(50) COLLATE utf8_unicode_ci NOT NULL,
  PRIMARY KEY (`id`)
) ENGINE=InnoDB  DEFAULT CHARSET=utf8 COLLATE=utf8_unicode_ci AUTO_INCREMENT=3 ;

--
-- Contenu de la table `k3d_employee`
--

INSERT INTO `k3d_employee` (`id`, `name`, `gender`, `phone`, `address`) VALUES
(1, 'Phan Xuân Mai', 1, '0946 915 700', 'Cao Lãnh - Đồng Tháp'),
(2, 'Phan Lê Hữu Phúc', 0, '0986 468 896', 'Cao Lãnh, Đồng Tháp');

-- --------------------------------------------------------

--
-- Structure de la table `k3d_order_import`
--

CREATE TABLE IF NOT EXISTS `k3d_order_import` (
  `id` int(11) NOT NULL AUTO_INCREMENT,
  `idsupplier` int(11) NOT NULL,
  `date` date NOT NULL,
  `description` varchar(50) CHARACTER SET utf8 NOT NULL,
  PRIMARY KEY (`id`),
  KEY `k3d_order_import_1` (`idsupplier`)
) ENGINE=InnoDB  DEFAULT CHARSET=utf8 COLLATE=utf8_unicode_ci AUTO_INCREMENT=124 ;

--
-- Contenu de la table `k3d_order_import`
--

INSERT INTO `k3d_order_import` (`id`, `idsupplier`, `date`, `description`) VALUES
(7, 9, '2013-04-07', ''),
(10, 12, '2013-04-01', ''),
(11, 12, '2013-04-02', ''),
(12, 12, '2013-04-04', ''),
(13, 12, '2013-04-05', ''),
(14, 12, '2013-04-07', ''),
(15, 12, '2013-04-08', ''),
(16, 12, '2013-04-09', ''),
(18, 9, '2013-04-05', ''),
(19, 9, '2013-04-09', ''),
(20, 1, '2013-04-10', ''),
(21, 8, '2013-04-11', ''),
(22, 12, '2013-04-11', ''),
(23, 1, '2013-04-12', ''),
(24, 9, '2013-04-12', ''),
(25, 12, '2013-04-12', ''),
(28, 1, '2013-04-13', ''),
(29, 12, '2013-04-13', ''),
(30, 6, '2013-04-13', ''),
(31, 8, '2013-04-13', ''),
(32, 8, '2013-04-02', ''),
(33, 6, '2013-04-02', ''),
(35, 6, '2013-04-06', ''),
(36, 6, '2013-04-07', ''),
(37, 6, '2013-04-12', ''),
(38, 6, '2013-04-14', ''),
(39, 12, '2013-04-14', ''),
(40, 1, '2013-04-15', ''),
(41, 12, '2013-04-15', ''),
(42, 8, '2013-04-15', ''),
(43, 12, '2013-04-16', ''),
(45, 11, '2013-03-31', ''),
(46, 6, '2013-03-31', ''),
(48, 9, '2013-03-31', ''),
(49, 12, '2013-04-17', ''),
(50, 1, '2013-04-17', ''),
(51, 12, '2013-04-18', ''),
(52, 12, '2013-04-19', ''),
(53, 9, '2013-04-20', ''),
(54, 12, '2013-04-20', ''),
(55, 1, '2013-04-21', ''),
(57, 8, '2013-04-22', ''),
(61, 9, '2013-04-23', ''),
(62, 12, '2013-04-23', ''),
(67, 6, '2013-04-24', ''),
(68, 12, '2013-04-26', ''),
(69, 12, '2013-04-27', ''),
(70, 12, '2013-04-28', ''),
(71, 6, '2013-04-28', ''),
(72, 8, '2013-04-28', ''),
(73, 8, '2013-04-29', ''),
(76, 9, '2013-04-29', 'Đậu nành sấy: 100 bich x 4000đ'),
(77, 12, '2013-04-29', ''),
(78, 1, '2013-04-22', ''),
(79, 1, '2013-04-25', ''),
(80, 1, '2013-04-27', ''),
(81, 12, '2013-05-01', ''),
(82, 1, '2013-05-01', ''),
(83, 6, '2013-05-01', ''),
(84, 9, '2013-05-03', ''),
(85, 8, '2013-05-03', ''),
(86, 12, '2013-05-03', ''),
(87, 12, '2013-05-05', ''),
(88, 1, '2013-05-05', ''),
(89, 1, '2013-05-06', ''),
(90, 12, '2013-05-06', ''),
(91, 6, '2013-05-06', ''),
(92, 11, '2013-05-07', ''),
(93, 6, '2013-05-07', ''),
(94, 1, '2013-05-07', ''),
(95, 8, '2013-05-07', ''),
(96, 12, '2013-05-07', ''),
(97, 9, '2013-05-06', ''),
(98, 12, '2013-05-08', ''),
(99, 1, '2013-05-10', ''),
(100, 12, '2013-05-10', ''),
(101, 1, '2013-05-11', ''),
(102, 8, '2013-05-11', ''),
(105, 9, '2013-05-11', ''),
(106, 8, '2013-05-14', ''),
(107, 1, '2013-05-13', ''),
(108, 12, '2013-05-13', ''),
(111, 11, '2013-03-28', 'Tồn kho tính đến ngày 28/03'),
(112, 1, '2013-05-19', ''),
(113, 8, '2013-05-19', ''),
(114, 12, '2013-05-19', ''),
(115, 6, '2013-05-19', ''),
(116, 8, '2013-03-31', 'Tồn tính đến ngày 28/03'),
(117, 6, '2013-03-28', 'Tồn kho tính đến ngày 28/03'),
(118, 9, '2013-03-28', 'Tồn khó tính đến ngày 28/03\r\n'),
(120, 12, '2013-05-15', ''),
(121, 6, '2013-05-16', ''),
(122, 12, '2013-05-17', ''),
(123, 6, '2013-05-20', '');

-- --------------------------------------------------------

--
-- Structure de la table `k3d_order_import_detail`
--

CREATE TABLE IF NOT EXISTS `k3d_order_import_detail` (
  `id` int(11) NOT NULL AUTO_INCREMENT,
  `idorder` int(11) NOT NULL,
  `idresource` int(11) NOT NULL,
  `count` float NOT NULL,
  `price` int(11) NOT NULL,
  PRIMARY KEY (`id`),
  KEY `k3d_order_import_detail_1` (`idorder`),
  KEY `k3d_order_import_detail_2` (`idresource`)
) ENGINE=InnoDB  DEFAULT CHARSET=utf8 COLLATE=utf8_unicode_ci AUTO_INCREMENT=209 ;

--
-- Contenu de la table `k3d_order_import_detail`
--

INSERT INTO `k3d_order_import_detail` (`id`, `idorder`, `idresource`, `count`, `price`) VALUES
(2, 7, 44, 100, 3000),
(3, 10, 53, 2, 10000),
(4, 11, 54, 2, 15000),
(5, 11, 53, 1, 15000),
(6, 11, 48, 2, 7500),
(7, 11, 55, 1, 12000),
(8, 12, 54, 2, 12500),
(9, 12, 53, 3, 13500),
(10, 12, 55, 2, 12000),
(11, 12, 48, 2, 10000),
(12, 13, 55, 1, 8000),
(13, 13, 54, 2, 11000),
(14, 13, 53, 1, 17000),
(15, 14, 53, 3, 10000),
(16, 14, 48, 1, 10000),
(17, 15, 47, 10, 9000),
(18, 14, 52, 5, 22000),
(19, 16, 54, 2, 15000),
(20, 16, 48, 3, 6700),
(23, 18, 59, 9, 26667),
(24, 18, 58, 1, 0),
(25, 19, 39, 10, 16500),
(26, 19, 40, 10, 23500),
(27, 20, 2, 5, 16000),
(28, 21, 19, 5, 313000),
(29, 21, 22, 5, 178000),
(30, 21, 20, 5, 362000),
(31, 22, 48, 3, 6700),
(32, 22, 53, 2, 12500),
(33, 22, 54, 7, 11450),
(34, 22, 56, 4, 6500),
(35, 23, 2, 5, 16000),
(36, 24, 59, 10, 27500),
(37, 25, 53, 2, 15000),
(38, 28, 2, 5, 16000),
(39, 29, 48, 2, 5000),
(40, 29, 54, 2, 13000),
(41, 29, 53, 3, 12000),
(42, 30, 27, 10, 17500),
(43, 29, 47, 10, 9000),
(44, 31, 20, 5, 362000),
(45, 32, 19, 5, 313000),
(46, 33, 27, 5, 19000),
(47, 35, 27, 10, 17500),
(48, 36, 28, 20, 2500),
(49, 37, 28, 20, 2500),
(50, 24, 61, 200, 550),
(51, 38, 28, 20, 2500),
(52, 39, 50, 1, 17000),
(53, 39, 53, 2, 11000),
(54, 39, 54, 3, 9000),
(55, 40, 2, 5, 16000),
(56, 41, 53, 2, 11000),
(57, 41, 50, 1, 15000),
(58, 42, 19, 5, 313000),
(59, 42, 21, 5, 132000),
(60, 42, 22, 5, 178000),
(61, 42, 62, 5, 280000),
(62, 42, 63, 1, 258000),
(63, 43, 50, 1, 20000),
(64, 45, 45, 44, 7000),
(65, 45, 46, 40, 7000),
(66, 46, 27, 2, 0),
(67, 46, 28, 23, 0),
(68, 46, 29, 29, 0),
(69, 46, 30, 25, 0),
(70, 46, 31, 25, 0),
(71, 46, 32, 130, 0),
(84, 46, 17, 59, 0),
(85, 48, 59, 8, 0),
(86, 48, 39, 11, 0),
(87, 48, 40, 6, 0),
(88, 48, 35, 377, 0),
(89, 49, 55, 2, 12500),
(90, 50, 2, 5, 16000),
(91, 51, 53, 2, 10500),
(92, 51, 54, 2, 12500),
(93, 52, 47, 15, 8000),
(94, 53, 61, 500, 538),
(95, 53, 39, 20, 16700),
(96, 54, 53, 3, 10000),
(97, 54, 54, 5, 12000),
(98, 54, 55, 2, 15000),
(99, 55, 2, 5, 16000),
(100, 57, 19, 10, 313000),
(101, 57, 21, 10, 132000),
(102, 57, 22, 10, 178000),
(103, 62, 53, 2, 12000),
(104, 62, 55, 2, 10000),
(105, 61, 44, 50, 3000),
(106, 61, 59, 33, 27273),
(107, 67, 31, 10, 17700),
(108, 67, 30, 10, 16800),
(109, 68, 47, 12, 8584),
(110, 68, 54, 2, 6000),
(111, 68, 53, 2, 13000),
(112, 68, 50, 1, 13000),
(113, 69, 55, 2, 10000),
(114, 69, 53, 2, 12000),
(115, 69, 54, 2, 6000),
(116, 70, 53, 3, 11660),
(117, 71, 27, 10, 17500),
(118, 72, 19, 4, 313000),
(119, 73, 19, 5, 313000),
(120, 73, 21, 10, 132000),
(121, 77, 47, 3, 15000),
(122, 77, 54, 6, 14850),
(123, 77, 55, 3, 15335),
(124, 78, 2, 3, 16000),
(125, 79, 2, 6, 16000),
(126, 80, 2, 3, 16000),
(127, 81, 53, 6, 11000),
(128, 81, 54, 5, 9000),
(129, 81, 55, 2, 12000),
(130, 82, 2, 5, 16000),
(131, 83, 28, 20, 2500),
(132, 84, 43, 40, 1700),
(133, 84, 65, 20, 15400),
(134, 84, 40, 20, 23000),
(135, 84, 39, 30, 17100),
(136, 85, 21, 10, 132000),
(137, 85, 60, 1, 173000),
(138, 86, 55, 2, 12000),
(139, 87, 47, 21, 9000),
(140, 88, 2, 4, 16000),
(141, 87, 54, 3, 7000),
(142, 89, 2, 4, 16000),
(143, 90, 53, 6, 10000),
(144, 91, 31, 10, 19500),
(145, 91, 30, 10, 16800),
(147, 92, 46, 1, 350000),
(148, 93, 27, 10, 17500),
(149, 94, 2, 3, 16000),
(150, 95, 21, 10, 132000),
(151, 96, 53, 6, 10000),
(152, 97, 61, 6, 26900),
(153, 95, 74, 1, 185000),
(154, 95, 72, 1, 148000),
(155, 98, 54, 2, 5000),
(156, 98, 55, 2, 10000),
(157, 99, 2, 3, 16000),
(158, 100, 54, 6, 8333),
(159, 101, 2, 3, 16000),
(160, 102, 19, 5, 313000),
(161, 102, 21, 5, 132000),
(162, 105, 44, 48, 3000),
(163, 106, 19, 3, 313000),
(164, 106, 22, 5, 178000),
(165, 107, 2, 3, 16000),
(166, 108, 54, 2, 9000),
(167, 108, 53, 1, 15000),
(168, 112, 2, 5, 16000),
(169, 113, 20, 4, 362000),
(170, 113, 21, 10, 132000),
(171, 114, 54, 3, 8000),
(172, 115, 27, 10, 17500),
(173, 114, 52, 1, 15000),
(174, 114, 47, 2, 8000),
(175, 116, 19, 5.12, 313000),
(176, 116, 20, 7.33, 362000),
(177, 116, 21, 38.45, 132000),
(178, 116, 22, 8.4, 178000),
(179, 116, 23, 6.54, 261500),
(180, 116, 62, 1, 280000),
(181, 116, 26, 7.67, 238000),
(182, 116, 25, 9.5, 260000),
(183, 116, 24, 3.5, 207000),
(184, 116, 63, 0.75, 86000),
(185, 116, 76, 0.95, 173000),
(186, 116, 64, 1, 108000),
(188, 117, 17, 59, 0),
(189, 117, 30, 25, 15500),
(190, 117, 31, 25, 19500),
(191, 117, 29, 29, 0),
(192, 117, 27, 2, 0),
(193, 117, 32, 130, 0),
(194, 117, 28, 23, 0),
(195, 111, 45, 0.88, 350000),
(196, 111, 46, 0.8, 350000),
(197, 118, 35, 377, 0),
(198, 118, 39, 1.1, 165000),
(199, 118, 40, 0.6, 235000),
(200, 118, 58, 8, 0),
(201, 118, 65, 0.4, 155000),
(202, 120, 54, 3, 8000),
(203, 121, 28, 20, 2500),
(204, 122, 54, 5, 10000),
(205, 122, 52, 1, 15000),
(206, 123, 29, 10, 10500),
(207, 123, 30, 10, 18500),
(208, 123, 31, 10, 20500);

-- --------------------------------------------------------

--
-- Structure de la table `k3d_paid_customer`
--

CREATE TABLE IF NOT EXISTS `k3d_paid_customer` (
  `id` int(11) NOT NULL AUTO_INCREMENT,
  `idcustomer` int(11) NOT NULL,
  `date` date NOT NULL,
  `value` int(11) NOT NULL,
  `note` varchar(50) COLLATE utf8_unicode_ci DEFAULT NULL,
  PRIMARY KEY (`id`),
  KEY `k3d_customer_paid_1` (`idcustomer`)
) ENGINE=InnoDB  DEFAULT CHARSET=utf8 COLLATE=utf8_unicode_ci AUTO_INCREMENT=19 ;

--
-- Contenu de la table `k3d_paid_customer`
--

INSERT INTO `k3d_paid_customer` (`id`, `idcustomer`, `date`, `value`, `note`) VALUES
(18, 1, '2013-05-16', 1, '');

-- --------------------------------------------------------

--
-- Structure de la table `k3d_paid_general`
--

CREATE TABLE IF NOT EXISTS `k3d_paid_general` (
  `id` int(11) NOT NULL AUTO_INCREMENT,
  `id_term` int(11) NOT NULL,
  `date` date NOT NULL,
  `value` int(11) NOT NULL,
  `note` varchar(50) COLLATE utf8_unicode_ci DEFAULT NULL,
  PRIMARY KEY (`id`),
  KEY `k3d_paid_1` (`id_term`)
) ENGINE=InnoDB  DEFAULT CHARSET=utf8 COLLATE=utf8_unicode_ci AUTO_INCREMENT=89 ;

--
-- Contenu de la table `k3d_paid_general`
--

INSERT INTO `k3d_paid_general` (`id`, `id_term`, `date`, `value`, `note`) VALUES
(9, 10, '2013-04-01', 157000, 'Chi tiền chợ'),
(10, 10, '2013-04-02', 146000, 'Tiền chợ'),
(11, 10, '2013-04-03', 189000, 'Tiền chợ'),
(12, 10, '2013-04-04', 184000, 'Tiền chợ'),
(13, 10, '2013-04-05', 173000, 'Tiền chợ'),
(14, 10, '2013-04-06', 213000, 'Tiền chợ'),
(15, 10, '2013-04-07', 123000, 'Tiền chợ'),
(16, 10, '2013-04-08', 224000, 'Tiền chợ'),
(17, 10, '2013-04-09', 200000, 'Tiền chợ'),
(19, 11, '2013-04-09', 57000, 'Tiền mua trái cây + bông cúng'),
(20, 11, '2013-04-06', 163000, 'Chi mua đồ điện '),
(21, 11, '2013-04-08', 250000, 'Mua CB'),
(22, 11, '2013-04-07', 57000, 'Trái cây cúng+bao kiếng trái cây'),
(23, 10, '2013-04-10', 102000, 'Tiền chợ'),
(25, 10, '2013-04-11', 106000, 'Tiền chợ'),
(26, 11, '2013-04-11', 30000, 'Trái cây cúng'),
(27, 10, '2013-04-13', 163000, 'Tiền chợ'),
(28, 11, '2013-04-13', 465000, 'Tiếp khách(Công An phường)\r\n'),
(31, 11, '2013-04-14', 400000, 'Nhập bình gas'),
(32, 11, '2013-04-14', 127000, 'Bông+trái cây cúng,Khoai mon làm chả giò,Nước rửa '),
(33, 10, '2013-04-14', 221000, 'Tiền chợ'),
(34, 10, '2013-04-15', 122000, 'Tiền chợ'),
(35, 10, '2013-04-17', 222000, 'Tiền chợ'),
(36, 10, '2013-04-18', 118000, 'Tiền chợ'),
(38, 10, '2013-04-19', 122000, 'Tiền chợ'),
(39, 10, '2013-04-20', 134000, 'Tiền chợ\r\n'),
(40, 11, '2013-04-19', 38000, 'Mua tương ớt + phô mai cho khách'),
(41, 11, '2013-04-20', 38000, 'Chai lau kiếng+bông cúng+bao kiếng trái cây\r\n'),
(42, 10, '2013-04-22', 120000, 'Tiền chợ\r\n'),
(43, 1, '2013-04-20', 649000, 'Tiền điện sinh hoạt'),
(44, 11, '2013-04-22', 42000, 'Bông + trái cây cúng,Tiền cafe Anh 2 tiếp khách'),
(45, 10, '2013-04-23', 97000, 'Tiền chợ'),
(46, 11, '2013-04-23', 34000, 'Trái cây cúng'),
(47, 10, '2013-04-24', 65000, 'Tiền chợ'),
(48, 11, '2013-04-24', 21000, 'Mua hóa đơn bán lẻ\r\n'),
(49, 10, '2013-04-25', 177000, 'Tiền chợ'),
(50, 11, '2013-04-25', 26000, 'Bông cúng+bọc đựng da cá basa'),
(51, 10, '2013-04-26', 100000, 'Tiền chợ'),
(52, 10, '2013-04-27', 102000, 'Tiền chợ'),
(53, 11, '2013-04-27', 168000, 'Trả tiền vật liệu(cát)+bình nước lọc(2 bình)'),
(54, 10, '2013-04-28', 103000, 'Tiền chợ'),
(55, 10, '2013-04-29', 126000, 'Tiền chợ'),
(56, 11, '2013-04-29', 19000, 'Muối+ớt làm rang muối'),
(57, 10, '2013-05-01', 95000, 'Tiền chợ'),
(58, 11, '2013-05-01', 24000, 'Bao kiếng trái cây(3 bao)'),
(59, 10, '2013-05-03', 183000, 'Tiền chợ'),
(60, 10, '2013-05-02', 62000, 'Tiền chợ'),
(61, 10, '2013-05-04', 85000, 'Tiền chợ'),
(62, 10, '2013-05-05', 89000, 'Tiền chợ\r\n'),
(63, 10, '2013-05-06', 32000, 'Tiền chợ'),
(64, 4, '2013-04-30', 10500000, 'Lương NV chưa tính phụ cấp'),
(65, 1, '2013-04-30', 6000000, ''),
(66, 2, '2013-04-30', 1500000, 'Tạm tính'),
(67, 10, '2013-05-07', 211000, 'Tiền chợ\r\n'),
(68, 11, '2013-05-07', 136000, 'Nấu cháo gà( Anh Khoa)\r\n'),
(69, 11, '2013-05-08', 7000, 'Mua hóa đơn bán lẻ'),
(70, 10, '2013-05-08', 115000, 'Tiền chợ'),
(71, 10, '2013-05-09', 117000, 'Tiền chợ'),
(72, 11, '2013-05-10', 6000, 'Cafe cho tài xế của khách'),
(73, 10, '2013-05-10', 81000, 'Tiền chợ'),
(74, 10, '2013-05-11', 99000, 'Tiền chợ\r\n'),
(75, 10, '2013-05-12', 330000, 'Tiền chợ'),
(76, 10, '2013-05-13', 85000, 'Tiền chợ\r\n'),
(77, 10, '2013-05-14', 74500, 'Tiền chợ'),
(78, 11, '2013-05-12', 141000, 'Mua chổi+cây lau nhà'),
(79, 3, '2013-04-30', 5600000, 'Thuế TTĐB'),
(80, 12, '2013-04-30', 3250000, 'chi tiền đầu chai cho NV'),
(81, 10, '2013-05-15', 221000, ''),
(82, 10, '2013-05-16', 106000, ''),
(83, 10, '2013-05-17', 129000, ''),
(85, 10, '2013-05-18', 99000, ''),
(86, 10, '2013-05-19', 85000, ''),
(87, 11, '2013-05-19', 414000, 'Bình gas+nguyên liệu làm motor'),
(88, 10, '2013-05-20', 40000, '');

-- --------------------------------------------------------

--
-- Structure de la table `k3d_paid_supplier`
--

CREATE TABLE IF NOT EXISTS `k3d_paid_supplier` (
  `id` int(11) NOT NULL AUTO_INCREMENT,
  `idsupplier` int(11) NOT NULL,
  `date` date NOT NULL,
  `value` int(11) NOT NULL,
  `note` varchar(50) COLLATE utf8_unicode_ci DEFAULT NULL,
  PRIMARY KEY (`id`),
  KEY `k3d_supplier_paid_1` (`idsupplier`)
) ENGINE=InnoDB  DEFAULT CHARSET=utf8 COLLATE=utf8_unicode_ci AUTO_INCREMENT=18 ;

--
-- Contenu de la table `k3d_paid_supplier`
--

INSERT INTO `k3d_paid_supplier` (`id`, `idsupplier`, `date`, `value`, `note`) VALUES
(1, 1, '2012-08-01', 2300000, 'được không ?'),
(2, 1, '2012-07-03', 350000, 'Ghi chú gì đây'),
(3, 1, '2012-07-26', 750000, 'Ghi ghi gì gì đó'),
(8, 6, '2012-09-19', 1000000, 'Thử nè được không đó !'),
(9, 1, '2012-09-19', 1000000, 'lung tung quá đi'),
(11, 1, '2012-01-01', 123, 'sdfdsfggf'),
(12, 1, '2012-09-24', 1230000, 'đâu biết'),
(13, 1, '2012-09-24', 1213232, ''),
(14, 1, '2012-09-24', 34243243, ''),
(15, 1, '2012-09-24', 21323, ''),
(16, 1, '2012-09-24', 123323, ''),
(17, 1, '2012-09-24', 21323, '');

-- --------------------------------------------------------

--
-- Structure de la table `k3d_r2c`
--

CREATE TABLE IF NOT EXISTS `k3d_r2c` (
  `id` int(11) NOT NULL AUTO_INCREMENT,
  `id_course` int(11) NOT NULL,
  `id_resource` int(11) NOT NULL,
  `value1` double NOT NULL,
  `value2` double NOT NULL,
  PRIMARY KEY (`id`),
  KEY `k3d_r2c_1` (`id_course`),
  KEY `k3d_r2c_2` (`id_resource`)
) ENGINE=InnoDB  DEFAULT CHARSET=utf8 COLLATE=utf8_unicode_ci AUTO_INCREMENT=52 ;

--
-- Contenu de la table `k3d_r2c`
--

INSERT INTO `k3d_r2c` (`id`, `id_course`, `id_resource`, `value1`, `value2`) VALUES
(28, 114, 24, 24, 1),
(29, 108, 20, 24, 1),
(30, 113, 23, 24, 1),
(31, 114, 1, 10, 1),
(32, 114, 2, 1, 1),
(33, 107, 19, 24, 1),
(34, 111, 21, 20, 1),
(35, 112, 22, 20, 1),
(36, 137, 26, 24, 1),
(37, 140, 62, 24, 1),
(38, 138, 25, 24, 1),
(39, 128, 69, 24, 1),
(40, 54, 64, 24, 1),
(41, 126, 63, 24, 1),
(42, 55, 74, 24, 1),
(43, 129, 73, 24, 1),
(44, 56, 75, 24, 1),
(45, 127, 72, 24, 1),
(46, 136, 71, 24, 1),
(47, 53, 70, 24, 1),
(48, 143, 76, 24, 1),
(49, 134, 58, 1, 1),
(50, 144, 59, 1, 1),
(51, 119, 30, 1, 1);

-- --------------------------------------------------------

--
-- Structure de la table `k3d_resource`
--

CREATE TABLE IF NOT EXISTS `k3d_resource` (
  `id` int(9) NOT NULL AUTO_INCREMENT,
  `idsupplier` int(11) NOT NULL,
  `name` varchar(100) COLLATE utf8_unicode_ci NOT NULL,
  `unit` varchar(15) COLLATE utf8_unicode_ci NOT NULL,
  `price` int(10) NOT NULL,
  `description` varchar(100) COLLATE utf8_unicode_ci NOT NULL,
  PRIMARY KEY (`id`),
  KEY `k3d_resource_1` (`idsupplier`)
) ENGINE=InnoDB  DEFAULT CHARSET=utf8 COLLATE=utf8_unicode_ci AUTO_INCREMENT=77 ;

--
-- Contenu de la table `k3d_resource`
--

INSERT INTO `k3d_resource` (`id`, `idsupplier`, `name`, `unit`, `price`, `description`) VALUES
(1, 1, 'Nước đá ống', 'Kg', 0, 'Nước đá dùng để uống trà, cafe'),
(2, 1, 'Nước đá ướp', 'Cây', 0, 'Dùng để ướp lạnh'),
(3, 1, 'Nước đá viên', 'Kg', 0, 'Viên cưa dùng uống bia'),
(14, 1, 'Nước đá tủ lạnh', 'Gói', 0, 'Nước đá lấy từ tủ lạnh nhà'),
(17, 6, 'Bánh', 'Bịch', 0, ''),
(19, 8, 'Heniken', 'Két', 313000, ''),
(20, 8, 'Heniken', 'Thùng', 362000, ''),
(21, 8, 'Sài gòn đỏ', 'Két', 132000, ''),
(22, 8, 'Sài gòn XK', 'Két', 178000, ''),
(23, 8, 'Sài Gòn XK', 'Thùng', 261500, ''),
(24, 8, 'Bia 333', 'Thùng', 207000, ''),
(25, 8, 'Tiger Bạc', 'Két', 260000, ''),
(26, 8, 'Tiger', 'Két', 238000, ''),
(27, 6, 'Xúc Xích', 'Bịch', 0, ''),
(28, 6, 'CW DOUBLEMINT', 'Hộp', 0, ''),
(29, 6, 'Chả Giò', 'Bịch', 0, ''),
(30, 6, 'Khô Bò', 'Bịch', 0, ''),
(31, 6, 'Mít Sấy', 'Bịch', 0, ''),
(32, 6, 'Đậu Phộng ', 'Bịch', 0, ''),
(34, 9, 'Trái Cây', 'Dĩa', 0, ''),
(35, 9, 'Đậu Phộng sấy', 'Bịch', 0, ''),
(36, 9, 'Đậu Phộng chiên', 'Bịch', 0, ''),
(39, 9, 'Thuốc Craven', 'Cây', 165000, ''),
(40, 9, 'Thuốc 555', 'Cây', 235000, ''),
(43, 9, 'Quẹt gas', 'Hộp', 85000, ''),
(44, 9, 'Đậu Nành', 'Gói', 3000, 'Mua ngoài'),
(45, 11, 'Cơm Cháy', 'Thùng', 350000, ''),
(46, 11, 'Cá Cơm', 'Thùng', 350000, '0'),
(47, 12, 'Ổi', 'Kg', 0, ''),
(48, 12, 'Củ Sắn', 'Kg', 0, ''),
(49, 12, 'Mít', 'Kg', 0, ''),
(50, 12, 'Chôm Chôm', 'Kg', 0, ''),
(51, 12, 'Xoài Thái', 'Kg', 0, ''),
(52, 12, 'Xoài ĐàiLoan', 'Kg', 0, ''),
(53, 12, 'Xoài chua', 'Kg', 0, ''),
(54, 12, 'Mận', 'Kg', 0, ''),
(55, 12, 'Sơ ri', 'Kg', 0, ''),
(56, 12, 'Thơm', 'Kg', 0, ''),
(57, 12, 'Khóm', 'Kg', 0, ''),
(58, 9, 'Khô Mực', 'Con', 0, ''),
(59, 9, 'Khô_Mực', 'Con', 0, ''),
(60, 8, 'Sting', 'Thùng', 173000, ''),
(61, 9, 'Khăn Lạnh', 'Hộp', 27000, ''),
(62, 8, 'Tiger', 'Thùng', 280000, ''),
(63, 8, 'Lavie', 'Thùng', 86000, ''),
(64, 8, 'C2', 'Thùng', 108000, ''),
(65, 9, 'Thuốc Hút', 'Cây', 155000, ''),
(66, 9, 'Bánh tráng rế', 'Bịch', 15000, 'Bánh tráng gói chả giò rế'),
(67, 9, 'Thịt ghẹ', 'Kg', 80000, 'Thịt ghẹ gói chả giò rế'),
(68, 9, 'Khoai cao', 'Kg', 30000, 'Khoai cao gói chả giò rế'),
(69, 8, '7 Up', 'Thùng', 153000, ''),
(70, 8, 'Trà Xanh', 'Thùng', 158000, ''),
(71, 8, 'Red_Bull', 'Thùng', 186000, ''),
(72, 8, 'Pepsi', 'Thùng', 153000, ''),
(73, 8, 'Cam', 'Thùng', 130000, ''),
(74, 8, 'Dr Thanh', 'Thùng', 186000, ''),
(75, 8, 'Nước Yến', 'Thùng', 142000, ''),
(76, 8, 'Sting', 'Thùng', 173000, '');

-- --------------------------------------------------------

--
-- Structure de la table `k3d_session`
--

CREATE TABLE IF NOT EXISTS `k3d_session` (
  `id` int(11) NOT NULL AUTO_INCREMENT,
  `idtable` int(11) NOT NULL,
  `iduser` int(11) NOT NULL,
  `idcustomer` int(11) NOT NULL,
  `datetime` datetime NOT NULL,
  `datetimeend` datetime DEFAULT NULL,
  `note` varchar(50) COLLATE utf8_unicode_ci NOT NULL,
  `status` int(11) NOT NULL,
  `discount_value` int(11) NOT NULL,
  `discount_percent` int(11) NOT NULL,
  `surtax` int(11) NOT NULL,
  `payment` int(11) NOT NULL,
  `value` int(11) NOT NULL,
  PRIMARY KEY (`id`),
  KEY `idtable` (`idtable`),
  KEY `iduser` (`iduser`),
  KEY `k3d_session_3` (`idcustomer`)
) ENGINE=InnoDB  DEFAULT CHARSET=utf8 COLLATE=utf8_unicode_ci AUTO_INCREMENT=438 ;

--
-- Contenu de la table `k3d_session`
--

INSERT INTO `k3d_session` (`id`, `idtable`, `iduser`, `idcustomer`, `datetime`, `datetimeend`, `note`, `status`, `discount_value`, `discount_percent`, `surtax`, `payment`, `value`) VALUES
(158, 2, 3, 1, '2013-04-06 17:20:27', '2013-04-06 18:20:00', '', 1, 0, 0, 0, 0, 275000),
(162, 16, 3, 1, '2013-04-07 20:24:15', '2013-04-07 21:52:00', '', 1, 0, 0, 0, 0, 312000),
(163, 27, 3, 1, '2013-04-08 00:25:37', '2013-04-08 03:10:00', '', 1, 0, 0, 0, 0, 802000),
(164, 26, 3, 1, '2013-04-08 00:44:28', '2013-04-08 02:21:00', 'Ghi chú:Phụ thu thêm chả giò', 1, 0, 0, 70000, 0, 950000),
(165, 2, 3, 1, '2013-04-08 17:50:25', '2013-04-08 19:25:00', '', 1, 0, 0, 0, 0, 434000),
(166, 16, 3, 18, '2013-04-08 18:43:42', '2013-04-08 19:53:00', 'Anh Cường nợ', 1, 0, 0, 0, 0, 402000),
(168, 2, 3, 1, '2013-04-08 21:42:07', '2013-04-08 23:52:00', 'Phụ thụ : Thuốc Jet', 1, 0, 0, 25000, 0, 576000),
(169, 16, 3, 1, '2013-04-08 23:00:00', '2013-04-09 00:00:00', '', 1, 0, 0, 0, 0, 403000),
(170, 1, 3, 1, '2013-04-08 23:29:12', '2013-04-09 01:05:00', '', 1, 0, 0, 0, 500000, 304000),
(171, 17, 3, 1, '2013-04-09 00:00:00', '2013-04-09 01:15:00', '', 1, 0, 0, 0, 0, 347000),
(172, 1, 3, 1, '2013-04-09 01:05:00', '2013-04-09 02:05:00', '', 1, 0, 0, 0, 0, 150000),
(173, 2, 3, 1, '2013-04-09 19:46:26', '2013-04-09 21:05:00', '', 1, 0, 0, 0, 0, 400000),
(174, 2, 3, 1, '2013-04-09 22:06:58', '2013-04-09 23:20:00', 'Ghi chú : Phụ thu thuốc hút', 1, 0, 0, 25000, 0, 321000),
(175, 15, 3, 1, '2013-04-09 22:54:01', '2013-04-10 01:05:00', 'Phụ thu: 2  Sting', 1, 0, 0, 24000, 0, 378000),
(176, 27, 3, 1, '2013-04-10 00:24:25', '2013-04-10 01:50:00', '', 1, 0, 0, 0, 0, 317000),
(178, 17, 3, 1, '2013-04-10 19:33:00', '2013-04-10 21:30:00', '', 1, 0, 0, 0, 0, 559000),
(179, 16, 3, 1, '2013-04-10 21:16:15', '2013-04-10 22:22:00', '', 1, 0, 0, 0, 0, 109000),
(180, 2, 3, 1, '2013-04-11 00:15:24', '2013-04-11 01:30:00', '', 1, 0, 0, 0, 0, 429000),
(181, 16, 3, 1, '2013-04-11 00:57:46', '2013-04-11 03:10:00', '', 1, 0, 0, 0, 0, 513000),
(182, 17, 3, 1, '2013-04-11 01:36:37', '2013-04-11 03:20:00', '', 1, 0, 0, 0, 0, 464000),
(183, 2, 3, 1, '2013-04-11 16:15:00', '2013-04-11 17:05:00', '', 1, 0, 0, 0, 0, 188000),
(184, 2, 3, 1, '2013-04-11 19:57:56', '2013-04-11 20:57:00', '', 1, 0, 0, 0, 0, 280000),
(186, 27, 3, 1, '2013-04-11 20:05:00', '2013-04-11 21:50:00', '', 1, 0, 0, 0, 0, 412000),
(187, 3, 3, 16, '2013-04-11 20:28:24', '2013-04-11 23:15:00', 'Anh Tâm nợ', 1, 0, 0, 0, 0, 358000),
(188, 2, 3, 1, '2013-04-11 22:00:35', '2013-04-11 22:50:00', '', 1, 0, 0, 0, 0, 196000),
(189, 17, 3, 1, '2013-04-11 23:16:51', '2013-04-12 01:05:00', '', 1, 0, 0, 0, 0, 519000),
(190, 2, 3, 1, '2013-04-11 23:41:43', '2013-04-12 01:15:00', '', 1, 0, 0, 0, 0, 436000),
(191, 16, 3, 1, '2013-04-11 23:43:48', '2013-04-12 03:05:00', '', 1, 0, 0, 0, 0, 498000),
(192, 27, 3, 1, '2013-04-11 23:43:53', '2013-04-12 01:47:00', 'Ghi chú phụ thu: Thuốc hút 2 gói,Mì trứng', 1, 0, 0, 60000, 0, 870000),
(193, 1, 3, 1, '2013-04-11 23:50:28', '2013-04-12 01:30:00', '', 1, 0, 0, 0, 0, 451000),
(194, 26, 3, 1, '2013-04-12 00:23:39', '2013-04-12 01:52:00', 'Ghi chú: Phụ thu thuốc hút', 1, 0, 0, 25000, 0, 389000),
(195, 15, 3, 1, '2013-04-12 00:30:00', '2013-04-12 02:40:00', '', 1, 0, 0, 0, 0, 850000),
(196, 2, 3, 1, '2013-04-12 14:45:00', '2013-04-12 16:30:00', 'Ghi chú:Phụ thu thuốc hút,mì trứng', 1, 0, 0, 40000, 0, 523000),
(197, 27, 3, 1, '2013-04-12 16:35:58', '2013-04-12 18:35:00', 'Ghi chú:Phụ thu bánh mì chả lụa', 1, 0, 0, 200000, 0, 1475000),
(198, 2, 3, 1, '2013-04-12 19:56:12', '2013-04-12 21:40:00', 'Ghi chú : Phụ thu thuốc hút', 1, 0, 0, 25000, 0, 597000),
(199, 16, 3, 1, '2013-04-12 21:28:19', '2013-04-12 22:38:00', '', 1, 0, 0, 0, 0, 359000),
(200, 2, 3, 1, '2013-04-12 22:04:33', '2013-04-13 00:13:00', '', 1, 0, 0, 0, 0, 327000),
(201, 17, 3, 1, '2013-04-12 22:47:15', '2013-04-13 00:00:00', '', 1, 0, 0, 0, 0, 265000),
(202, 14, 3, 1, '2013-04-12 22:52:00', '2013-04-12 23:55:00', '', 1, 0, 0, 0, 0, 404000),
(204, 16, 3, 1, '2013-04-12 23:01:00', '2013-04-13 01:25:00', '', 1, 0, 0, 0, 0, 781000),
(205, 1, 3, 1, '2013-04-13 00:14:04', '2013-04-13 02:26:00', 'Ghi chú : Cộng tiền thối dư ', 1, 0, 0, 6000, 0, 400000),
(206, 27, 3, 1, '2013-04-13 00:28:58', '2013-04-13 01:37:00', '', 1, 0, 0, 0, 0, 323000),
(207, 2, 3, 1, '2013-04-13 18:27:16', '2013-04-13 20:30:00', 'Ghi chú :Phụ thu Bánh mì heo quay', 1, 0, 0, 150000, 0, 1580000),
(208, 3, 3, 17, '2013-04-13 20:00:56', '2013-04-14 01:00:00', 'Anh Tâm nợ', 2, 0, 0, 0, 0, 1397000),
(209, 2, 3, 16, '2013-04-13 23:47:30', '2013-04-14 01:25:00', 'Anh Khoa tiếp khách', 1, 0, 0, 0, 0, 398000),
(210, 2, 3, 1, '2013-04-14 15:32:00', '2013-04-14 17:45:00', '', 1, 0, 0, 0, 0, 477000),
(211, 2, 3, 1, '2013-04-14 22:57:29', '2013-04-15 02:05:00', '', 1, 0, 0, 0, 0, 953000),
(212, 16, 3, 1, '2013-04-14 23:20:40', '2013-04-15 00:20:00', '', 1, 0, 0, 0, 0, 223000),
(213, 1, 3, 1, '2013-04-14 23:56:53', '2013-04-15 00:56:00', '', 1, 0, 0, 0, 0, 430000),
(214, 1, 3, 1, '2013-04-15 01:44:39', '2013-04-15 02:44:00', '', 1, 0, 0, 0, 0, 277000),
(215, 2, 3, 1, '2013-04-15 16:52:30', '2013-04-15 17:52:00', '', 1, 0, 0, 0, 0, 225000),
(216, 1, 3, 1, '2013-04-15 21:03:24', '2013-04-15 22:30:00', '', 1, 0, 0, 0, 0, 216000),
(217, 16, 3, 1, '2013-04-15 22:26:27', '2013-04-16 00:08:00', '', 1, 0, 0, 0, 0, 336000),
(218, 2, 3, 1, '2013-04-15 22:31:47', '2013-04-15 22:31:47', '', 1, 0, 0, 0, 0, 0),
(219, 2, 3, 1, '2013-04-16 17:26:00', '2013-04-16 19:36:00', 'Ghi chú:Ly cafe đá,thuốc hút', 1, 0, 0, 35000, 0, 637000),
(220, 17, 3, 1, '2013-04-16 19:02:48', '2013-04-16 20:00:00', 'Ghi chú: Thực thu 187.000', 1, 0, 0, 0, 0, 186000),
(221, 26, 3, 1, '2013-04-16 19:31:39', '2013-04-16 21:15:00', '', 1, 0, 0, 0, 0, 372000),
(222, 2, 3, 1, '2013-04-16 21:47:56', '2013-04-16 23:08:00', 'Ghi chú: Tặng 1 dĩa chả giò', 1, 0, 0, 0, 0, 281000),
(223, 27, 3, 1, '2013-04-16 22:12:00', '2013-04-17 00:00:00', 'Ghi chú: Tặng 1 dĩa chả giò', 1, 0, 0, 0, 0, 462000),
(224, 2, 3, 1, '2013-04-17 22:08:20', '2013-04-17 22:56:00', 'Ghi chú: Phụ thu thuốc hút', 1, 0, 0, 25000, 0, 192000),
(225, 2, 3, 1, '2013-04-18 13:14:49', '2013-04-18 15:08:00', '', 1, 0, 0, 0, 0, 1453000),
(226, 2, 3, 17, '2013-04-18 19:37:50', '2013-04-18 21:21:00', 'Ghi chú: Phụ thu thuốc hút,Anh Tâm nợ', 2, 0, 0, 25000, 0, 590000),
(227, 17, 3, 1, '2013-04-18 21:14:21', '2013-04-18 22:31:00', '', 1, 0, 0, 0, 0, 139000),
(228, 17, 3, 1, '2013-04-20 20:44:41', '2013-04-21 00:19:00', 'Ghi chú: Phụ thu trà đá', 1, 0, 0, 20000, 0, 988000),
(229, 2, 3, 1, '2013-04-20 22:36:32', '2013-04-21 00:10:00', '', 1, 0, 0, 0, 0, 546000),
(230, 16, 3, 1, '2013-04-20 22:46:28', '2013-04-21 00:00:00', '', 1, 0, 0, 0, 0, 232000),
(231, 14, 3, 1, '2013-04-21 15:40:00', '2013-04-21 17:57:00', '', 1, 0, 0, 0, 0, 1210000),
(233, 16, 3, 1, '2013-04-21 21:30:00', '2013-04-21 22:52:00', 'Ghi chú:Phụ thu thuốc hút', 1, 0, 0, 25000, 0, 362000),
(234, 17, 3, 1, '2013-04-22 15:30:40', '2013-04-22 17:08:00', '', 1, 0, 0, 0, 0, 360000),
(235, 16, 3, 1, '2013-04-22 17:35:00', '2013-04-22 19:06:00', '', 1, 0, 0, 0, 0, 341000),
(237, 2, 3, 1, '2013-04-19 13:05:00', '2013-04-19 14:28:00', 'Ghi chú:Phụ thu hộp Phô mai', 1, 0, 0, 35000, 0, 561000),
(238, 1, 3, 1, '2013-04-19 14:45:00', '2013-04-19 17:15:00', '', 1, 0, 0, 0, 0, 292000),
(239, 17, 3, 1, '2013-04-19 16:15:00', '2013-04-19 17:27:00', '', 1, 0, 0, 0, 0, 274000),
(240, 27, 3, 12, '2013-04-19 19:15:00', '2013-04-19 20:35:00', 'Mợ 3 tiếp khách', 1, 0, 0, 0, 0, 253000),
(241, 2, 3, 1, '2013-04-19 20:36:00', '2013-04-19 23:05:00', 'Phụ thu:Thuốc hút', 1, 0, 0, 25000, 0, 1022000),
(242, 26, 3, 1, '2013-04-19 21:00:00', '2013-04-19 22:25:00', '', 1, 0, 0, 0, 0, 562000),
(243, 27, 3, 1, '2013-04-19 23:15:00', '2013-04-20 01:26:00', 'Phụ thu: Trái cây thêm', 1, 0, 0, 30000, 0, 794000),
(244, 2, 3, 1, '2013-04-22 21:07:15', '2013-04-22 22:57:00', '', 1, 0, 0, 0, 0, 347000),
(246, 16, 3, 1, '2013-04-22 22:32:00', '2013-04-23 00:13:00', 'Ghi chú:Phụ thu thuốc hút', 1, 0, 0, 25000, 0, 719000),
(247, 2, 3, 1, '2013-04-23 15:02:00', '2013-04-23 16:40:00', '', 1, 0, 0, 0, 0, 424000),
(248, 27, 3, 1, '2013-04-23 19:07:07', '2013-04-23 20:25:00', '', 1, 0, 15, 0, 0, 396000),
(249, 2, 3, 1, '2013-04-23 20:40:00', '2013-04-23 23:57:00', '', 1, 0, 0, 0, 0, 703000),
(250, 27, 3, 1, '2013-04-23 22:02:41', '2013-04-24 01:22:00', '', 1, 0, 0, 0, 0, 814000),
(251, 1, 3, 1, '2013-04-24 15:09:00', '2013-04-24 17:09:00', '', 1, 0, 0, 0, 0, 298000),
(252, 16, 3, 1, '2013-04-24 17:30:00', '2013-04-24 19:41:00', 'Thu 1.030.000', 1, 0, 0, 0, 0, 1031000),
(253, 2, 3, 1, '2013-04-24 18:47:02', '2013-04-24 21:00:00', '', 1, 0, 0, 0, 0, 841000),
(254, 2, 3, 1, '2013-04-24 22:47:00', '2013-04-25 00:30:00', '', 1, 0, 0, 0, 0, 369000),
(255, 2, 3, 1, '2013-04-25 13:14:09', '2013-04-25 15:14:00', '', 1, 0, 0, 0, 0, 556000),
(256, 14, 3, 1, '2013-04-25 15:57:00', '2013-04-25 16:45:00', '', 1, 0, 0, 0, 0, 451000),
(258, 2, 3, 16, '2013-04-25 22:00:00', '2013-04-25 23:50:00', 'Thuoc JET,Phiếu Anh 2', 1, 0, 0, 25000, 0, 1304000),
(259, 16, 3, 1, '2013-04-25 23:17:01', '2013-04-26 00:50:00', '', 1, 0, 0, 0, 0, 485000),
(260, 17, 3, 1, '2013-04-26 21:18:43', '2013-04-26 23:57:00', '', 1, 0, 0, 0, 0, 511000),
(261, 26, 3, 1, '2013-04-26 23:09:05', '2013-04-27 00:15:00', '', 1, 0, 0, 0, 0, 630000),
(262, 2, 3, 1, '2013-04-26 23:50:09', '2013-04-27 01:30:00', '', 1, 0, 0, 0, 0, 425000),
(263, 16, 3, 1, '2013-04-27 00:09:08', '2013-04-27 01:33:00', 'Thuốc hút', 1, 0, 0, 25000, 0, 507000),
(264, 2, 3, 1, '2013-04-27 18:00:09', '2013-04-27 19:55:00', '', 1, 0, 0, 0, 0, 866000),
(265, 16, 3, 17, '2013-04-27 18:12:34', '2013-04-27 20:10:00', 'Anh Tâm Nợ', 2, 0, 0, 0, 0, 332000),
(266, 1, 3, 1, '2013-04-27 23:00:00', '2013-04-27 23:45:00', 'Phụ thu mực+cánh gà chiên nước mắm', 1, 0, 0, 407000, 0, 1054000),
(267, 2, 3, 1, '2013-04-27 22:50:49', '2013-04-28 01:43:00', '', 1, 0, 0, 0, 0, 789000),
(268, 14, 3, 1, '2013-04-28 14:45:16', '2013-04-28 16:30:00', '', 1, 0, 0, 0, 0, 1377000),
(269, 17, 3, 1, '2013-04-28 14:52:57', '2013-04-28 15:16:00', '', 1, 0, 0, 0, 0, 161000),
(270, 2, 3, 1, '2013-04-28 16:54:18', '2013-04-28 18:12:00', '', 1, 0, 0, 0, 0, 571000),
(273, 2, 3, 1, '2013-04-28 20:24:00', '2013-04-28 21:36:00', '', 1, 0, 0, 0, 0, 211000),
(274, 26, 3, 1, '2013-04-28 18:35:00', '2013-04-28 19:52:00', '', 1, 0, 0, 0, 0, 288000),
(275, 17, 3, 1, '2013-04-28 22:24:16', '2013-04-28 22:54:00', '', 1, 0, 0, 0, 0, 123000),
(276, 16, 3, 1, '2013-04-28 22:35:00', '2013-04-29 00:29:00', '', 1, 0, 0, 0, 0, 494000),
(277, 2, 3, 1, '2013-04-28 22:50:41', '2013-04-28 23:56:00', '', 1, 0, 0, 0, 0, 302000),
(278, 26, 3, 1, '2013-04-29 14:00:00', '2013-04-29 15:53:00', '', 1, 0, 0, 0, 0, 983000),
(279, 27, 3, 1, '2013-04-29 14:05:00', '2013-04-29 15:10:00', 'Thuốc hút', 1, 0, 0, 25000, 0, 224000),
(280, 16, 3, 1, '2013-04-29 16:16:00', '2013-04-29 18:35:00', '', 1, 0, 0, 0, 0, 308000),
(281, 2, 3, 1, '2013-04-29 21:58:00', '2013-04-29 23:38:00', 'Phụ thu thuốc hút.Nhí  Nợ', 1, 0, 0, 25000, 0, 519000),
(282, 16, 3, 1, '2013-04-29 23:16:52', '2013-04-30 00:45:00', '', 1, 0, 0, 0, 0, 326000),
(283, 17, 3, 1, '2013-04-30 14:35:00', '2013-04-30 16:27:00', '', 1, 0, 0, 0, 0, 395000),
(284, 2, 3, 1, '2013-04-30 19:15:00', '2013-05-01 21:20:00', 'Anh 2 Tặng 1 con khô mực', 1, 0, 0, 0, 0, 2652000),
(285, 26, 3, 12, '2013-04-30 19:25:00', '2013-04-30 21:35:00', 'Cậu mợ 3 tiếp khách(Chú út+Chú 6 Cao)', 1, 0, 0, 0, 0, 995000),
(286, 16, 3, 1, '2013-04-30 20:00:00', '2013-04-30 21:05:00', '', 1, 0, 0, 0, 0, 312000),
(287, 27, 3, 1, '2013-04-30 20:44:00', '2013-04-30 23:05:00', 'Phụ thu thuốc 555', 1, 0, 0, 35000, 0, 974000),
(288, 16, 3, 1, '2013-04-30 21:40:00', '2013-04-30 23:40:00', '', 1, 0, 0, 0, 0, 616000),
(289, 1, 3, 1, '2013-04-30 21:46:00', '2013-04-30 23:35:00', '', 1, 0, 0, 0, 0, 423000),
(290, 2, 3, 16, '2013-04-30 22:25:00', '2013-04-30 23:25:00', 'Anh 2 tiếp khách Anh Tuấn', 1, 0, 0, 0, 0, 176000),
(295, 17, 3, 1, '2013-04-30 21:45:00', '2013-04-30 23:45:00', '', 1, 0, 0, 0, 0, 718000),
(296, 27, 3, 1, '2013-05-01 14:12:00', '2013-05-01 15:43:00', 'Phụ thu :Trái cây thêm', 1, 0, 0, 30000, 0, 0),
(297, 16, 3, 1, '2013-05-01 19:05:00', '2013-05-01 21:29:00', '', 1, 0, 0, 0, 0, 0),
(298, 26, 3, 1, '2013-05-01 22:49:16', '2013-05-01 23:50:00', '', 1, 0, 0, 0, 0, 0),
(299, 26, 3, 1, '2013-05-02 21:44:13', '2013-05-02 22:30:00', '', 1, 0, 0, 0, 0, 0),
(300, 2, 3, 1, '2013-05-02 22:45:00', '2013-05-03 00:06:00', '', 1, 0, 0, 0, 0, 0),
(301, 16, 3, 1, '2013-05-02 23:03:00', '2013-05-03 01:00:00', '', 1, 0, 0, 0, 0, 0),
(302, 27, 3, 1, '2013-05-02 23:25:00', '2013-05-03 00:27:00', '', 1, 0, 0, 0, 0, 0),
(303, 2, 3, 1, '2013-05-03 00:00:00', '2013-05-03 01:00:00', 'Anh Minh nợ', 1, 0, 0, 0, 0, 0),
(304, 1, 3, 1, '2013-05-03 00:12:34', '2013-05-03 00:12:34', '', 1, 0, 0, 0, 0, 0),
(305, 2, 3, 1, '2013-05-03 15:19:00', '2013-05-03 16:50:00', 'Phụ thu thuốc hút', 1, 0, 0, 25000, 0, 0),
(306, 2, 3, 1, '2013-05-03 18:37:00', '2013-05-03 22:23:00', 'Anh Tâm(Đã trừ phiếu này vào lương)', 1, 0, 0, 0, 0, 0),
(307, 1, 3, 1, '2013-05-04 20:36:12', '2013-05-04 22:28:00', '', 1, 0, 0, 0, 0, 0),
(308, 2, 3, 1, '2013-05-04 21:04:41', '2013-05-04 21:56:00', '', 1, 0, 0, 0, 0, 0),
(309, 16, 3, 1, '2013-05-04 23:28:04', '2013-05-05 00:28:00', '', 1, 0, 0, 0, 0, 0),
(310, 2, 3, 1, '2013-05-05 12:16:00', '2013-05-05 14:10:00', 'Thu 430.000', 1, 0, 0, 0, 0, 0),
(311, 2, 3, 1, '2013-05-05 16:30:00', '2013-05-05 19:30:00', '3 dĩa khô nhái + 1 dĩa chả giò.Anh2 (Nợ)', 1, 0, 0, 0, 0, 0),
(312, 14, 3, 1, '2013-05-05 17:21:17', '2013-05-05 19:10:00', '', 1, 0, 0, 0, 0, 0),
(313, 16, 3, 1, '2013-05-05 19:00:00', '2013-05-05 20:49:00', 'Bớt khách ', 1, 1000, 0, 0, 0, 0),
(314, 2, 3, 1, '2013-05-05 22:38:07', '2013-05-06 01:06:00', 'Anh toàn +Anh Minh (Nợ)', 1, 0, 0, 0, 0, 0),
(315, 1, 3, 1, '2013-05-05 23:40:51', '2013-05-06 01:05:00', '', 1, 0, 0, 0, 0, 0),
(316, 16, 3, 1, '2013-05-05 23:41:06', '2013-05-06 02:10:00', 'Phụ thu Trái cây thêm', 1, 0, 0, 30000, 0, 0),
(317, 2, 3, 1, '2013-05-06 20:00:00', '2013-05-06 21:20:00', '', 1, 0, 0, 0, 0, 0),
(318, 16, 3, 1, '2013-05-06 21:04:41', '2013-05-06 22:55:00', '', 1, 0, 0, 0, 0, 0),
(319, 17, 3, 1, '2013-05-06 22:05:17', '2013-05-07 01:50:00', 'Phụ thu: thuốc hút.Anh Khoa tặng 1 phần nhái sấy', 1, 0, 0, 25000, 0, 0),
(320, 2, 3, 1, '2013-05-06 23:03:31', '2013-05-07 01:07:00', '', 1, 0, 0, 0, 0, 0),
(321, 14, 3, 1, '2013-05-06 23:27:57', '2013-05-07 01:56:00', 'Phụ thu: Thuốc hút + mì ', 1, 0, 0, 35000, 0, 0),
(322, 2, 3, 1, '2013-05-07 16:47:36', '2013-05-07 18:55:00', 'Phụ thu:Thuốc hút', 1, 0, 0, 25000, 0, 0),
(325, 17, 3, 1, '2013-05-07 17:10:00', '2013-05-07 19:30:00', 'Phụ thu: thuốc hút', 1, 0, 0, 25000, 0, 0),
(326, 3, 3, 1, '2013-05-07 17:47:54', '2013-05-07 18:53:00', '', 1, 0, 0, 0, 0, 0),
(327, 1, 3, 1, '2013-05-07 21:51:44', '2013-05-07 21:51:44', '', 1, 0, 0, 0, 0, 0),
(328, 17, 3, 1, '2013-05-07 23:28:23', '2013-05-08 00:26:00', '', 1, 0, 0, 0, 0, 0),
(329, 1, 3, 1, '2013-05-07 23:34:24', '2013-05-08 00:40:00', '', 1, 0, 0, 0, 0, 0),
(330, 2, 3, 1, '2013-05-07 23:57:39', '2013-05-08 04:10:00', 'Phụ thu: Thuốc hút + khăn giấy bịch', 1, 0, 0, 55000, 0, 0),
(331, 2, 3, 1, '2013-05-08 21:44:39', '2013-05-08 23:15:00', '', 1, 0, 0, 0, 0, 0),
(332, 26, 3, 1, '2013-05-09 18:10:30', '2013-05-09 19:30:00', 'Phụ thu:thuốc hút', 1, 1000, 0, 25000, 0, 0),
(336, 2, 3, 1, '2013-04-01 12:45:00', '2013-04-01 14:15:00', '', 1, 1000, 0, 0, 0, 450000),
(337, 26, 3, 1, '2013-04-01 23:30:00', '2013-04-02 00:45:00', 'Phụ thu :Thuốc hút+mì gói', 1, 0, 0, 35000, 0, 436000),
(339, 2, 3, 1, '2013-04-02 23:15:00', '2013-04-03 00:45:00', '', 1, 0, 0, 0, 0, 401000),
(340, 2, 3, 1, '2013-04-01 21:10:00', '2013-04-02 00:10:00', 'Phụ thu: Thuốc hút', 1, 92000, 0, 25000, 0, 820000),
(342, 16, 3, 1, '2013-04-03 12:35:00', '2013-04-03 13:19:00', '', 1, 0, 0, 0, 0, 269000),
(343, 27, 3, 1, '2013-04-03 19:44:00', '2013-04-03 23:34:00', 'Tặng 2 dĩa khô mực+1 dĩa chả giò ghế', 1, 0, 20, 0, 0, 1444000),
(344, 16, 3, 15, '2013-04-03 19:55:00', '2013-04-03 21:45:00', 'NỢ', 1, 0, 0, 0, 0, 457000),
(345, 26, 3, 1, '2013-04-03 20:35:00', '2013-04-03 21:55:00', '', 1, 0, 0, 0, 0, 657000),
(346, 2, 3, 1, '2013-04-03 22:50:00', '2013-04-04 00:35:00', '', 1, 0, 0, 0, 0, 391000),
(347, 2, 3, 1, '2013-04-04 20:36:00', '2013-04-04 21:42:00', '', 1, 0, 0, 0, 0, 205000),
(348, 16, 3, 1, '2013-04-04 20:56:00', '2013-04-04 22:09:00', '', 1, 0, 0, 0, 0, 236000),
(349, 17, 3, 1, '2013-04-04 21:02:00', '2013-04-04 22:15:00', '', 1, 0, 0, 0, 0, 345000),
(350, 17, 3, 1, '2013-04-04 00:07:00', '2013-04-04 02:04:00', 'Anh Khoa tặng 1 dĩa khô mực', 1, 0, 0, 0, 0, 405000),
(351, 2, 3, 16, '2013-04-04 00:20:00', '2013-04-04 03:10:00', 'Anh Khoa Tiếp khách', 1, 0, 0, 0, 0, 710000),
(352, 26, 3, 1, '2013-04-04 00:20:00', '2013-04-04 01:55:00', '', 1, 0, 0, 0, 0, 406000),
(353, 16, 3, 1, '2013-04-05 00:01:00', '2013-04-05 03:54:00', '', 1, 1000, 0, 0, 0, 893000),
(354, 27, 3, 1, '2013-04-06 23:58:00', '2013-04-07 03:15:00', 'Thực thu', 1, 0, 0, 8000, 0, 990000),
(355, 16, 3, 1, '2013-04-06 00:53:00', '2013-04-06 01:53:00', '', 1, 0, 0, 0, 0, 254000),
(356, 16, 3, 1, '2013-04-02 00:30:00', '2013-04-02 02:15:00', 'Anh Khoa tặng 1 khô mực', 1, 0, 0, 0, 0, 297000),
(357, 27, 3, 1, '2013-04-02 00:10:00', '2013-04-02 01:55:00', '', 1, 0, 0, 0, 0, 485000),
(358, 16, 3, 1, '2013-04-19 23:30:00', '2013-04-20 01:00:00', '', 1, 0, 0, 0, 0, 379000),
(359, 2, 3, 1, '2013-04-19 00:45:00', '2013-04-19 02:15:00', 'Phụ thu:thuốc hút', 1, 0, 0, 25000, 0, 422000),
(363, 15, 3, 1, '2013-04-30 21:45:00', '2013-04-30 21:45:00', 'Anh Khoa khuyến mãi tiền karaoke', 1, 0, 0, 0, 0, 310000),
(366, 2, 3, 1, '2013-05-09 23:07:24', '2013-05-10 01:32:00', '', 1, 0, 0, 0, 0, 0),
(367, 16, 3, 1, '2013-05-09 23:16:16', '2013-05-10 00:42:00', 'Phụ thu:Thuốc hút', 1, 0, 0, 25000, 0, 0),
(368, 26, 3, 16, '2013-04-09 12:55:00', '2013-04-09 12:55:00', 'Anh 2 Tiếp khách', 1, 0, 0, 0, 0, 509000),
(372, 26, 3, 1, '2013-05-10 13:09:28', '2013-05-10 14:35:00', 'Anh Khoa tặng 1 dĩa nhái chiên', 1, 0, 0, 0, 0, 0),
(373, 3, 3, 1, '2013-04-30 23:00:00', '2013-05-01 00:15:00', '', 1, 2000, 0, 0, 0, 332000),
(374, 14, 3, 1, '2013-04-30 23:05:00', '2013-05-01 00:15:00', '', 1, 0, 0, 0, 0, 235000),
(375, 2, 3, 1, '2013-05-10 17:28:21', '2013-05-10 19:15:00', '', 1, 0, 0, 0, 0, 0),
(376, 16, 3, 1, '2013-05-08 12:09:00', '2013-05-08 12:09:00', 'Anh 2 nhậu với Anh Tuấn cá cơm(NỢ)', 1, 0, 0, 0, 0, 0),
(377, 17, 3, 1, '2013-05-10 20:51:07', '2013-05-10 23:32:00', 'Phụ thu:Thuốc hút', 1, 0, 0, 25000, 0, 0),
(378, 1, 3, 1, '2013-05-10 22:42:09', '2013-05-11 00:06:00', 'Phụ thu:Thuốc hút', 1, 0, 0, 25000, 0, 0),
(379, 2, 3, 1, '2013-05-11 12:04:00', '2013-05-11 13:42:00', '', 1, 0, 0, 0, 0, 0),
(380, 16, 3, 1, '2013-05-11 14:05:32', '2013-05-11 19:36:00', 'Phiếu của anh Tuấn Anh (NỢ)', 1, 0, 0, 0, 0, 0),
(381, 26, 3, 1, '2013-05-11 17:30:00', '2013-05-11 20:05:00', 'Cậu 3 tiếp khách(Cùng ngày phòng Anh Tuấn Anh)', 1, 0, 0, 0, 0, 0),
(383, 2, 3, 1, '2013-05-11 22:34:11', '2013-05-12 01:37:00', 'Phụ thu:Thuốc hút+ trà đá', 1, 1000, 0, 35000, 0, 0),
(386, 17, 3, 1, '2013-05-12 01:36:07', '2013-05-12 03:36:00', 'Phụ thu:Trà đá', 1, 0, 0, 5000, 0, 0),
(387, 1, 3, 1, '2013-05-12 01:14:00', '2013-05-12 01:14:00', 'Phụ thu:Thuốc hút', 1, 0, 0, 25000, 0, 0),
(390, 1, 1, 1, '2013-05-11 22:34:00', '2013-05-12 00:55:00', '', 1, 0, 0, 0, 0, 0),
(391, 3, 3, 1, '2013-05-11 23:14:00', '2013-05-12 01:50:00', '', 1, 0, 0, 0, 0, 0),
(392, 26, 3, 1, '2013-05-12 15:35:00', '2013-05-12 18:20:00', '', 1, 0, 0, 0, 0, 0),
(393, 2, 3, 1, '2013-05-13 17:34:23', '2013-05-13 19:12:00', 'Phụ thu:Thuốc hút', 1, 0, 0, 25000, 0, 0),
(395, 3, 3, 1, '2013-05-13 22:10:00', '2013-05-13 23:47:00', '', 1, 0, 0, 0, 0, 0),
(396, 17, 3, 1, '2013-05-14 21:34:36', '2013-05-14 23:58:00', '', 1, 0, 0, 1000, 0, 0),
(397, 1, 3, 1, '2013-05-15 13:15:00', '2013-05-15 14:41:00', 'Mợ 3 tặng 1 dĩa nhái chiên+1 đậu nành rang', 1, 0, 0, 0, 0, 0),
(398, 27, 3, 1, '2013-05-15 13:19:24', '2013-05-15 15:20:00', 'Phụ thu: Mít ', 1, 0, 0, 70000, 0, 0),
(399, 1, 3, 1, '2013-05-15 14:41:00', '2013-05-15 15:41:14', 'Mợ 3 tiếp khách', 1, 0, 0, 0, 0, 0),
(400, 1, 3, 1, '2013-05-15 19:42:21', '2013-05-15 19:42:21', 'BÁN LẺ', 1, 0, 0, 0, 0, 0),
(402, 17, 2, 1, '2013-05-16 18:15:00', '2013-05-16 20:08:00', 'Thực thu', 1, 6000, 0, 0, 0, 480000),
(404, 2, 3, 1, '2013-05-15 22:47:00', '2013-05-16 00:47:00', 'Phụ thu: Thuốc hút', 1, 0, 0, 25000, 0, 363000),
(405, 2, 3, 1, '2013-05-16 21:46:07', '2013-05-16 23:39:00', '', 1, 0, 0, 0, 0, 293000),
(406, 3, 3, 1, '2013-05-16 22:04:00', '2013-05-16 22:35:00', '', 1, 0, 0, 0, 0, 60000),
(407, 1, 3, 1, '2013-05-16 22:04:00', '2013-05-17 00:05:00', 'Giu 1 bằng lái xe+cmnd(Quỳnh Nợ)Trả trước 200.000đ', 1, 0, 0, 0, 0, 363000),
(408, 2, 3, 1, '2013-05-17 17:30:00', '2013-05-17 18:50:00', '', 1, 0, 0, 0, 0, 445000),
(409, 1, 3, 1, '2013-05-17 18:30:00', '2013-05-17 20:45:00', 'MỢ 3 TIẾP KHÁCH', 1, 0, 0, 0, 0, 263000),
(410, 26, 3, 1, '2013-05-17 19:17:38', '2013-05-17 20:20:00', '', 1, 0, 0, 0, 0, 672000),
(411, 2, 3, 1, '2013-05-17 19:57:17', '2013-05-17 21:19:00', '', 1, 0, 0, 0, 0, 253000),
(412, 14, 3, 1, '2013-05-17 20:58:41', '2013-05-17 22:00:00', '', 1, 0, 0, 0, 0, 344000),
(413, 2, 3, 1, '2013-05-17 23:43:25', '2013-05-18 01:20:00', 'Phụ thu:Thuốc hút', 1, 0, 0, 25000, 0, 330000),
(414, 27, 3, 1, '2013-05-18 19:25:00', '2013-05-18 21:00:00', '', 1, 0, 20, 0, 0, 560000),
(416, 2, 3, 1, '2013-05-18 20:04:00', '2013-05-18 20:40:00', '', 1, 0, 0, 0, 0, 182000),
(417, 17, 3, 1, '2013-05-18 22:13:26', '2013-05-18 22:45:00', '', 1, 0, 0, 0, 0, 163000),
(419, 1, 3, 1, '2013-05-19 00:45:34', '2013-05-19 00:45:34', 'BÁN LẺ', 1, 0, 0, 0, 0, 35000),
(420, 26, 3, 1, '2013-05-19 12:38:00', '2013-05-19 15:00:00', '', 1, 0, 0, 0, 0, 676000),
(421, 16, 3, 1, '2013-05-19 15:35:00', '2013-05-19 16:35:00', '', 1, 0, 0, 0, 0, 272000),
(422, 26, 3, 1, '2013-05-19 15:35:00', '2013-05-19 15:35:00', 'Anh Khoa (NỢ) Nhậu với Anh Đoàn', 1, 0, 0, 0, 0, 273000),
(423, 27, 3, 1, '2013-05-19 17:00:00', '2013-05-19 18:30:00', '', 1, 0, 0, 0, 0, 546000),
(424, 2, 3, 1, '2013-05-18 23:31:00', '2013-05-19 00:42:00', '', 1, 0, 0, 0, 0, 232000),
(425, 2, 3, 1, '2013-05-19 20:20:00', '2013-05-19 22:43:00', 'Anh Khoa(NỢ) nhậu với a Đoàn', 1, 0, 0, 0, 0, 640000),
(426, 16, 3, 1, '2013-05-19 20:29:00', '2013-05-19 22:05:00', '', 1, 0, 0, 0, 0, 594000),
(428, 26, 3, 1, '2013-05-19 21:15:28', '2013-05-19 22:15:00', 'THỰC THU', 1, 4000, 0, 0, 0, 250000),
(429, 1, 3, 1, '2013-05-19 23:12:48', '2013-05-20 00:43:00', '', 1, 0, 0, 0, 0, 317000),
(430, 17, 3, 1, '2013-05-19 23:56:00', '2013-05-20 00:35:00', '', 1, 0, 0, 0, 0, 202000),
(431, 26, 3, 1, '2013-05-20 14:35:00', '2013-05-20 17:35:00', 'Phụ thu:Thuốc hút(2 gói)', 1, 0, 0, 50000, 0, 1030000),
(433, 27, 3, 16, '2013-05-20 15:20:00', '2013-05-20 15:20:00', '', 2, 0, 0, 0, 0, 670000),
(434, 27, 3, 1, '2013-05-20 16:30:00', '2013-05-20 18:11:00', '', 1, 0, 0, 0, 0, 411000),
(435, 2, 3, 1, '2013-05-20 23:20:00', '2013-05-21 00:20:00', '', 1, 0, 0, 0, 0, 266000),
(436, 16, 3, 1, '2013-05-20 23:20:00', '2013-05-21 00:50:00', '', 1, 0, 0, 0, 0, 332000),
(437, 17, 3, 1, '2013-05-21 00:02:00', '2013-05-21 01:50:00', '', 1, 0, 0, 0, 0, 276000);

-- --------------------------------------------------------

--
-- Structure de la table `k3d_session_detail`
--

CREATE TABLE IF NOT EXISTS `k3d_session_detail` (
  `id` int(11) NOT NULL AUTO_INCREMENT,
  `idsession` int(11) NOT NULL,
  `idcourse` int(11) NOT NULL,
  `count` int(11) NOT NULL,
  `price` bigint(20) NOT NULL,
  PRIMARY KEY (`id`),
  KEY `idsession` (`idsession`),
  KEY `idcourse` (`idcourse`)
) ENGINE=InnoDB  DEFAULT CHARSET=utf8 COLLATE=utf8_unicode_ci AUTO_INCREMENT=1820 ;

--
-- Contenu de la table `k3d_session_detail`
--

INSERT INTO `k3d_session_detail` (`id`, `idsession`, `idcourse`, `count`, `price`) VALUES
(303, 158, 111, 11, 12000),
(304, 158, 110, 1, 50000),
(305, 158, 131, 6, 2000),
(306, 158, 122, 2, 6000),
(326, 162, 111, 7, 12000),
(327, 162, 110, 1, 50000),
(328, 162, 131, 5, 2000),
(329, 162, 122, 1, 6000),
(330, 162, 120, 1, 30000),
(331, 163, 111, 29, 12000),
(332, 163, 110, 1, 50000),
(333, 163, 131, 10, 2000),
(334, 164, 138, 16, 15000),
(335, 164, 110, 1, 50000),
(337, 164, 131, 10, 2000),
(338, 163, 127, 2, 12000),
(340, 164, 134, 4, 50000),
(341, 164, 53, 3, 12000),
(342, 164, 120, 1, 30000),
(343, 164, 119, 1, 30000),
(344, 164, 142, 1, 12000),
(345, 164, 118, 1, 15000),
(346, 164, 115, 1, 30000),
(347, 164, 122, 1, 6000),
(348, 164, 121, 1, 30000),
(349, 164, 139, 2, 10000),
(350, 163, 117, 1, 10000),
(351, 163, 122, 1, 6000),
(352, 163, 118, 1, 15000),
(353, 163, 121, 1, 30000),
(354, 163, 116, 1, 25000),
(355, 165, 111, 17, 12000),
(356, 165, 110, 1, 50000),
(357, 165, 131, 5, 2000),
(358, 166, 111, 16, 12000),
(359, 166, 110, 1, 50000),
(360, 166, 131, 3, 2000),
(361, 165, 139, 1, 10000),
(362, 165, 122, 2, 6000),
(363, 165, 132, 1, 4000),
(364, 165, 116, 1, 25000),
(365, 166, 119, 1, 30000),
(366, 166, 139, 1, 10000),
(367, 166, 117, 1, 10000),
(368, 166, 122, 1, 6000),
(369, 168, 138, 18, 15000),
(370, 168, 110, 1, 50000),
(371, 168, 131, 2, 2000),
(372, 169, 137, 13, 14000),
(374, 169, 110, 1, 50000),
(375, 169, 131, 2, 2000),
(376, 170, 111, 5, 12000),
(377, 170, 110, 1, 50000),
(379, 168, 139, 2, 10000),
(380, 168, 142, 1, 12000),
(381, 171, 111, 8, 12000),
(382, 171, 110, 1, 50000),
(383, 171, 131, 2, 2000),
(384, 169, 117, 1, 10000),
(385, 169, 139, 1, 10000),
(386, 169, 118, 1, 15000),
(387, 169, 121, 1, 30000),
(388, 169, 122, 2, 6000),
(390, 170, 134, 1, 50000),
(391, 171, 119, 1, 30000),
(392, 171, 121, 1, 30000),
(393, 171, 122, 2, 6000),
(394, 171, 142, 1, 12000),
(395, 172, 111, 5, 12000),
(396, 173, 108, 10, 20000),
(397, 173, 110, 1, 50000),
(398, 173, 131, 5, 2000),
(399, 173, 122, 2, 6000),
(400, 173, 139, 1, 10000),
(401, 174, 112, 8, 15000),
(402, 174, 131, 2, 2000),
(403, 174, 110, 1, 50000),
(404, 174, 122, 2, 6000),
(405, 175, 111, 4, 12000),
(406, 175, 110, 1, 50000),
(408, 176, 111, 7, 12000),
(409, 176, 110, 1, 50000),
(410, 176, 131, 2, 2000),
(411, 175, 119, 1, 30000),
(412, 175, 120, 1, 30000),
(418, 176, 125, 1, 7000),
(419, 176, 142, 1, 12000),
(420, 176, 141, 1, 17000),
(427, 178, 111, 21, 12000),
(428, 178, 110, 1, 50000),
(429, 178, 131, 5, 2000),
(430, 178, 117, 1, 10000),
(431, 178, 121, 1, 30000),
(432, 178, 122, 1, 6000),
(433, 178, 116, 1, 25000),
(434, 179, 126, 1, 10000),
(435, 180, 112, 13, 15000),
(436, 180, 110, 1, 50000),
(437, 180, 131, 5, 2000),
(438, 181, 110, 1, 50000),
(440, 181, 111, 20, 12000),
(441, 180, 120, 1, 30000),
(442, 180, 122, 1, 6000),
(443, 180, 132, 1, 4000),
(444, 180, 142, 1, 12000),
(445, 180, 139, 1, 10000),
(446, 182, 110, 1, 50000),
(448, 182, 112, 12, 15000),
(449, 181, 123, 1, 10000),
(450, 181, 118, 1, 15000),
(451, 182, 141, 1, 17000),
(452, 182, 117, 1, 10000),
(453, 182, 124, 1, 10000),
(454, 182, 122, 2, 6000),
(455, 182, 115, 1, 30000),
(456, 183, 108, 4, 20000),
(469, 183, 134, 1, 50000),
(470, 184, 112, 7, 15000),
(471, 184, 110, 1, 50000),
(472, 184, 131, 3, 2000),
(473, 186, 112, 9, 15000),
(474, 186, 110, 1, 50000),
(475, 186, 131, 1, 2000),
(476, 187, 111, 9, 12000),
(477, 184, 119, 1, 30000),
(478, 186, 134, 1, 50000),
(479, 188, 111, 6, 12000),
(480, 188, 110, 1, 50000),
(482, 189, 107, 14, 18000),
(483, 189, 110, 1, 50000),
(485, 193, 112, 12, 15000),
(486, 193, 134, 1, 50000),
(487, 193, 110, 1, 50000),
(488, 193, 131, 6, 2000),
(489, 193, 126, 1, 10000),
(490, 192, 111, 30, 12000),
(491, 192, 110, 1, 50000),
(492, 192, 131, 8, 2000),
(493, 194, 112, 11, 15000),
(494, 194, 110, 1, 50000),
(495, 194, 131, 1, 2000),
(496, 191, 111, 8, 12000),
(497, 191, 110, 2, 50000),
(499, 195, 138, 15, 15000),
(500, 195, 110, 1, 50000),
(501, 195, 131, 10, 2000),
(502, 190, 111, 20, 12000),
(503, 190, 110, 1, 50000),
(504, 190, 131, 3, 2000),
(505, 189, 120, 1, 30000),
(506, 189, 125, 1, 7000),
(507, 189, 142, 1, 12000),
(508, 189, 122, 1, 6000),
(509, 192, 117, 2, 10000),
(510, 192, 119, 1, 30000),
(511, 192, 120, 1, 30000),
(512, 192, 121, 1, 30000),
(513, 192, 123, 1, 10000),
(514, 192, 124, 1, 10000),
(515, 192, 142, 1, 12000),
(516, 192, 143, 1, 12000),
(517, 192, 116, 1, 25000),
(518, 195, 117, 3, 10000),
(519, 195, 139, 2, 10000),
(520, 195, 120, 1, 30000),
(521, 195, 125, 3, 7000),
(522, 195, 124, 2, 10000),
(523, 195, 119, 2, 30000),
(524, 195, 121, 2, 30000),
(525, 195, 122, 1, 6000),
(526, 195, 142, 2, 12000),
(527, 195, 118, 2, 15000),
(528, 195, 132, 1, 4000),
(529, 195, 116, 1, 25000),
(530, 195, 115, 1, 30000),
(531, 196, 111, 20, 12000),
(532, 196, 110, 1, 50000),
(533, 196, 131, 10, 2000),
(534, 196, 134, 1, 50000),
(535, 197, 108, 48, 20000),
(536, 197, 110, 1, 50000),
(537, 197, 131, 10, 2000),
(538, 197, 117, 1, 10000),
(539, 197, 139, 1, 10000),
(540, 197, 125, 1, 7000),
(541, 197, 121, 1, 30000),
(542, 197, 141, 1, 17000),
(543, 197, 122, 2, 6000),
(544, 198, 112, 20, 15000),
(545, 198, 110, 1, 50000),
(546, 198, 131, 5, 2000),
(547, 198, 134, 1, 50000),
(548, 198, 122, 1, 6000),
(549, 199, 108, 8, 20000),
(550, 199, 126, 1, 10000),
(551, 199, 110, 1, 50000),
(552, 199, 131, 2, 2000),
(553, 199, 121, 1, 30000),
(555, 204, 112, 20, 15000),
(556, 204, 110, 1, 50000),
(557, 204, 131, 6, 2000),
(558, 201, 111, 8, 12000),
(559, 201, 110, 1, 50000),
(560, 201, 131, 2, 2000),
(561, 202, 112, 15, 15000),
(562, 202, 110, 1, 50000),
(563, 202, 131, 2, 2000),
(564, 200, 111, 5, 12000),
(565, 200, 143, 2, 12000),
(566, 200, 110, 1, 50000),
(568, 202, 120, 1, 30000),
(569, 201, 122, 1, 6000),
(570, 206, 108, 4, 20000),
(571, 206, 143, 1, 12000),
(572, 206, 110, 1, 50000),
(573, 206, 131, 1, 2000),
(574, 205, 111, 11, 12000),
(575, 205, 110, 1, 50000),
(576, 205, 131, 2, 2000),
(577, 204, 139, 1, 10000),
(578, 204, 117, 2, 10000),
(579, 204, 118, 1, 15000),
(580, 204, 125, 2, 7000),
(581, 204, 141, 1, 17000),
(582, 204, 121, 1, 30000),
(583, 204, 116, 1, 25000),
(584, 204, 120, 1, 30000),
(585, 204, 119, 1, 30000),
(586, 204, 122, 2, 6000),
(587, 206, 121, 2, 30000),
(588, 206, 122, 1, 6000),
(589, 205, 139, 1, 10000),
(590, 207, 107, 48, 18000),
(592, 207, 110, 2, 50000),
(593, 207, 126, 2, 10000),
(594, 207, 54, 1, 10000),
(595, 207, 131, 20, 2000),
(596, 207, 119, 1, 30000),
(597, 207, 120, 1, 30000),
(598, 207, 117, 2, 10000),
(599, 207, 124, 1, 10000),
(600, 207, 118, 1, 15000),
(601, 207, 121, 1, 30000),
(603, 207, 141, 1, 17000),
(604, 207, 122, 1, 6000),
(605, 207, 115, 1, 30000),
(606, 207, 139, 1, 10000),
(607, 207, 116, 1, 25000),
(608, 209, 112, 14, 15000),
(609, 209, 142, 1, 12000),
(610, 209, 139, 2, 10000),
(611, 208, 111, 69, 12000),
(612, 208, 110, 2, 50000),
(613, 208, 131, 10, 2000),
(614, 209, 131, 5, 2000),
(615, 210, 107, 14, 18000),
(616, 210, 110, 1, 50000),
(617, 210, 131, 10, 2000),
(618, 212, 111, 6, 12000),
(619, 212, 110, 1, 50000),
(620, 212, 131, 3, 2000),
(621, 213, 111, 11, 12000),
(622, 213, 110, 1, 50000),
(624, 212, 122, 1, 6000),
(625, 213, 120, 1, 30000),
(626, 213, 119, 1, 30000),
(627, 213, 117, 2, 10000),
(628, 213, 123, 1, 10000),
(629, 213, 124, 1, 10000),
(630, 213, 121, 1, 30000),
(631, 213, 141, 1, 17000),
(632, 213, 142, 1, 12000),
(633, 214, 111, 6, 12000),
(634, 214, 110, 1, 50000),
(636, 211, 111, 43, 12000),
(637, 211, 110, 1, 50000),
(638, 211, 131, 16, 2000),
(639, 211, 125, 1, 7000),
(640, 211, 122, 2, 6000),
(641, 211, 115, 1, 30000),
(642, 211, 116, 1, 25000),
(643, 214, 117, 1, 10000),
(644, 214, 139, 1, 10000),
(645, 214, 122, 1, 6000),
(646, 214, 116, 1, 25000),
(647, 214, 118, 1, 15000),
(648, 215, 111, 7, 12000),
(649, 215, 110, 1, 50000),
(650, 215, 131, 6, 2000),
(651, 215, 139, 1, 10000),
(652, 216, 111, 3, 12000),
(653, 216, 110, 1, 50000),
(655, 217, 111, 11, 12000),
(656, 217, 110, 1, 50000),
(657, 217, 131, 1, 2000),
(658, 219, 107, 20, 18000),
(659, 219, 110, 1, 50000),
(660, 219, 131, 9, 2000),
(661, 220, 111, 4, 12000),
(663, 220, 131, 1, 2000),
(664, 219, 117, 1, 10000),
(665, 221, 107, 8, 18000),
(666, 221, 110, 1, 50000),
(667, 221, 131, 3, 2000),
(668, 220, 134, 1, 50000),
(669, 222, 107, 4, 18000),
(670, 222, 110, 1, 50000),
(671, 222, 131, 2, 2000),
(672, 223, 112, 13, 15000),
(673, 223, 110, 1, 50000),
(674, 223, 131, 1, 2000),
(675, 222, 122, 1, 6000),
(676, 222, 132, 1, 4000),
(677, 222, 116, 1, 25000),
(678, 223, 139, 1, 10000),
(679, 223, 116, 1, 25000),
(680, 224, 112, 3, 15000),
(681, 224, 110, 1, 50000),
(683, 225, 110, 1, 50000),
(684, 225, 131, 30, 2000),
(685, 225, 134, 2, 50000),
(686, 225, 119, 1, 30000),
(687, 225, 117, 1, 10000),
(688, 225, 121, 1, 30000),
(689, 225, 116, 1, 25000),
(690, 225, 115, 1, 30000),
(691, 225, 122, 1, 6000),
(692, 225, 139, 2, 10000),
(693, 225, 108, 48, 20000),
(694, 226, 111, 20, 12000),
(695, 226, 110, 1, 50000),
(696, 226, 131, 10, 2000),
(697, 227, 143, 2, 12000),
(698, 226, 134, 2, 50000),
(699, 228, 112, 27, 15000),
(700, 228, 110, 2, 50000),
(701, 228, 131, 9, 2000),
(702, 228, 144, 1, 60000),
(703, 229, 108, 17, 20000),
(704, 229, 110, 1, 50000),
(706, 230, 111, 6, 12000),
(707, 230, 110, 1, 50000),
(709, 229, 122, 1, 6000),
(710, 229, 139, 1, 10000),
(711, 228, 118, 1, 15000),
(712, 228, 117, 1, 10000),
(713, 228, 123, 1, 10000),
(714, 228, 142, 1, 12000),
(715, 228, 141, 1, 17000),
(716, 231, 107, 48, 18000),
(717, 231, 110, 1, 50000),
(718, 231, 131, 20, 2000),
(719, 231, 120, 1, 30000),
(720, 231, 117, 1, 10000),
(721, 231, 122, 1, 6000),
(722, 231, 139, 2, 10000),
(723, 231, 115, 1, 30000),
(727, 233, 111, 11, 12000),
(728, 233, 110, 1, 50000),
(729, 233, 131, 1, 2000),
(732, 233, 120, 1, 30000),
(740, 234, 111, 12, 12000),
(741, 234, 144, 1, 60000),
(742, 234, 131, 8, 2000),
(743, 234, 122, 1, 6000),
(744, 234, 139, 1, 10000),
(745, 234, 124, 1, 10000),
(746, 235, 112, 8, 15000),
(747, 235, 110, 1, 50000),
(748, 235, 131, 2, 2000),
(749, 237, 107, 16, 18000),
(750, 237, 110, 1, 50000),
(751, 237, 131, 10, 2000),
(752, 237, 53, 1, 12000),
(753, 237, 143, 1, 12000),
(754, 237, 115, 1, 30000),
(755, 237, 141, 1, 17000),
(756, 238, 126, 3, 10000),
(757, 238, 134, 1, 50000),
(758, 238, 120, 1, 30000),
(759, 238, 125, 1, 7000),
(760, 239, 111, 9, 12000),
(761, 239, 110, 1, 50000),
(762, 239, 131, 1, 2000),
(763, 239, 121, 1, 30000),
(764, 240, 107, 5, 18000),
(765, 240, 126, 1, 10000),
(766, 240, 139, 2, 10000),
(767, 241, 107, 35, 18000),
(768, 241, 110, 2, 50000),
(769, 241, 131, 5, 2000),
(770, 241, 139, 1, 10000),
(771, 241, 122, 1, 6000),
(772, 241, 141, 1, 17000),
(773, 242, 107, 17, 18000),
(774, 242, 110, 1, 50000),
(775, 242, 131, 2, 2000),
(776, 242, 119, 1, 30000),
(777, 242, 120, 1, 30000),
(778, 243, 111, 27, 12000),
(779, 243, 110, 1, 50000),
(780, 243, 131, 10, 2000),
(781, 243, 120, 1, 30000),
(782, 243, 119, 1, 30000),
(783, 243, 117, 1, 10000),
(784, 243, 118, 1, 15000),
(785, 243, 121, 1, 30000),
(786, 243, 141, 1, 17000),
(787, 243, 123, 1, 10000),
(788, 243, 124, 1, 10000),
(789, 235, 142, 1, 12000),
(790, 235, 141, 1, 17000),
(791, 235, 121, 1, 30000),
(792, 244, 111, 8, 12000),
(794, 244, 110, 1, 50000),
(795, 244, 143, 1, 12000),
(796, 246, 107, 24, 18000),
(797, 246, 110, 1, 50000),
(798, 246, 131, 10, 2000),
(799, 244, 139, 1, 10000),
(800, 244, 125, 2, 7000),
(801, 246, 121, 1, 30000),
(802, 246, 139, 1, 10000),
(803, 247, 111, 20, 12000),
(804, 247, 110, 1, 50000),
(805, 247, 131, 10, 2000),
(806, 248, 111, 20, 12000),
(807, 248, 110, 1, 50000),
(808, 248, 131, 10, 2000),
(809, 248, 122, 1, 6000),
(810, 248, 139, 2, 10000),
(811, 249, 111, 14, 12000),
(812, 249, 110, 1, 50000),
(813, 249, 131, 5, 2000),
(814, 250, 110, 1, 50000),
(816, 249, 144, 1, 60000),
(817, 250, 143, 4, 12000),
(818, 250, 111, 26, 12000),
(819, 249, 139, 1, 10000),
(820, 249, 125, 1, 7000),
(821, 249, 119, 1, 30000),
(822, 249, 143, 1, 12000),
(823, 249, 145, 1, 60000),
(824, 250, 120, 1, 30000),
(825, 250, 139, 1, 10000),
(826, 250, 125, 1, 7000),
(827, 250, 116, 1, 25000),
(828, 251, 107, 6, 18000),
(829, 251, 110, 1, 50000),
(830, 252, 110, 1, 50000),
(831, 252, 131, 20, 2000),
(832, 253, 112, 32, 15000),
(833, 253, 110, 2, 50000),
(834, 253, 131, 10, 2000),
(835, 252, 107, 39, 18000),
(836, 252, 126, 3, 10000),
(837, 252, 125, 1, 7000),
(838, 252, 124, 1, 10000),
(839, 252, 139, 1, 10000),
(840, 252, 118, 1, 15000),
(841, 253, 122, 1, 6000),
(842, 253, 123, 1, 10000),
(843, 253, 124, 1, 10000),
(844, 253, 139, 2, 10000),
(845, 254, 112, 9, 15000),
(846, 254, 110, 1, 50000),
(848, 254, 120, 1, 30000),
(849, 255, 111, 26, 12000),
(850, 255, 110, 1, 50000),
(851, 255, 131, 3, 2000),
(852, 255, 118, 1, 15000),
(853, 255, 139, 2, 10000),
(854, 255, 125, 1, 7000),
(855, 255, 122, 1, 6000),
(856, 256, 107, 16, 18000),
(857, 256, 110, 1, 50000),
(858, 256, 131, 10, 2000),
(859, 256, 116, 1, 25000),
(860, 256, 142, 1, 12000),
(861, 258, 107, 44, 18000),
(862, 258, 110, 2, 50000),
(863, 258, 131, 10, 2000),
(864, 259, 108, 12, 20000),
(865, 259, 110, 1, 50000),
(866, 259, 131, 3, 2000),
(867, 258, 144, 2, 60000),
(868, 258, 139, 1, 10000),
(869, 258, 142, 1, 12000),
(870, 258, 145, 1, 60000),
(871, 259, 124, 1, 10000),
(872, 259, 139, 1, 10000),
(873, 259, 115, 1, 30000),
(874, 260, 111, 11, 12000),
(875, 260, 110, 1, 50000),
(876, 260, 131, 1, 2000),
(877, 261, 107, 22, 18000),
(878, 261, 110, 1, 50000),
(879, 261, 131, 11, 2000),
(880, 260, 120, 1, 30000),
(881, 260, 139, 1, 10000),
(882, 260, 117, 1, 10000),
(883, 260, 118, 1, 15000),
(884, 260, 116, 1, 25000),
(885, 261, 122, 2, 6000),
(886, 261, 139, 2, 10000),
(887, 261, 117, 1, 10000),
(888, 261, 126, 1, 10000),
(889, 263, 111, 18, 12000),
(890, 263, 110, 1, 50000),
(891, 263, 131, 20, 2000),
(892, 262, 111, 10, 12000),
(893, 262, 110, 1, 50000),
(894, 262, 131, 3, 2000),
(895, 262, 120, 1, 30000),
(896, 262, 119, 1, 30000),
(897, 262, 117, 2, 10000),
(898, 262, 125, 1, 7000),
(899, 262, 142, 1, 12000),
(900, 263, 139, 5, 10000),
(901, 264, 111, 38, 12000),
(902, 264, 110, 1, 50000),
(903, 264, 131, 10, 2000),
(904, 265, 111, 10, 12000),
(905, 265, 110, 1, 50000),
(906, 265, 131, 1, 2000),
(907, 264, 144, 1, 60000),
(908, 264, 120, 1, 30000),
(909, 264, 119, 1, 30000),
(910, 264, 117, 1, 10000),
(911, 264, 121, 1, 30000),
(912, 264, 139, 1, 10000),
(913, 264, 122, 1, 6000),
(914, 264, 143, 1, 12000),
(915, 266, 107, 23, 18000),
(916, 266, 110, 1, 50000),
(917, 266, 131, 4, 2000),
(918, 267, 111, 30, 12000),
(919, 267, 110, 1, 50000),
(920, 267, 131, 10, 2000),
(921, 266, 126, 2, 10000),
(922, 266, 54, 2, 10000),
(923, 266, 142, 1, 12000),
(924, 266, 139, 3, 10000),
(925, 266, 116, 1, 25000),
(926, 267, 120, 1, 30000),
(927, 267, 117, 1, 10000),
(929, 267, 118, 1, 15000),
(930, 267, 122, 1, 6000),
(931, 267, 115, 1, 30000),
(932, 267, 139, 1, 10000),
(933, 269, 107, 4, 18000),
(934, 269, 110, 1, 50000),
(935, 269, 131, 6, 2000),
(936, 268, 107, 50, 18000),
(937, 268, 110, 1, 50000),
(938, 268, 131, 30, 2000),
(939, 268, 126, 2, 10000),
(940, 268, 144, 2, 60000),
(941, 268, 122, 1, 6000),
(942, 268, 139, 1, 10000),
(943, 268, 125, 2, 7000),
(944, 268, 117, 2, 10000),
(945, 268, 116, 1, 25000),
(946, 268, 115, 1, 30000),
(947, 270, 107, 18, 18000),
(948, 270, 110, 1, 50000),
(949, 270, 131, 10, 2000),
(956, 270, 116, 1, 25000),
(957, 270, 118, 1, 15000),
(958, 270, 142, 1, 12000),
(959, 270, 139, 2, 10000),
(960, 270, 125, 2, 7000),
(963, 274, 131, 1, 2000),
(964, 274, 110, 1, 50000),
(965, 274, 111, 5, 12000),
(966, 274, 126, 1, 10000),
(967, 274, 139, 1, 10000),
(968, 274, 119, 1, 30000),
(969, 274, 122, 1, 6000),
(970, 273, 107, 2, 18000),
(971, 273, 119, 1, 30000),
(972, 273, 121, 1, 30000),
(973, 273, 125, 1, 7000),
(974, 275, 137, 2, 14000),
(976, 275, 110, 1, 50000),
(977, 276, 111, 20, 12000),
(978, 276, 131, 4, 2000),
(979, 276, 110, 1, 50000),
(980, 277, 111, 10, 12000),
(981, 277, 121, 1, 30000),
(982, 277, 142, 1, 12000),
(983, 277, 141, 1, 17000),
(984, 277, 116, 1, 25000),
(985, 276, 116, 1, 25000),
(986, 278, 110, 2, 50000),
(987, 278, 111, 56, 12000),
(988, 279, 110, 2, 50000),
(990, 278, 131, 30, 2000),
(991, 279, 131, 6, 2000),
(992, 280, 111, 4, 12000),
(993, 280, 110, 1, 50000),
(994, 280, 131, 4, 2000),
(995, 280, 139, 3, 10000),
(996, 280, 54, 1, 10000),
(997, 281, 111, 14, 12000),
(998, 281, 110, 1, 50000),
(999, 281, 131, 7, 2000),
(1000, 282, 111, 12, 12000),
(1001, 282, 110, 1, 50000),
(1003, 281, 119, 1, 30000),
(1004, 281, 141, 1, 17000),
(1005, 281, 121, 1, 30000),
(1006, 281, 139, 1, 10000),
(1007, 281, 116, 1, 25000),
(1008, 283, 112, 12, 15000),
(1009, 283, 131, 7, 2000),
(1010, 283, 126, 1, 10000),
(1012, 283, 144, 1, 60000),
(1013, 284, 114, 12, 16000),
(1014, 284, 110, 1, 50000),
(1015, 284, 131, 7, 2000),
(1017, 284, 124, 1, 10000),
(1018, 284, 142, 1, 12000),
(1019, 284, 141, 1, 17000),
(1020, 284, 117, 1, 10000),
(1021, 285, 107, 29, 18000),
(1022, 285, 110, 1, 50000),
(1024, 285, 54, 3, 10000),
(1025, 285, 120, 2, 30000),
(1026, 285, 144, 1, 60000),
(1027, 285, 117, 1, 10000),
(1028, 285, 142, 1, 12000),
(1029, 285, 141, 1, 17000),
(1030, 285, 125, 1, 7000),
(1031, 285, 123, 1, 10000),
(1032, 286, 111, 10, 12000),
(1033, 286, 110, 1, 50000),
(1035, 286, 126, 1, 10000),
(1036, 286, 139, 1, 10000),
(1037, 286, 116, 1, 25000),
(1038, 287, 138, 8, 15000),
(1039, 287, 107, 24, 18000),
(1040, 287, 110, 1, 50000),
(1041, 287, 131, 10, 2000),
(1043, 287, 119, 1, 30000),
(1044, 287, 121, 1, 30000),
(1045, 287, 124, 1, 10000),
(1046, 287, 122, 2, 6000),
(1047, 288, 112, 13, 15000),
(1048, 288, 110, 1, 50000),
(1049, 288, 131, 7, 2000),
(1050, 288, 126, 1, 10000),
(1051, 288, 120, 1, 30000),
(1052, 288, 119, 1, 30000),
(1053, 288, 117, 2, 10000),
(1054, 288, 122, 3, 6000),
(1055, 288, 121, 1, 30000),
(1056, 288, 125, 1, 7000),
(1057, 288, 142, 1, 12000),
(1058, 288, 139, 2, 10000),
(1059, 289, 108, 7, 20000),
(1060, 289, 54, 2, 10000),
(1062, 289, 131, 6, 2000),
(1063, 289, 120, 1, 30000),
(1064, 289, 123, 1, 10000),
(1065, 289, 124, 1, 10000),
(1066, 289, 142, 1, 12000),
(1067, 289, 116, 1, 25000),
(1068, 290, 111, 3, 12000),
(1069, 290, 110, 1, 50000),
(1070, 295, 111, 31, 12000),
(1071, 295, 110, 1, 50000),
(1072, 295, 131, 10, 2000),
(1073, 295, 119, 1, 30000),
(1074, 295, 125, 1, 7000),
(1075, 295, 139, 1, 10000),
(1076, 295, 142, 1, 12000),
(1077, 295, 122, 2, 6000),
(1078, 295, 116, 1, 25000),
(1079, 296, 107, 31, 18000),
(1080, 296, 110, 1, 50000),
(1081, 296, 131, 6, 2000),
(1082, 296, 117, 1, 10000),
(1083, 296, 125, 1, 7000),
(1084, 296, 139, 1, 10000),
(1085, 297, 110, 1, 50000),
(1086, 297, 131, 1, 2000),
(1087, 297, 111, 20, 12000),
(1088, 297, 139, 2, 10000),
(1089, 298, 108, 18, 20000),
(1090, 298, 110, 2, 50000),
(1091, 298, 131, 8, 2000),
(1092, 298, 119, 1, 30000),
(1093, 298, 122, 6, 6000),
(1094, 298, 116, 1, 25000),
(1095, 298, 139, 2, 10000),
(1096, 298, 123, 1, 10000),
(1097, 298, 124, 1, 10000),
(1098, 299, 111, 6, 12000),
(1099, 299, 110, 1, 50000),
(1100, 299, 131, 6, 2000),
(1101, 300, 111, 6, 12000),
(1102, 300, 110, 1, 50000),
(1103, 300, 131, 1, 2000),
(1104, 301, 111, 12, 12000),
(1105, 301, 110, 1, 50000),
(1106, 301, 131, 4, 2000),
(1107, 300, 120, 1, 30000),
(1108, 300, 121, 1, 30000),
(1109, 300, 122, 1, 6000),
(1110, 304, 111, 12, 12000),
(1111, 304, 144, 1, 60000),
(1112, 304, 143, 1, 12000),
(1113, 302, 111, 13, 12000),
(1114, 302, 110, 1, 50000),
(1115, 302, 131, 1, 2000),
(1116, 302, 117, 1, 10000),
(1117, 301, 121, 1, 30000),
(1118, 303, 111, 4, 12000),
(1119, 303, 110, 1, 50000),
(1120, 305, 110, 1, 50000),
(1121, 305, 131, 7, 2000),
(1122, 305, 111, 14, 12000),
(1123, 305, 121, 1, 30000),
(1124, 305, 122, 1, 6000),
(1125, 305, 142, 1, 12000),
(1126, 305, 120, 1, 30000),
(1127, 306, 111, 33, 12000),
(1128, 306, 110, 1, 50000),
(1129, 306, 131, 5, 2000),
(1130, 306, 144, 1, 60000),
(1131, 306, 143, 1, 12000),
(1132, 307, 111, 10, 12000),
(1133, 307, 110, 1, 50000),
(1135, 308, 111, 6, 12000),
(1136, 308, 110, 1, 50000),
(1137, 308, 131, 1, 2000),
(1138, 308, 117, 1, 10000),
(1139, 308, 125, 1, 7000),
(1140, 307, 132, 1, 4000),
(1141, 307, 122, 1, 6000),
(1142, 307, 115, 1, 30000),
(1143, 309, 111, 9, 12000),
(1144, 309, 110, 1, 50000),
(1145, 309, 131, 8, 2000),
(1146, 309, 139, 1, 10000),
(1147, 310, 111, 11, 12000),
(1148, 310, 110, 1, 50000),
(1149, 310, 131, 5, 2000),
(1150, 310, 120, 1, 30000),
(1151, 310, 119, 1, 30000),
(1152, 310, 121, 1, 30000),
(1153, 310, 122, 1, 6000),
(1154, 310, 126, 1, 10000),
(1155, 311, 114, 10, 16000),
(1156, 311, 110, 3, 50000),
(1158, 312, 107, 24, 18000),
(1159, 312, 110, 1, 50000),
(1160, 312, 131, 10, 2000),
(1161, 312, 120, 1, 30000),
(1162, 312, 142, 1, 12000),
(1163, 312, 125, 2, 7000),
(1164, 313, 107, 22, 18000),
(1165, 313, 110, 1, 50000),
(1166, 313, 131, 6, 2000),
(1167, 311, 142, 3, 12000),
(1168, 311, 139, 6, 10000),
(1169, 311, 116, 1, 25000),
(1170, 313, 119, 1, 30000),
(1171, 313, 122, 2, 6000),
(1172, 313, 141, 1, 17000),
(1173, 314, 111, 56, 12000),
(1174, 314, 110, 1, 50000),
(1175, 314, 131, 10, 2000),
(1176, 316, 111, 24, 12000),
(1177, 316, 110, 1, 50000),
(1178, 316, 131, 6, 2000),
(1179, 315, 112, 4, 15000),
(1181, 315, 131, 2, 2000),
(1182, 315, 119, 1, 30000),
(1183, 315, 142, 1, 12000),
(1184, 314, 126, 1, 10000),
(1185, 314, 139, 4, 10000),
(1186, 316, 144, 1, 60000),
(1187, 316, 119, 1, 30000),
(1188, 316, 120, 1, 30000),
(1189, 316, 118, 1, 15000),
(1190, 316, 121, 1, 30000),
(1191, 316, 115, 1, 30000),
(1192, 316, 139, 1, 10000),
(1193, 316, 125, 2, 7000),
(1194, 316, 123, 1, 10000),
(1196, 316, 142, 1, 12000),
(1197, 316, 141, 1, 17000),
(1198, 317, 107, 24, 18000),
(1199, 317, 110, 1, 50000),
(1200, 317, 131, 10, 2000),
(1201, 317, 120, 1, 30000),
(1202, 317, 121, 1, 30000),
(1203, 317, 122, 1, 6000),
(1204, 317, 123, 1, 10000),
(1205, 317, 142, 1, 12000),
(1206, 318, 137, 8, 14000),
(1207, 318, 110, 1, 50000),
(1208, 318, 131, 7, 2000),
(1209, 318, 132, 1, 4000),
(1210, 319, 111, 25, 12000),
(1211, 319, 110, 2, 50000),
(1212, 319, 131, 1, 2000),
(1213, 321, 111, 40, 12000),
(1214, 321, 110, 1, 50000),
(1215, 321, 131, 9, 2000),
(1216, 320, 112, 34, 15000),
(1217, 320, 110, 2, 50000),
(1218, 320, 131, 10, 2000),
(1219, 319, 117, 1, 10000),
(1220, 319, 121, 1, 30000),
(1221, 319, 139, 1, 10000),
(1222, 319, 132, 1, 4000),
(1223, 320, 122, 2, 6000),
(1225, 321, 121, 1, 30000),
(1226, 321, 132, 1, 4000),
(1227, 321, 141, 1, 17000),
(1228, 322, 111, 25, 12000),
(1229, 322, 110, 1, 50000),
(1235, 325, 107, 33, 18000),
(1236, 325, 110, 1, 50000),
(1237, 325, 131, 20, 2000),
(1238, 325, 144, 2, 60000),
(1239, 326, 107, 12, 18000),
(1240, 326, 110, 1, 50000),
(1241, 326, 131, 10, 2000),
(1242, 325, 127, 3, 15000),
(1243, 325, 116, 1, 25000),
(1244, 322, 126, 1, 10000),
(1245, 326, 120, 1, 30000),
(1246, 326, 147, 1, 12000),
(1247, 326, 139, 1, 10000),
(1248, 326, 142, 1, 12000),
(1249, 326, 132, 1, 4000),
(1250, 322, 141, 1, 17000),
(1251, 322, 147, 2, 12000),
(1252, 322, 132, 1, 4000),
(1253, 327, 107, 6, 18000),
(1254, 327, 110, 1, 50000),
(1255, 327, 146, 1, 60000),
(1256, 328, 111, 8, 12000),
(1257, 328, 110, 1, 50000),
(1259, 329, 112, 8, 15000),
(1260, 329, 110, 1, 50000),
(1262, 330, 111, 20, 12000),
(1263, 330, 110, 1, 50000),
(1264, 330, 131, 10, 2000),
(1265, 330, 143, 1, 15000),
(1266, 328, 122, 1, 6000),
(1267, 329, 142, 1, 12000),
(1268, 330, 118, 1, 15000),
(1269, 330, 121, 1, 30000),
(1270, 330, 132, 1, 4000),
(1271, 330, 122, 2, 6000),
(1272, 330, 125, 2, 7000),
(1273, 331, 111, 14, 12000),
(1274, 331, 110, 1, 50000),
(1275, 331, 131, 2, 2000),
(1276, 331, 132, 1, 4000),
(1277, 331, 115, 1, 30000),
(1278, 332, 112, 27, 15000),
(1279, 332, 110, 1, 50000),
(1280, 332, 131, 10, 2000),
(1297, 336, 111, 17, 12000),
(1298, 336, 110, 1, 50000),
(1299, 336, 131, 6, 2000),
(1300, 336, 122, 1, 6000),
(1301, 336, 117, 2, 10000),
(1302, 336, 125, 1, 5000),
(1303, 336, 123, 1, 10000),
(1304, 336, 118, 1, 15000),
(1305, 336, 143, 2, 12000),
(1306, 332, 117, 1, 10000),
(1307, 332, 147, 1, 12000),
(1308, 332, 122, 1, 6000),
(1309, 332, 116, 1, 25000),
(1310, 332, 115, 1, 30000),
(1311, 332, 132, 1, 4000),
(1312, 332, 123, 1, 10000),
(1313, 332, 124, 1, 10000),
(1314, 332, 142, 1, 12000),
(1315, 337, 111, 11, 12000),
(1316, 337, 110, 1, 50000),
(1317, 337, 131, 3, 2000),
(1318, 337, 119, 1, 30000),
(1319, 337, 116, 1, 25000),
(1320, 337, 132, 1, 4000),
(1321, 337, 122, 2, 6000),
(1322, 337, 141, 1, 17000),
(1328, 339, 110, 1, 50000),
(1329, 339, 131, 3, 2000),
(1330, 339, 119, 1, 30000),
(1331, 339, 111, 15, 12000),
(1332, 340, 107, 30, 18000),
(1333, 340, 110, 1, 50000),
(1334, 340, 131, 8, 2000),
(1335, 340, 125, 1, 5000),
(1336, 340, 122, 1, 6000),
(1337, 342, 107, 9, 18000),
(1338, 342, 110, 1, 50000),
(1339, 342, 131, 3, 2000),
(1340, 343, 108, 61, 20000),
(1341, 343, 110, 2, 50000),
(1342, 343, 131, 5, 2000),
(1343, 343, 120, 1, 30000),
(1344, 343, 117, 2, 10000),
(1345, 343, 122, 2, 6000),
(1346, 343, 118, 1, 15000),
(1347, 343, 141, 1, 15000),
(1348, 344, 107, 13, 18000),
(1349, 344, 110, 1, 50000),
(1350, 344, 131, 4, 2000),
(1351, 345, 140, 3, 18000),
(1352, 345, 110, 1, 50000),
(1353, 345, 131, 10, 2000),
(1354, 345, 121, 1, 30000),
(1355, 345, 122, 1, 6000),
(1356, 345, 123, 1, 10000),
(1357, 345, 115, 1, 30000),
(1358, 345, 107, 18, 18000),
(1359, 346, 112, 10, 15000),
(1360, 346, 110, 1, 50000),
(1361, 346, 131, 1, 2000),
(1362, 346, 117, 1, 10000),
(1363, 346, 122, 1, 6000),
(1364, 346, 141, 1, 15000),
(1365, 347, 107, 3, 18000),
(1366, 347, 110, 1, 50000),
(1367, 347, 131, 1, 2000),
(1368, 348, 108, 3, 20000),
(1369, 348, 110, 1, 50000),
(1370, 348, 131, 1, 2000),
(1371, 348, 142, 1, 15000),
(1372, 349, 107, 8, 18000),
(1373, 349, 110, 1, 50000),
(1374, 349, 131, 3, 2000),
(1375, 349, 121, 1, 30000),
(1376, 349, 122, 1, 6000),
(1377, 350, 112, 11, 15000),
(1378, 350, 110, 1, 50000),
(1379, 350, 131, 2, 2000),
(1380, 350, 132, 1, 4000),
(1381, 350, 122, 1, 6000),
(1382, 351, 107, 15, 18000),
(1383, 351, 110, 1, 50000),
(1384, 351, 131, 3, 2000),
(1385, 351, 142, 1, 12000),
(1386, 351, 121, 1, 30000),
(1387, 351, 122, 2, 6000),
(1388, 351, 115, 1, 30000),
(1389, 351, 116, 1, 25000),
(1390, 351, 126, 2, 10000),
(1391, 352, 111, 15, 12000),
(1392, 352, 110, 1, 50000),
(1393, 352, 131, 9, 2000),
(1394, 353, 111, 28, 12000),
(1395, 353, 110, 1, 50000),
(1396, 353, 131, 10, 2000),
(1397, 353, 121, 1, 30000),
(1398, 353, 116, 1, 25000),
(1399, 353, 117, 1, 10000),
(1400, 353, 142, 1, 12000),
(1401, 353, 141, 1, 15000),
(1402, 353, 122, 2, 6000),
(1403, 353, 125, 2, 5000),
(1404, 353, 123, 1, 10000),
(1405, 353, 124, 1, 10000),
(1406, 353, 132, 1, 4000),
(1407, 354, 111, 35, 12000),
(1408, 354, 110, 1, 50000),
(1409, 354, 131, 10, 2000),
(1410, 354, 142, 1, 12000),
(1411, 354, 118, 1, 15000),
(1412, 354, 141, 1, 15000),
(1413, 354, 120, 1, 30000),
(1414, 354, 122, 2, 6000),
(1415, 354, 125, 2, 5000),
(1416, 354, 123, 1, 10000),
(1417, 354, 124, 1, 10000),
(1418, 354, 117, 2, 10000),
(1419, 354, 119, 1, 30000),
(1420, 355, 111, 7, 12000),
(1421, 355, 110, 1, 50000),
(1423, 355, 120, 1, 30000),
(1424, 356, 112, 5, 15000),
(1425, 356, 110, 1, 50000),
(1426, 356, 131, 1, 2000),
(1427, 356, 143, 1, 12000),
(1428, 357, 112, 14, 15000),
(1429, 357, 110, 1, 50000),
(1430, 357, 131, 3, 2000),
(1431, 357, 132, 1, 4000),
(1432, 357, 124, 1, 10000),
(1433, 357, 115, 1, 30000),
(1434, 358, 111, 12, 12000),
(1435, 358, 110, 1, 50000),
(1436, 358, 131, 5, 2000),
(1437, 358, 121, 1, 30000),
(1438, 358, 117, 1, 10000),
(1439, 359, 112, 13, 15000),
(1440, 359, 110, 1, 30000),
(1441, 359, 131, 3, 2000),
(1442, 359, 142, 1, 14000),
(1443, 359, 141, 1, 17000),
(1444, 363, 107, 13, 18000),
(1445, 363, 110, 1, 50000),
(1446, 363, 131, 5, 2000),
(1447, 363, 139, 1, 10000),
(1448, 363, 122, 1, 6000),
(1459, 368, 107, 21, 18000),
(1460, 368, 110, 1, 50000),
(1461, 368, 131, 10, 2000),
(1462, 368, 139, 1, 10000),
(1463, 368, 122, 2, 6000),
(1464, 368, 123, 1, 10000),
(1465, 368, 132, 1, 4000),
(1466, 368, 116, 1, 25000),
(1476, 366, 111, 6, 12000),
(1478, 367, 111, 20, 12000),
(1479, 367, 110, 1, 50000),
(1480, 367, 131, 5, 2000),
(1481, 367, 139, 1, 10000),
(1483, 367, 132, 1, 4000),
(1484, 367, 120, 1, 30000),
(1485, 367, 125, 1, 7000),
(1493, 366, 139, 1, 10000),
(1494, 366, 123, 1, 10000),
(1495, 372, 112, 20, 15000),
(1496, 372, 110, 1, 50000),
(1497, 372, 131, 10, 2000),
(1498, 373, 111, 7, 12000),
(1499, 373, 110, 1, 50000),
(1501, 373, 126, 4, 10000),
(1502, 373, 119, 1, 30000),
(1503, 373, 141, 1, 17000),
(1504, 374, 137, 5, 14000),
(1505, 374, 110, 1, 50000),
(1506, 374, 131, 5, 2000),
(1507, 376, 112, 24, 15000),
(1508, 376, 110, 1, 50000),
(1510, 376, 121, 1, 30000),
(1511, 376, 146, 1, 60000),
(1512, 376, 139, 2, 10000),
(1513, 376, 147, 1, 12000),
(1514, 376, 116, 1, 25000),
(1515, 375, 112, 9, 15000),
(1516, 375, 110, 1, 50000),
(1517, 375, 131, 5, 2000),
(1518, 375, 142, 1, 12000),
(1519, 375, 122, 1, 6000),
(1520, 375, 139, 1, 10000),
(1521, 377, 111, 17, 12000),
(1522, 377, 110, 1, 50000),
(1523, 377, 131, 5, 2000),
(1524, 378, 111, 4, 12000),
(1525, 378, 110, 1, 50000),
(1526, 378, 131, 4, 2000),
(1527, 377, 116, 1, 25000),
(1528, 377, 122, 1, 6000),
(1529, 377, 125, 1, 7000),
(1530, 378, 132, 1, 4000),
(1531, 379, 111, 3, 12000),
(1532, 379, 110, 1, 50000),
(1533, 379, 131, 5, 2000),
(1534, 379, 122, 1, 6000),
(1536, 379, 139, 1, 10000),
(1537, 379, 121, 1, 30000),
(1538, 380, 110, 1, 50000),
(1539, 380, 107, 32, 18000),
(1540, 380, 131, 7, 2000),
(1541, 381, 107, 29, 18000),
(1542, 381, 110, 1, 50000),
(1543, 381, 131, 10, 2000),
(1544, 381, 146, 2, 60000),
(1546, 381, 139, 2, 10000),
(1547, 380, 117, 2, 10000),
(1548, 380, 139, 2, 10000),
(1549, 380, 122, 2, 6000),
(1550, 380, 121, 1, 30000),
(1551, 380, 132, 1, 4000),
(1552, 380, 115, 1, 30000),
(1553, 380, 118, 1, 15000),
(1554, 383, 111, 30, 12000),
(1555, 383, 131, 9, 2000),
(1563, 383, 110, 1, 50000),
(1565, 383, 117, 1, 10000),
(1566, 383, 121, 1, 30000),
(1567, 383, 132, 1, 4000),
(1572, 386, 112, 20, 15000),
(1573, 386, 110, 2, 50000),
(1574, 386, 131, 8, 2000),
(1575, 386, 127, 1, 15000),
(1576, 390, 107, 24, 18000),
(1577, 390, 110, 1, 50000),
(1578, 390, 131, 15, 2000),
(1579, 390, 144, 1, 60000),
(1580, 391, 112, 12, 15000),
(1581, 391, 110, 1, 50000),
(1582, 391, 131, 2, 2000),
(1583, 391, 120, 1, 30000),
(1584, 391, 119, 1, 30000),
(1585, 391, 139, 1, 10000),
(1586, 391, 121, 1, 30000),
(1587, 386, 141, 1, 17000),
(1588, 386, 125, 1, 7000),
(1589, 386, 122, 1, 6000),
(1590, 386, 121, 1, 30000),
(1591, 386, 119, 1, 30000),
(1592, 386, 120, 1, 30000),
(1593, 386, 118, 1, 15000),
(1594, 392, 112, 26, 15000),
(1595, 392, 110, 1, 50000),
(1596, 392, 131, 15, 2000),
(1597, 392, 146, 2, 60000),
(1598, 392, 145, 2, 60000),
(1599, 392, 142, 1, 12000),
(1600, 392, 141, 1, 17000),
(1601, 392, 122, 1, 6000),
(1602, 392, 119, 1, 30000),
(1603, 392, 123, 1, 10000),
(1604, 392, 124, 1, 10000),
(1605, 392, 132, 1, 4000),
(1606, 392, 116, 1, 25000),
(1607, 393, 110, 2, 50000),
(1608, 393, 107, 35, 18000),
(1609, 393, 131, 17, 2000),
(1610, 393, 142, 2, 12000),
(1611, 393, 139, 3, 10000),
(1612, 393, 146, 1, 60000),
(1613, 393, 145, 1, 60000),
(1614, 395, 110, 1, 50000),
(1615, 395, 131, 2, 2000),
(1616, 395, 121, 1, 30000),
(1617, 395, 112, 13, 15000),
(1618, 395, 126, 1, 10000),
(1619, 396, 112, 30, 15000),
(1620, 396, 110, 2, 50000),
(1621, 396, 131, 10, 2000),
(1622, 396, 126, 1, 10000),
(1623, 396, 139, 1, 10000),
(1624, 396, 119, 1, 30000),
(1625, 396, 141, 1, 17000),
(1627, 397, 107, 6, 18000),
(1628, 398, 108, 48, 20000),
(1629, 398, 110, 2, 50000),
(1630, 398, 131, 6, 2000),
(1631, 398, 139, 1, 10000),
(1632, 398, 120, 1, 30000),
(1633, 398, 118, 1, 15000),
(1634, 398, 115, 1, 30000),
(1635, 398, 116, 1, 25000),
(1636, 398, 132, 1, 4000),
(1637, 398, 146, 1, 60000),
(1638, 399, 107, 3, 18000),
(1639, 400, 120, 1, 30000),
(1640, 400, 119, 1, 30000),
(1641, 400, 118, 1, 15000),
(1642, 400, 121, 1, 30000),
(1643, 400, 147, 1, 12000),
(1644, 400, 142, 1, 12000),
(1645, 400, 141, 1, 17000),
(1646, 400, 124, 1, 10000),
(1647, 400, 132, 1, 4000),
(1648, 400, 116, 2, 25000),
(1649, 400, 55, 1, 15000),
(1654, 402, 111, 17, 12000),
(1655, 402, 110, 1, 50000),
(1656, 402, 131, 9, 2000),
(1658, 404, 107, 6, 18000),
(1659, 404, 110, 1, 50000),
(1660, 402, 119, 1, 30000),
(1661, 402, 120, 1, 30000),
(1662, 405, 111, 6, 12000),
(1663, 405, 110, 1, 50000),
(1664, 405, 131, 1, 2000),
(1665, 406, 137, 1, 14000),
(1668, 407, 111, 11, 12000),
(1669, 407, 110, 1, 50000),
(1670, 408, 107, 14, 18000),
(1671, 408, 110, 1, 50000),
(1672, 408, 131, 10, 2000),
(1673, 409, 126, 4, 10000),
(1674, 409, 139, 3, 10000),
(1675, 408, 121, 1, 30000),
(1676, 410, 111, 31, 12000),
(1677, 410, 110, 1, 50000),
(1678, 410, 131, 20, 2000),
(1679, 410, 54, 2, 15000),
(1680, 410, 143, 2, 15000),
(1681, 411, 111, 6, 12000),
(1682, 411, 110, 1, 50000),
(1683, 411, 131, 2, 2000),
(1684, 410, 120, 1, 30000),
(1685, 410, 117, 1, 10000),
(1686, 410, 122, 1, 6000),
(1687, 412, 107, 6, 18000),
(1688, 412, 110, 1, 50000),
(1689, 412, 131, 6, 2000),
(1690, 411, 132, 1, 4000),
(1691, 412, 125, 1, 7000),
(1692, 412, 145, 1, 60000),
(1693, 412, 118, 1, 15000),
(1694, 413, 111, 9, 12000),
(1695, 413, 110, 1, 50000),
(1696, 413, 131, 1, 2000),
(1697, 414, 112, 25, 15000),
(1698, 414, 110, 1, 50000),
(1700, 414, 126, 1, 10000),
(1701, 414, 142, 1, 12000),
(1702, 414, 139, 1, 10000),
(1706, 414, 146, 1, 60000),
(1707, 416, 107, 4, 18000),
(1708, 416, 131, 3, 2000),
(1709, 416, 110, 1, 50000),
(1710, 414, 118, 1, 15000),
(1711, 414, 122, 1, 6000),
(1712, 414, 132, 1, 4000),
(1714, 417, 112, 4, 15000),
(1715, 417, 110, 1, 50000),
(1716, 417, 131, 3, 2000),
(1723, 419, 126, 1, 10000),
(1724, 419, 116, 1, 25000),
(1725, 420, 107, 20, 18000),
(1726, 420, 110, 1, 50000),
(1727, 420, 131, 10, 2000),
(1728, 420, 126, 1, 10000),
(1729, 420, 143, 1, 15000),
(1730, 420, 139, 1, 10000),
(1731, 420, 147, 1, 12000),
(1732, 420, 117, 1, 10000),
(1733, 420, 146, 2, 0),
(1734, 421, 110, 1, 50000),
(1735, 421, 131, 10, 2000),
(1736, 421, 111, 11, 12000),
(1737, 422, 107, 11, 18000),
(1738, 422, 110, 1, 50000),
(1740, 422, 116, 1, 25000),
(1741, 423, 137, 21, 14000),
(1742, 423, 110, 1, 50000),
(1743, 423, 131, 6, 2000),
(1744, 423, 119, 1, 30000),
(1745, 423, 121, 1, 30000),
(1746, 423, 139, 1, 10000),
(1747, 424, 111, 4, 12000),
(1748, 424, 119, 1, 30000),
(1749, 424, 141, 1, 17000),
(1750, 424, 143, 1, 15000),
(1751, 424, 118, 1, 15000),
(1752, 425, 107, 15, 18000),
(1753, 425, 110, 1, 50000),
(1754, 425, 131, 10, 2000),
(1755, 425, 146, 1, 60000),
(1756, 425, 116, 1, 25000),
(1757, 426, 108, 13, 20000),
(1758, 426, 110, 2, 50000),
(1759, 426, 131, 4, 2000),
(1766, 428, 112, 5, 15000),
(1767, 428, 110, 1, 50000),
(1768, 428, 131, 1, 2000),
(1769, 426, 118, 1, 15000),
(1770, 426, 116, 1, 25000),
(1771, 426, 122, 1, 6000),
(1772, 426, 132, 1, 4000),
(1773, 426, 147, 1, 12000),
(1774, 426, 139, 1, 10000),
(1775, 426, 117, 1, 10000),
(1776, 428, 122, 1, 6000),
(1777, 428, 139, 1, 10000),
(1778, 428, 142, 1, 12000),
(1779, 429, 110, 1, 50000),
(1780, 429, 131, 6, 2000),
(1781, 429, 111, 10, 12000),
(1782, 430, 111, 7, 12000),
(1783, 430, 110, 1, 50000),
(1785, 430, 139, 1, 10000),
(1786, 431, 107, 24, 18000),
(1787, 431, 110, 2, 50000),
(1788, 431, 131, 20, 2000),
(1789, 431, 126, 5, 10000),
(1793, 433, 108, 21, 20000),
(1794, 433, 110, 1, 50000),
(1795, 433, 131, 10, 2000),
(1796, 433, 144, 1, 60000),
(1797, 433, 146, 2, 60000),
(1798, 434, 108, 12, 20000),
(1799, 431, 120, 1, 30000),
(1800, 431, 119, 1, 30000),
(1801, 431, 142, 1, 12000),
(1802, 431, 139, 1, 10000),
(1803, 431, 123, 1, 10000),
(1804, 431, 117, 2, 10000),
(1805, 431, 122, 1, 6000),
(1806, 434, 139, 2, 10000),
(1807, 434, 122, 1, 6000),
(1808, 434, 117, 1, 10000),
(1809, 435, 112, 8, 15000),
(1810, 435, 110, 1, 50000),
(1811, 435, 131, 3, 2000),
(1812, 436, 112, 9, 15000),
(1813, 436, 110, 1, 50000),
(1814, 436, 131, 6, 2000),
(1815, 437, 111, 4, 12000),
(1816, 437, 110, 1, 50000),
(1817, 437, 131, 3, 2000),
(1818, 437, 132, 1, 4000),
(1819, 437, 122, 1, 6000);

-- --------------------------------------------------------

--
-- Structure de la table `k3d_store`
--

CREATE TABLE IF NOT EXISTS `k3d_store` (
  `id` int(11) NOT NULL AUTO_INCREMENT,
  `name` varchar(50) COLLATE utf8_unicode_ci NOT NULL,
  `note` varchar(125) COLLATE utf8_unicode_ci NOT NULL,
  PRIMARY KEY (`id`)
) ENGINE=InnoDB  DEFAULT CHARSET=utf8 COLLATE=utf8_unicode_ci AUTO_INCREMENT=2 ;

--
-- Contenu de la table `k3d_store`
--

INSERT INTO `k3d_store` (`id`, `name`, `note`) VALUES
(1, 'Kho nhà', 'Ghi chú gì đây ?');

-- --------------------------------------------------------

--
-- Structure de la table `k3d_supplier`
--

CREATE TABLE IF NOT EXISTS `k3d_supplier` (
  `id` int(9) NOT NULL AUTO_INCREMENT,
  `name` varchar(100) COLLATE utf8_unicode_ci NOT NULL,
  `phone` varchar(15) COLLATE utf8_unicode_ci NOT NULL,
  `address` varchar(200) COLLATE utf8_unicode_ci NOT NULL,
  `note` varchar(100) COLLATE utf8_unicode_ci NOT NULL,
  `debt` bigint(20) NOT NULL,
  PRIMARY KEY (`id`)
) ENGINE=InnoDB  DEFAULT CHARSET=utf8 COLLATE=utf8_unicode_ci AUTO_INCREMENT=13 ;

--
-- Contenu de la table `k3d_supplier`
--

INSERT INTO `k3d_supplier` (`id`, `name`, `phone`, `address`, `note`, `debt`) VALUES
(1, 'ĐL Nước Đá', '0703456456', 'Trí Phường 4', 'Cung cấp nước đá', 0),
(6, 'Coop Mart', '070', 'Vĩnh Long', 'Cung cấp mọi thứ', 0),
(8, 'Nhà PP Đoan Trang', '0703 822 227 - ', '64/6N Trần Phú P4 TP Vĩnh Long', '', 0),
(9, 'KHÁC', '', '', '', 0),
(11, 'CH Tuấn', '', 'P4, TPVL', 'Cung cấp thực phẩm', 0),
(12, 'Vựa Trái Cây', '', '', '', 0);

-- --------------------------------------------------------

--
-- Structure de la table `k3d_table`
--

CREATE TABLE IF NOT EXISTS `k3d_table` (
  `id` int(11) NOT NULL AUTO_INCREMENT,
  `iddomain` int(11) NOT NULL,
  `name` varchar(200) COLLATE utf8_unicode_ci NOT NULL,
  `iduser` int(11) DEFAULT NULL,
  `type` varchar(200) COLLATE utf8_unicode_ci DEFAULT NULL,
  PRIMARY KEY (`id`),
  KEY `iddomain` (`iddomain`)
) ENGINE=InnoDB  DEFAULT CHARSET=utf8 COLLATE=utf8_unicode_ci AUTO_INCREMENT=28 ;

--
-- Contenu de la table `k3d_table`
--

INSERT INTO `k3d_table` (`id`, `iddomain`, `name`, `iduser`, `type`) VALUES
(1, 1, 'Phòng 01', 0, '0'),
(2, 1, 'Phòng 02', 0, '0'),
(3, 1, 'Phòng 03', 0, '0'),
(4, 1, 'Phòng 04', 0, '0'),
(14, 2, 'Phòng 07', 0, '0'),
(15, 2, 'Phòng 08', 0, '0'),
(16, 2, 'Phòng 09', 0, '0'),
(17, 2, 'Phòng 10', 0, '0'),
(26, 3, 'Phòng 05', 0, '1'),
(27, 3, 'Phòng 06', 0, '1');

-- --------------------------------------------------------

--
-- Structure de la table `k3d_term`
--

CREATE TABLE IF NOT EXISTS `k3d_term` (
  `id` int(11) NOT NULL AUTO_INCREMENT,
  `name` varchar(200) COLLATE utf8_unicode_ci NOT NULL,
  `type` int(11) NOT NULL,
  PRIMARY KEY (`id`)
) ENGINE=InnoDB  DEFAULT CHARSET=utf8 COLLATE=utf8_unicode_ci AUTO_INCREMENT=13 ;

--
-- Contenu de la table `k3d_term`
--

INSERT INTO `k3d_term` (`id`, `name`, `type`) VALUES
(1, 'Tiền Điện', 0),
(2, 'Tiền Nước', 0),
(3, 'Thuế', 0),
(4, 'Lương Nhân Viên', 0),
(10, 'Tiền Ăn Nhân Viên', 0),
(11, 'CP Khác', 0),
(12, 'Tiền Phụ Cấp', 0);

-- --------------------------------------------------------

--
-- Structure de la table `k3d_term_collect`
--

CREATE TABLE IF NOT EXISTS `k3d_term_collect` (
  `id` int(11) NOT NULL AUTO_INCREMENT,
  `name` varchar(200) COLLATE utf8_unicode_ci NOT NULL,
  PRIMARY KEY (`id`)
) ENGINE=InnoDB  DEFAULT CHARSET=utf8 COLLATE=utf8_unicode_ci AUTO_INCREMENT=4 ;

--
-- Contenu de la table `k3d_term_collect`
--

INSERT INTO `k3d_term_collect` (`id`, `name`) VALUES
(2, 'Phụ Phẩm'),
(3, 'Đặc Biệt');

-- --------------------------------------------------------

--
-- Structure de la table `k3d_tracking`
--

CREATE TABLE IF NOT EXISTS `k3d_tracking` (
  `id` int(11) NOT NULL AUTO_INCREMENT,
  `date_start` date NOT NULL,
  `date_end` date NOT NULL,
  PRIMARY KEY (`id`)
) ENGINE=InnoDB  DEFAULT CHARSET=utf8 COLLATE=utf8_unicode_ci AUTO_INCREMENT=6 ;

--
-- Contenu de la table `k3d_tracking`
--

INSERT INTO `k3d_tracking` (`id`, `date_start`, `date_end`) VALUES
(1, '2013-01-01', '2013-01-31'),
(2, '2013-02-01', '2013-02-28'),
(3, '2013-03-01', '2013-03-31'),
(4, '2013-04-01', '2013-04-30'),
(5, '2013-05-01', '2013-05-31');

-- --------------------------------------------------------

--
-- Structure de la table `k3d_unit`
--

CREATE TABLE IF NOT EXISTS `k3d_unit` (
  `id` int(25) NOT NULL AUTO_INCREMENT,
  `name` varchar(200) COLLATE utf8_unicode_ci DEFAULT NULL,
  PRIMARY KEY (`id`)
) ENGINE=InnoDB  DEFAULT CHARSET=utf8 COLLATE=utf8_unicode_ci AUTO_INCREMENT=18 ;

--
-- Contenu de la table `k3d_unit`
--

INSERT INTO `k3d_unit` (`id`, `name`) VALUES
(1, 'Ly'),
(2, 'Điếu'),
(3, 'Chai'),
(4, 'Lon'),
(5, 'Dĩa'),
(6, 'Thùng'),
(7, 'Két'),
(9, 'Bịch'),
(10, 'Gói'),
(11, 'Cái'),
(12, 'Cây'),
(13, 'Giờ'),
(14, 'Bao'),
(15, 'Con'),
(16, 'Kg'),
(17, 'Hộp');

-- --------------------------------------------------------

--
-- Structure de la table `k3d_user`
--

CREATE TABLE IF NOT EXISTS `k3d_user` (
  `id` int(11) NOT NULL AUTO_INCREMENT,
  `name` varchar(25) COLLATE utf8_unicode_ci NOT NULL,
  `email` varchar(200) COLLATE utf8_unicode_ci DEFAULT NULL,
  `pass` varchar(256) COLLATE utf8_unicode_ci DEFAULT NULL,
  `gender` int(11) NOT NULL,
  `note` varchar(200) COLLATE utf8_unicode_ci DEFAULT NULL,
  `datecreate` timestamp NOT NULL DEFAULT CURRENT_TIMESTAMP,
  `dateupdate` timestamp NOT NULL DEFAULT '0000-00-00 00:00:00',
  `dateactivity` timestamp NOT NULL DEFAULT '0000-00-00 00:00:00',
  `type` tinyint(4) NOT NULL,
  `code` varchar(13) COLLATE utf8_unicode_ci NOT NULL,
  PRIMARY KEY (`id`)
) ENGINE=InnoDB  DEFAULT CHARSET=utf8 COLLATE=utf8_unicode_ci AUTO_INCREMENT=6 ;

--
-- Contenu de la table `k3d_user`
--

INSERT INTO `k3d_user` (`id`, `name`, `email`, `pass`, `gender`, `note`, `datecreate`, `dateupdate`, `dateactivity`, `type`, `code`) VALUES
(1, 'Bùi Thanh Tuấn', 'tuanbuithanh@gmail.com', 'WHa3/wsMpuVHlDy+Y8Zb+EDkccANR4eKdzU9/dqLRUc=', 0, ' ', '0000-00-00 00:00:00', '0000-00-00 00:00:00', '0000-00-00 00:00:00', 4, ''),
(2, 'Lê Nguyễn Đông Khoa', 'lekhoa.bdc@gmail.com', '4aIQRD5DnZ6ldCCLQW5ZSbTm1IJXdcBpP1etD4skjtE=', 0, '', '0000-00-00 00:00:00', '0000-00-00 00:00:00', '0000-00-00 00:00:00', 4, ''),
(3, 'Phan Xuân Mai', 'maiphan.bdc@gmail.com', 'Kx1jCI73HL/fdXg/DUpqY/90QojXI7Uz9cHxel7HXkk=', 1, ' ', '0000-00-00 00:00:00', '0000-00-00 00:00:00', '0000-00-00 00:00:00', 2, ''),
(4, 'Phan Lê Hữu Phúc', 'phucphan.bdc@gmail.com', 'WHa3/wsMpuVHlDy+Y8Zb+EDkccANR4eKdzU9/dqLRUc=', 0, '', '2013-04-07 11:54:16', '0000-00-00 00:00:00', '0000-00-00 00:00:00', 2, ''),
(5, 'Lê Quang Minh', 'minhle.bdc@gmail.com', 'WHa3/wsMpuVHlDy+Y8Zb+EDkccANR4eKdzU9/dqLRUc=', 0, '', '2013-05-20 19:21:20', '2013-05-20 19:21:20', '2013-05-20 19:21:20', 1, '');

-- --------------------------------------------------------

--
-- Structure de la table `r3d_app`
--

CREATE TABLE IF NOT EXISTS `r3d_app` (
  `id` int(11) NOT NULL AUTO_INCREMENT,
  `name` varchar(50) CHARACTER SET utf8 COLLATE utf8_unicode_ci NOT NULL,
  `phone` varchar(15) CHARACTER SET utf8 COLLATE utf8_unicode_ci NOT NULL,
  `address` varchar(125) CHARACTER SET utf8 COLLATE utf8_unicode_ci NOT NULL,
  `email` varchar(50) NOT NULL,
  `banner` varchar(125) NOT NULL,
  `prefix` varchar(50) NOT NULL,
  `alias` varchar(256) NOT NULL,
  `date_created` timestamp NOT NULL DEFAULT CURRENT_TIMESTAMP,
  `date_modified` timestamp NOT NULL DEFAULT '0000-00-00 00:00:00',
  `date_activity` timestamp NOT NULL DEFAULT '0000-00-00 00:00:00',
  `type` tinyint(4) NOT NULL,
  `page_view` bigint(20) NOT NULL,
  PRIMARY KEY (`id`)
) ENGINE=InnoDB  DEFAULT CHARSET=utf8 AUTO_INCREMENT=2 ;

--
-- Contenu de la table `r3d_app`
--

INSERT INTO `r3d_app` (`id`, `name`, `phone`, `address`, `email`, `banner`, `prefix`, `alias`, `date_created`, `date_modified`, `date_activity`, `type`, `page_view`) VALUES
(1, 'Nhà hàng Ba Đức', '0945 03 07 09', 'Phó Cơ Điều P3 - TPVL', '', 'data/images/banner/logo.png', 'r3d_', 'r3d_', '2012-06-30 03:00:00', '0000-00-00 00:00:00', '2012-12-25 17:28:02', 0, 0);

-- --------------------------------------------------------

--
-- Structure de la table `r3d_category`
--

CREATE TABLE IF NOT EXISTS `r3d_category` (
  `id` int(25) NOT NULL AUTO_INCREMENT,
  `name` varchar(200) COLLATE utf8_unicode_ci DEFAULT NULL,
  `picture` binary(255) DEFAULT NULL,
  PRIMARY KEY (`id`)
) ENGINE=InnoDB  DEFAULT CHARSET=utf8 COLLATE=utf8_unicode_ci AUTO_INCREMENT=13 ;

--
-- Contenu de la table `r3d_category`
--

INSERT INTO `r3d_category` (`id`, `name`, `picture`) VALUES
(3, 'BEER', NULL),
(8, 'NƯỚC GIẢI KHÁT', NULL),
(11, 'THUỐC HÚT', NULL),
(12, 'THỨC ĂN', NULL);

-- --------------------------------------------------------

--
-- Structure de la table `r3d_config`
--

CREATE TABLE IF NOT EXISTS `r3d_config` (
  `id` int(11) NOT NULL AUTO_INCREMENT,
  `param` varchar(125) COLLATE utf8_unicode_ci NOT NULL,
  `value` varchar(256) COLLATE utf8_unicode_ci NOT NULL,
  PRIMARY KEY (`id`)
) ENGINE=InnoDB  DEFAULT CHARSET=utf8 COLLATE=utf8_unicode_ci AUTO_INCREMENT=6 ;

--
-- Contenu de la table `r3d_config`
--

INSERT INTO `r3d_config` (`id`, `param`, `value`) VALUES
(1, 'PRICE_HOUR_NORMAL_1', '70000'),
(2, 'PRICE_HOUR_NORMAL_2', '90000'),
(3, 'PRICE_HOUR_VIP_1', '80000'),
(4, 'PRICE_HOUR_VIP_2', '100000'),
(5, 'DISCOUNT', '0');

-- --------------------------------------------------------

--
-- Structure de la table `r3d_course`
--

CREATE TABLE IF NOT EXISTS `r3d_course` (
  `id` int(11) NOT NULL AUTO_INCREMENT,
  `idcategory` int(25) DEFAULT NULL,
  `name` varchar(200) COLLATE utf8_unicode_ci NOT NULL,
  `shortname` varchar(200) COLLATE utf8_unicode_ci DEFAULT NULL,
  `unit` varchar(200) COLLATE utf8_unicode_ci DEFAULT NULL,
  `price1` bigint(20) NOT NULL,
  `price2` bigint(20) NOT NULL,
  `price3` bigint(20) NOT NULL,
  `price4` bigint(20) NOT NULL,
  `picture` varchar(50) COLLATE utf8_unicode_ci DEFAULT NULL,
  PRIMARY KEY (`id`),
  KEY `foreign_field` (`idcategory`)
) ENGINE=InnoDB  DEFAULT CHARSET=utf8 COLLATE=utf8_unicode_ci AUTO_INCREMENT=144 ;

--
-- Contenu de la table `r3d_course`
--

INSERT INTO `r3d_course` (`id`, `idcategory`, `name`, `shortname`, `unit`, `price1`, `price2`, `price3`, `price4`, `picture`) VALUES
(15, 11, 'Thuốc hút', 'Thuốc hút', 'Gói', 25000, 0, 0, 0, NULL),
(53, 8, 'Trà Xanh', 'Trà Xanh', 'Chai', 12000, 0, 0, 0, NULL),
(54, 8, 'C2', 'C2', 'Chai', 10000, 0, 0, 0, NULL),
(55, 8, 'Dr Thanh', 'Dr Thanh', 'Chai', 12000, 0, 0, 0, NULL),
(56, 8, 'Nước Yến', 'Nước Yến', 'Lon', 12000, 0, 0, 0, NULL),
(107, 3, 'Heniken Két', 'Heniken Két', 'Chai', 18000, 0, 0, 0, ''),
(108, 3, 'Heniken Thùng', 'Heniken Thùng', 'Thùng 24 lon', 20000, 0, 0, 0, ''),
(110, 12, 'Trái Cây', 'Trái Cây', 'Dĩa', 50000, 0, 0, 0, ''),
(111, 3, 'Sài Gòn đỏ', 'Sài Gòn đỏ', 'Két 20 chai', 12000, 0, 0, 0, ''),
(112, 3, 'Sài Gòn XK Két', 'Sài Gòn XK Két', 'Két 20 chai', 15000, 0, 0, 0, ''),
(113, 3, 'Sài Gòn XK Thùng', 'Sài Gòn XK Thùng', 'Thùng 24 lon', 17000, 0, 0, 0, ''),
(114, 3, 'Bia 333', 'Bia 333', 'Lon', 16000, 0, 0, 0, ''),
(115, 11, 'Thuốc 555', 'Thuốc 555', 'Gói', 30000, 0, 0, 0, ''),
(116, 11, 'Thuốc Craven', 'Thuốc Craven', 'Gói', 25000, 0, 0, 0, ''),
(117, 12, 'Oshi', 'Oshi', 'Gói', 10000, 0, 0, 0, ''),
(118, 12, 'Chả Giò', 'Chả Giò', 'Gói', 15000, 0, 0, 0, ''),
(119, 12, 'Khô Bò', 'Khô Bò', 'Gói', 30000, 0, 0, 0, ''),
(120, 12, 'Mít sấy', 'Mít sấy', 'Gói', 30000, 0, 0, 0, ''),
(121, 12, 'Xúc Xích', 'Xúc Xích', 'Gói', 30000, 0, 0, 0, ''),
(122, 12, 'Chewing Gum', 'Chewing Gum', 'Cây', 6000, 0, 0, 0, ''),
(123, 12, 'Đậu Phộng chiên', 'Đậu Phộng chiên', 'Gói', 10000, 0, 0, 0, ''),
(124, 12, 'Đậu Phộng sấy', 'Đậu Phộng sấy', 'Gói', 10000, 0, 0, 0, ''),
(125, 12, 'Đậu Phộng', 'Đậu Phộng', 'Gói', 7000, 0, 0, 0, ''),
(126, 8, 'Lavie', 'Lavie', 'Chai', 10000, 0, 0, 0, ''),
(127, 8, 'Pepsi', 'Pepsi', 'Lon', 12000, 0, 0, 0, ''),
(128, 8, '7 Up', '7 Up', 'Lon', 12000, 0, 0, 0, ''),
(129, 8, 'Nước Cam', 'Nước Cam', 'Lon', 12000, 0, 0, 0, ''),
(131, 12, 'Khăn Lạnh', 'Khăn Lạnh', 'Cái', 2000, 0, 0, 0, ''),
(132, 12, 'Quẹt gas', 'Quẹt gas', 'Cái', 4000, 0, 0, 0, ''),
(134, 12, 'Khô Mực', 'Khô Mực', 'Con', 50000, 0, 0, 0, ''),
(135, 12, 'Chả Lụa', 'Chả Lụa', 'Dĩa', 50000, 0, 0, 0, ''),
(136, 8, 'Red_Bull', 'Red_Bull', 'Lon', 12000, 0, 0, 0, ''),
(137, 3, 'Tiger', 'Tiger', 'Chai', 14000, 0, 0, 0, ''),
(138, 3, 'Tiger Bạc', 'Tiger Bạc', 'Chai', 15000, 0, 0, 0, ''),
(139, 12, 'Đậu Nành', 'Đậu Nành rang', 'Bịch', 10000, 0, 0, 0, ''),
(140, 3, 'Tiger', 'Tiger nâu', 'Lon', 19000, 0, 0, 0, ''),
(141, 12, 'Cơm Cháy', 'Cơm Cháy', 'Bịch', 17000, 0, 0, 0, ''),
(142, 12, 'Cá Cơm', 'Cá Cơm', 'Gói', 12000, 0, 0, 0, ''),
(143, 8, 'Sting', '', 'Chai', 12000, 0, 0, 0, '');

-- --------------------------------------------------------

--
-- Structure de la table `r3d_customer`
--

CREATE TABLE IF NOT EXISTS `r3d_customer` (
  `id` int(9) NOT NULL AUTO_INCREMENT,
  `name` varchar(100) COLLATE utf8_unicode_ci NOT NULL,
  `type` int(11) NOT NULL,
  `card` varchar(15) COLLATE utf8_unicode_ci NOT NULL,
  `phone` varchar(15) COLLATE utf8_unicode_ci NOT NULL,
  `address` varchar(200) COLLATE utf8_unicode_ci NOT NULL,
  `note` varchar(100) COLLATE utf8_unicode_ci NOT NULL,
  `discount` int(11) NOT NULL,
  PRIMARY KEY (`id`)
) ENGINE=InnoDB  DEFAULT CHARSET=utf8 COLLATE=utf8_unicode_ci AUTO_INCREMENT=12 ;

--
-- Contenu de la table `r3d_customer`
--

INSERT INTO `r3d_customer` (`id`, `name`, `type`, `card`, `phone`, `address`, `note`, `discount`) VALUES
(1, 'Khách vãng lai', 0, '', '', 'Vãng lai', 'Vãng lai', 0),
(6, 'Trần Văn B', 1, '893970784001', '0919 153 189', 'Vĩnh Long', 'Trần Văn B', 5),
(10, 'Dương Thành C', 1, '893970784002', '0996 355 368', 'Đồng Tháp', 'Đồng Tháp', 11),
(11, 'a', 0, '1', '2', '3', '4', 5);

-- --------------------------------------------------------

--
-- Structure de la table `r3d_domain`
--

CREATE TABLE IF NOT EXISTS `r3d_domain` (
  `id` int(11) NOT NULL AUTO_INCREMENT,
  `name` varchar(200) COLLATE utf8_unicode_ci NOT NULL,
  PRIMARY KEY (`id`)
) ENGINE=InnoDB  DEFAULT CHARSET=utf8 COLLATE=utf8_unicode_ci AUTO_INCREMENT=4 ;

--
-- Contenu de la table `r3d_domain`
--

INSERT INTO `r3d_domain` (`id`, `name`) VALUES
(1, 'KHU TUM'),
(2, 'PHÒNG LẠNH'),
(3, 'VIP');

-- --------------------------------------------------------

--
-- Structure de la table `r3d_employee`
--

CREATE TABLE IF NOT EXISTS `r3d_employee` (
  `id` int(11) NOT NULL AUTO_INCREMENT,
  `name` varchar(25) COLLATE utf8_unicode_ci NOT NULL,
  `gender` tinyint(2) NOT NULL,
  `phone` varchar(13) COLLATE utf8_unicode_ci NOT NULL,
  `address` varchar(50) COLLATE utf8_unicode_ci NOT NULL,
  PRIMARY KEY (`id`)
) ENGINE=InnoDB  DEFAULT CHARSET=utf8 COLLATE=utf8_unicode_ci AUTO_INCREMENT=3 ;

--
-- Contenu de la table `r3d_employee`
--

INSERT INTO `r3d_employee` (`id`, `name`, `gender`, `phone`, `address`) VALUES
(1, 'Phan Xuân Mai', 1, '0946 915 700', 'Cao Lãnh - Đồng Tháp'),
(2, 'Phan Lê Hữu Phúc', 0, '0986 468 896', 'Cao Lãnh, Đồng Tháp');

-- --------------------------------------------------------

--
-- Structure de la table `r3d_order_import`
--

CREATE TABLE IF NOT EXISTS `r3d_order_import` (
  `id` int(11) NOT NULL AUTO_INCREMENT,
  `idsupplier` int(11) NOT NULL,
  `date` date NOT NULL,
  `description` varchar(50) NOT NULL,
  PRIMARY KEY (`id`),
  KEY `r3d_order_import_1` (`idsupplier`)
) ENGINE=InnoDB  DEFAULT CHARSET=utf8 AUTO_INCREMENT=52 ;

--
-- Contenu de la table `r3d_order_import`
--

INSERT INTO `r3d_order_import` (`id`, `idsupplier`, `date`, `description`) VALUES
(7, 9, '2013-04-07', ''),
(10, 12, '2013-04-01', ''),
(11, 12, '2013-04-02', ''),
(12, 12, '2013-04-04', ''),
(13, 12, '2013-04-05', ''),
(14, 12, '2013-04-07', ''),
(15, 12, '2013-04-08', ''),
(16, 12, '2013-04-09', ''),
(18, 9, '2013-04-05', ''),
(19, 9, '2013-04-09', ''),
(20, 1, '2013-04-10', ''),
(21, 8, '2013-04-11', ''),
(22, 12, '2013-04-11', ''),
(23, 1, '2013-04-12', ''),
(24, 9, '2013-04-12', ''),
(25, 12, '2013-04-12', ''),
(28, 1, '2013-04-13', ''),
(29, 12, '2013-04-13', ''),
(30, 6, '2013-04-13', ''),
(31, 8, '2013-04-13', ''),
(32, 8, '2013-04-02', ''),
(33, 6, '2013-04-02', ''),
(35, 6, '2013-04-06', ''),
(36, 6, '2013-04-07', ''),
(37, 6, '2013-04-12', ''),
(38, 6, '2013-04-14', ''),
(39, 12, '2013-04-14', ''),
(40, 1, '2013-04-15', ''),
(41, 12, '2013-04-15', ''),
(42, 8, '2013-04-15', ''),
(43, 12, '2013-04-16', ''),
(45, 11, '2013-03-31', ''),
(46, 6, '2013-03-31', ''),
(47, 8, '2013-03-31', ''),
(48, 9, '2013-03-31', ''),
(49, 12, '2013-04-17', ''),
(50, 1, '2013-04-17', ''),
(51, 12, '2013-04-18', '');

-- --------------------------------------------------------

--
-- Structure de la table `r3d_order_import_detail`
--

CREATE TABLE IF NOT EXISTS `r3d_order_import_detail` (
  `id` int(11) NOT NULL AUTO_INCREMENT,
  `idorder` int(11) NOT NULL,
  `idresource` int(11) NOT NULL,
  `count` int(11) NOT NULL,
  `price` int(11) NOT NULL,
  PRIMARY KEY (`id`),
  KEY `r3d_order_import_detail_1` (`idorder`),
  KEY `r3d_order_import_detail_2` (`idresource`)
) ENGINE=InnoDB  DEFAULT CHARSET=utf8 AUTO_INCREMENT=93 ;

--
-- Contenu de la table `r3d_order_import_detail`
--

INSERT INTO `r3d_order_import_detail` (`id`, `idorder`, `idresource`, `count`, `price`) VALUES
(2, 7, 44, 100, 3000),
(3, 10, 53, 2, 10000),
(4, 11, 54, 2, 15000),
(5, 11, 53, 1, 15000),
(6, 11, 48, 2, 7500),
(7, 11, 55, 1, 12000),
(8, 12, 54, 2, 12500),
(9, 12, 53, 3, 13500),
(10, 12, 55, 2, 12000),
(11, 12, 48, 2, 10000),
(12, 13, 55, 1, 8000),
(13, 13, 54, 2, 11000),
(14, 13, 53, 1, 17000),
(15, 14, 53, 3, 10000),
(16, 14, 48, 1, 10000),
(17, 15, 47, 10, 9000),
(18, 14, 52, 5, 22000),
(19, 16, 54, 2, 15000),
(20, 16, 48, 3, 6700),
(23, 18, 59, 9, 26667),
(24, 18, 58, 1, 0),
(25, 19, 39, 10, 16500),
(26, 19, 40, 10, 23500),
(27, 20, 2, 5, 16000),
(28, 21, 19, 120, 13040),
(29, 21, 22, 100, 8900),
(30, 21, 20, 120, 15083),
(31, 22, 48, 3, 6700),
(32, 22, 53, 2, 12500),
(33, 22, 54, 7, 11450),
(34, 22, 56, 4, 6500),
(35, 23, 2, 5, 16000),
(36, 24, 59, 10, 27500),
(37, 25, 53, 2, 15000),
(38, 28, 2, 5, 16000),
(39, 29, 48, 2, 5000),
(40, 29, 54, 2, 13000),
(41, 29, 53, 3, 12000),
(42, 30, 27, 10, 17500),
(43, 29, 47, 10, 9000),
(44, 31, 20, 5, 362000),
(45, 32, 19, 5, 0),
(46, 33, 27, 5, 19000),
(47, 35, 27, 10, 17500),
(48, 36, 28, 20, 2500),
(49, 37, 28, 20, 2500),
(50, 24, 61, 200, 550),
(51, 38, 28, 20, 2500),
(52, 39, 50, 1, 17000),
(53, 39, 53, 2, 11000),
(54, 39, 54, 3, 9000),
(55, 40, 2, 5, 16000),
(56, 41, 53, 2, 11000),
(57, 41, 50, 1, 15000),
(58, 42, 19, 120, 13040),
(59, 42, 21, 100, 6600),
(60, 42, 22, 100, 8900),
(61, 42, 62, 120, 11667),
(62, 42, 63, 72, 3583),
(63, 43, 50, 1, 20000),
(64, 45, 45, 44, 7000),
(65, 45, 46, 40, 7000),
(66, 46, 27, 2, 0),
(67, 46, 28, 23, 0),
(68, 46, 29, 29, 0),
(69, 46, 30, 25, 0),
(70, 46, 31, 25, 0),
(71, 46, 32, 130, 0),
(72, 47, 19, 123, 0),
(73, 47, 20, 176, 0),
(74, 47, 21, 769, 0),
(75, 47, 22, 168, 0),
(76, 47, 23, 157, 0),
(77, 47, 62, 24, 11666),
(78, 47, 26, 184, 0),
(79, 47, 25, 228, 0),
(80, 47, 24, 84, 0),
(81, 47, 63, 18, 0),
(82, 47, 60, 23, 0),
(83, 47, 64, 24, 0),
(84, 46, 17, 59, 0),
(85, 48, 59, 8, 0),
(86, 48, 39, 11, 0),
(87, 48, 40, 6, 0),
(88, 48, 35, 377, 0),
(89, 49, 55, 2, 12500),
(90, 50, 2, 5, 16000),
(91, 51, 53, 2, 10500),
(92, 51, 54, 2, 12500);

-- --------------------------------------------------------

--
-- Structure de la table `r3d_paid_general`
--

CREATE TABLE IF NOT EXISTS `r3d_paid_general` (
  `id` int(11) NOT NULL AUTO_INCREMENT,
  `id_term` int(11) NOT NULL,
  `date` date NOT NULL,
  `value` int(11) NOT NULL,
  `note` varchar(50) COLLATE utf8_unicode_ci DEFAULT NULL,
  PRIMARY KEY (`id`),
  KEY `r3d_paid_1` (`id_term`)
) ENGINE=InnoDB  DEFAULT CHARSET=utf8 COLLATE=utf8_unicode_ci AUTO_INCREMENT=38 ;

--
-- Contenu de la table `r3d_paid_general`
--

INSERT INTO `r3d_paid_general` (`id`, `id_term`, `date`, `value`, `note`) VALUES
(1, 1, '2013-04-10', 3500000, 'Thử 1'),
(2, 1, '2013-04-08', 300000, 'Đóng tiền nước'),
(3, 1, '2013-04-01', 2300000, 'Thử 2'),
(5, 11, '2013-04-02', 95000, 'Nhập Xúc xích :5 bịch'),
(6, 11, '2013-04-05', 240000, 'Mua khô mực:(9 con)'),
(7, 11, '2013-04-06', 175000, 'Mua xúc xích:10 bịch'),
(8, 11, '2013-04-07', 300000, 'Mua đậu nành:100 bịch'),
(9, 10, '2013-04-01', 157000, 'Chi tiền chợ'),
(10, 10, '2013-04-02', 146000, 'Tiền chợ'),
(11, 10, '2013-04-03', 189000, 'Tiền chợ'),
(12, 10, '2013-04-04', 184000, 'Tiền chợ'),
(13, 10, '2013-04-05', 173000, 'Tiền chợ'),
(14, 10, '2013-04-06', 213000, 'Tiền chợ'),
(15, 10, '2013-04-07', 123000, 'Tiền chợ'),
(16, 10, '2013-04-08', 224000, 'Tiền chợ'),
(17, 10, '2013-04-09', 200000, 'Tiền chợ'),
(19, 11, '2013-04-09', 57000, 'Tiền mua trái cây + bông cúng'),
(20, 11, '2013-04-06', 163000, 'Chi mua đồ điện '),
(21, 11, '2013-04-08', 250000, 'Mua CB'),
(22, 11, '2013-04-07', 57000, 'Trái cây cúng+bao kiếng trái cây'),
(23, 10, '2013-04-10', 102000, 'Tiền chợ'),
(24, 11, '2013-04-10', 4050000, 'Thanh toán phí bảo vệ Tháng 03/2013'),
(25, 10, '2013-04-11', 106000, 'Tiền chợ'),
(26, 11, '2013-04-11', 30000, 'Trái cây cúng'),
(27, 10, '2013-04-13', 163000, 'Tiền chợ'),
(28, 11, '2013-04-13', 465000, 'Tiếp khách(Công An phường)\r\n'),
(29, 11, '2013-04-12', 396000, 'Thanh toán phí thuê bao truyền hình cáp'),
(30, 11, '2013-04-12', 89500, 'Thanh toán cước dịch vụ viễn thông Tháng 3'),
(31, 11, '2013-04-14', 400000, 'Nhập bình gas'),
(32, 11, '2013-04-14', 127000, 'Bông+trái cây cúng,Khoai mon làm chả giò,Nước rửa '),
(33, 10, '2013-04-14', 221000, 'Tiền chợ'),
(34, 10, '2013-04-15', 122000, 'Tiền chợ'),
(35, 10, '2013-04-17', 222000, 'Tiền chợ'),
(36, 10, '2013-04-18', 118000, 'Tiền chợ'),
(37, 11, '2013-04-18', 0, '39000\r\n');

-- --------------------------------------------------------

--
-- Structure de la table `r3d_paid_supplier`
--

CREATE TABLE IF NOT EXISTS `r3d_paid_supplier` (
  `id` int(11) NOT NULL AUTO_INCREMENT,
  `idsupplier` int(11) NOT NULL,
  `date` date NOT NULL,
  `value` int(11) NOT NULL,
  `note` varchar(50) COLLATE utf8_unicode_ci DEFAULT NULL,
  PRIMARY KEY (`id`),
  KEY `r3d_supplier_paid_1` (`idsupplier`)
) ENGINE=InnoDB  DEFAULT CHARSET=utf8 COLLATE=utf8_unicode_ci AUTO_INCREMENT=18 ;

--
-- Contenu de la table `r3d_paid_supplier`
--

INSERT INTO `r3d_paid_supplier` (`id`, `idsupplier`, `date`, `value`, `note`) VALUES
(1, 1, '2012-08-01', 2300000, 'được không ?'),
(2, 1, '2012-07-03', 350000, 'Ghi chú gì đây'),
(3, 1, '2012-07-26', 750000, 'Ghi ghi gì gì đó'),
(8, 6, '2012-09-19', 1000000, 'Thử nè được không đó !'),
(9, 1, '2012-09-19', 1000000, 'lung tung quá đi'),
(11, 1, '2012-01-01', 123, 'sdfdsfggf'),
(12, 1, '2012-09-24', 1230000, 'đâu biết'),
(13, 1, '2012-09-24', 1213232, ''),
(14, 1, '2012-09-24', 34243243, ''),
(15, 1, '2012-09-24', 21323, ''),
(16, 1, '2012-09-24', 123323, ''),
(17, 1, '2012-09-24', 21323, '');

-- --------------------------------------------------------

--
-- Structure de la table `r3d_r2c`
--

CREATE TABLE IF NOT EXISTS `r3d_r2c` (
  `id` int(11) NOT NULL AUTO_INCREMENT,
  `id_course` int(11) NOT NULL,
  `id_resource` int(11) NOT NULL,
  `value1` int(11) NOT NULL,
  `value2` int(11) NOT NULL,
  PRIMARY KEY (`id`),
  KEY `r3d_r2c_1` (`id_course`),
  KEY `r3d_r2c_2` (`id_resource`)
) ENGINE=InnoDB  DEFAULT CHARSET=latin1 AUTO_INCREMENT=12 ;

--
-- Contenu de la table `r3d_r2c`
--

INSERT INTO `r3d_r2c` (`id`, `id_course`, `id_resource`, `value1`, `value2`) VALUES
(1, 107, 19, 20, 1),
(3, 114, 24, 24, 1),
(4, 108, 20, 24, 1),
(5, 111, 21, 20, 1),
(6, 112, 22, 20, 1),
(7, 113, 23, 24, 1),
(8, 110, 51, 4, 1),
(9, 110, 47, 4, 1),
(10, 110, 57, 5, 1),
(11, 110, 48, 4, 1);

-- --------------------------------------------------------

--
-- Structure de la table `r3d_resource`
--

CREATE TABLE IF NOT EXISTS `r3d_resource` (
  `id` int(9) NOT NULL AUTO_INCREMENT,
  `idsupplier` int(11) NOT NULL,
  `name` varchar(100) COLLATE utf8_unicode_ci NOT NULL,
  `unit` varchar(15) COLLATE utf8_unicode_ci NOT NULL,
  `price` int(10) NOT NULL,
  `description` varchar(100) COLLATE utf8_unicode_ci NOT NULL,
  PRIMARY KEY (`id`),
  KEY `r3d_resource_1` (`idsupplier`)
) ENGINE=InnoDB  DEFAULT CHARSET=utf8 COLLATE=utf8_unicode_ci AUTO_INCREMENT=65 ;

--
-- Contenu de la table `r3d_resource`
--

INSERT INTO `r3d_resource` (`id`, `idsupplier`, `name`, `unit`, `price`, `description`) VALUES
(1, 1, 'Nước đá ống', 'Kg', 0, 'Nước đá dùng để uống trà, cafe'),
(2, 1, 'Nước đá ướp', 'Cây', 0, 'Dùng để ướp lạnh'),
(3, 1, 'Nước đá viên', 'Kg', 0, 'Viên cưa dùng uống bia'),
(14, 1, 'Nước đá tủ lạnh', 'Gói', 0, 'Nước đá lấy từ tủ lạnh nhà'),
(17, 6, 'Bánh', 'Bịch', 0, ''),
(19, 8, 'Heniken Két', 'Két 20 chai', 0, ''),
(20, 8, 'Heniken thùng', 'Thùng 24 lon', 0, ''),
(21, 8, 'Sài gòn đỏ', 'Két 20 chai', 0, ''),
(22, 8, 'Sài gòn XK', 'Két 20 chai', 0, ''),
(23, 8, 'Sài Gòn XK', 'Thùng 24 lon', 0, ''),
(24, 8, 'Bia 333', 'Thùng 24 lon', 0, ''),
(25, 8, 'Tiger Bạc', 'Chai', 0, ''),
(26, 8, 'Tiger', 'Chai', 0, ''),
(27, 6, 'Xúc Xích', 'Bịch', 0, ''),
(28, 6, 'CW DOUBLEMINT', 'Cây', 0, ''),
(29, 6, 'Chả Giò', 'Bịch', 0, ''),
(30, 6, 'Khô Bò', 'Bịch', 0, ''),
(31, 6, 'Mít Sấy', 'Bịch', 0, ''),
(32, 6, 'Đậu Phộng ', 'Bịch', 0, ''),
(34, 9, 'Trái Cây', 'Dĩa', 0, ''),
(35, 9, 'Đậu Phộng sấy', 'Bịch', 0, ''),
(36, 9, 'Đậu Phộng chiên', 'Bịch', 0, ''),
(39, 9, 'Thuốc Craven', 'Gói', 0, ''),
(40, 9, 'Thuốc 555', 'Gói', 0, ''),
(43, 9, 'Quẹt gas', 'Cái', 0, ''),
(44, 9, 'Đậu Nành', 'Gói', 3000, 'Mua ngoài'),
(45, 11, 'Cơm Cháy', 'Gói', 7000, ''),
(46, 11, 'Cá Cơm', 'Gói', 7000, '0'),
(47, 12, 'Ổi', 'Kg', 0, ''),
(48, 12, 'Củ Sắn', 'Kg', 0, ''),
(49, 12, 'Mít', 'Kg', 0, ''),
(50, 12, 'Chôm Chôm', 'Kg', 0, ''),
(51, 12, 'Xoài Thái', 'Kg', 0, ''),
(52, 12, 'Xoài ĐàiLoan', 'Kg', 0, ''),
(53, 12, 'Xoài chua', 'Kg', 0, ''),
(54, 12, 'Mận', 'Kg', 0, ''),
(55, 12, 'Sơ ri', 'Kg', 0, ''),
(56, 12, 'Thơm', 'Kg', 0, ''),
(57, 12, 'Khóm', 'Kg', 0, ''),
(58, 9, 'Khô Mực', 'Kg', 0, ''),
(59, 9, 'Khô Mực', 'Con', 0, ''),
(60, 8, 'Sting', 'Chai', 0, ''),
(61, 9, 'Khăn Lạnh', 'Cái', 0, ''),
(62, 8, 'Tiger', 'Lon', 11666, ''),
(63, 8, 'Lavie', 'Chai', 0, ''),
(64, 8, 'C2', 'Chai', 0, '');

-- --------------------------------------------------------

--
-- Structure de la table `r3d_session`
--

CREATE TABLE IF NOT EXISTS `r3d_session` (
  `id` int(11) NOT NULL AUTO_INCREMENT,
  `idtable` int(11) NOT NULL,
  `iduser` int(11) NOT NULL,
  `idcustomer` int(11) NOT NULL,
  `datetime` datetime NOT NULL,
  `datetimeend` datetime DEFAULT NULL,
  `note` varchar(50) COLLATE utf8_unicode_ci NOT NULL,
  `status` int(11) NOT NULL,
  `discount_value` int(11) NOT NULL,
  `discount_percent` int(11) NOT NULL,
  `surtax` int(11) NOT NULL,
  PRIMARY KEY (`id`),
  KEY `idtable` (`idtable`),
  KEY `iduser` (`iduser`),
  KEY `r3d_session_3` (`idcustomer`)
) ENGINE=InnoDB  DEFAULT CHARSET=utf8 COLLATE=utf8_unicode_ci AUTO_INCREMENT=229 ;

--
-- Contenu de la table `r3d_session`
--

INSERT INTO `r3d_session` (`id`, `idtable`, `iduser`, `idcustomer`, `datetime`, `datetimeend`, `note`, `status`, `discount_value`, `discount_percent`, `surtax`) VALUES
(148, 1, 1, 1, '2013-04-01 11:44:00', '2013-04-01 13:45:35', 'Có mua thêm 1 kg tôm sống, 0.5 kg nem nướng', 1, 0, 10, 300000),
(149, 1, 3, 1, '2013-04-02 04:28:54', '2013-04-02 08:39:49', '', 1, 0, 0, 0),
(152, 1, 3, 1, '2013-04-04 07:30:00', '2013-04-04 08:50:00', '', 1, 0, 0, 0),
(153, 2, 3, 1, '2013-04-02 07:35:00', '2013-04-02 10:35:09', '', 1, 0, 0, 0),
(156, 1, 3, 1, '2013-04-04 13:30:00', '2013-04-04 18:45:00', 'ghi chú: một cái gì đó đây nè', 1, 0, 0, 0),
(158, 2, 3, 1, '2013-04-06 17:20:27', '2013-04-06 18:20:00', '', 1, 0, 0, 0),
(159, 27, 3, 1, '2013-04-06 23:58:40', '2013-04-07 03:15:00', '', 1, 0, 0, 0),
(160, 16, 3, 1, '2013-04-07 00:53:45', '2013-04-07 01:53:00', '', 1, 0, 0, 0),
(162, 16, 3, 1, '2013-04-07 20:24:15', '2013-04-07 21:52:00', '', 1, 0, 0, 0),
(163, 27, 3, 1, '2013-04-08 00:25:37', '2013-04-08 03:10:00', '', 1, 0, 0, 0),
(164, 26, 3, 1, '2013-04-08 00:44:28', '2013-04-08 02:21:00', 'Ghi chú:Phụ thu thêm chả giò', 1, 0, 0, 70000),
(165, 2, 3, 1, '2013-04-08 17:50:25', '2013-04-08 19:25:00', '', 1, 0, 0, 0),
(166, 16, 3, 1, '2013-04-08 18:43:42', '2013-04-08 19:53:00', 'Anh Cường nợ', 1, 0, 0, 0),
(168, 2, 3, 1, '2013-04-08 21:42:07', '2013-04-08 23:52:00', 'Phụ thụ : Thuốc Jet', 1, 0, 0, 25000),
(169, 16, 3, 1, '2013-04-08 23:00:00', '2013-04-09 00:00:00', '', 1, 0, 0, 0),
(170, 1, 3, 1, '2013-04-08 23:29:12', '2013-04-09 01:05:00', '', 1, 0, 0, 0),
(171, 17, 3, 1, '2013-04-09 00:00:00', '2013-04-09 01:15:00', '', 1, 0, 0, 0),
(172, 1, 3, 1, '2013-04-09 01:05:00', '2013-04-09 02:05:00', '', 1, 0, 0, 0),
(173, 2, 3, 1, '2013-04-09 19:46:26', '2013-04-09 21:05:00', '', 1, 0, 0, 0),
(174, 2, 3, 1, '2013-04-09 22:06:58', '2013-04-09 23:20:00', 'Ghi chú : Phụ thu thuốc hút', 1, 0, 0, 25000),
(175, 15, 3, 1, '2013-04-09 22:54:01', '2013-04-10 01:05:00', 'Phụ thu: 2  Sting', 1, 0, 0, 24000),
(176, 27, 3, 1, '2013-04-10 00:24:25', '2013-04-10 01:50:00', '', 1, 0, 0, 0),
(178, 17, 3, 1, '2013-04-10 19:33:00', '2013-04-10 21:30:00', '', 1, 0, 0, 0),
(179, 16, 3, 1, '2013-04-10 21:16:15', '2013-04-10 22:22:00', '', 1, 0, 0, 0),
(180, 2, 3, 1, '2013-04-11 00:15:24', '2013-04-11 01:30:00', '', 1, 0, 0, 0),
(181, 16, 3, 1, '2013-04-11 00:57:46', '2013-04-11 03:10:00', '', 1, 0, 0, 0),
(182, 17, 3, 1, '2013-04-11 01:36:37', '2013-04-11 03:20:00', '', 1, 0, 0, 0),
(183, 2, 3, 1, '2013-04-11 16:15:00', '2013-04-11 17:05:00', '', 1, 0, 0, 0),
(184, 2, 3, 1, '2013-04-11 19:57:56', '2013-04-11 20:57:00', '', 1, 0, 0, 0),
(186, 27, 3, 1, '2013-04-11 20:05:00', '2013-04-11 21:50:00', '', 1, 0, 0, 0),
(187, 3, 3, 1, '2013-04-11 20:28:24', '2013-04-11 23:15:00', 'Ghi chú: Anh Tâm nợ', 1, 0, 0, 0),
(188, 2, 3, 1, '2013-04-11 22:00:35', '2013-04-11 22:50:00', '', 1, 0, 0, 0),
(189, 17, 3, 1, '2013-04-11 23:16:51', '2013-04-12 01:05:00', '', 1, 0, 0, 0),
(190, 2, 3, 1, '2013-04-11 23:41:43', '2013-04-12 01:15:00', '', 1, 0, 0, 0),
(191, 16, 3, 1, '2013-04-11 23:43:48', '2013-04-12 03:05:00', '', 1, 0, 0, 0),
(192, 27, 3, 1, '2013-04-11 23:43:53', '2013-04-12 01:47:00', 'Ghi chú phụ thu: Thuốc hút 2 gói,Mì trứng', 1, 0, 0, 60000),
(193, 1, 3, 1, '2013-04-11 23:50:28', '2013-04-12 01:30:00', '', 1, 0, 0, 0),
(194, 26, 3, 1, '2013-04-12 00:23:39', '2013-04-12 01:52:00', 'Ghi chú: Phụ thu thuốc hút', 1, 0, 0, 25000),
(195, 15, 3, 1, '2013-04-12 00:30:00', '2013-04-12 02:40:00', '', 1, 0, 0, 0),
(196, 2, 3, 1, '2013-04-12 14:45:00', '2013-04-12 16:30:00', 'Ghi chú:Phụ thu thuốc hút,mì trứng', 1, 0, 0, 40000),
(197, 27, 3, 1, '2013-04-12 16:35:58', '2013-04-12 18:35:00', 'Ghi chú:Phụ thu bánh mì chả lụa', 1, 0, 0, 200000),
(198, 2, 3, 1, '2013-04-12 19:56:12', '2013-04-12 21:40:00', 'Ghi chú : Phụ thu thuốc hút', 1, 0, 0, 25000),
(199, 16, 3, 1, '2013-04-12 21:28:19', '2013-04-12 22:38:00', '', 1, 0, 0, 0),
(200, 2, 3, 1, '2013-04-12 22:04:33', '2013-04-13 00:13:00', '', 1, 0, 0, 0),
(201, 17, 3, 1, '2013-04-12 22:47:15', '2013-04-13 00:00:00', '', 1, 0, 0, 0),
(202, 14, 3, 1, '2013-04-12 22:52:00', '2013-04-12 23:55:00', '', 1, 0, 0, 0),
(204, 16, 3, 1, '2013-04-12 23:01:00', '2013-04-13 01:25:00', '', 1, 0, 0, 0),
(205, 1, 3, 1, '2013-04-13 00:14:04', '2013-04-13 02:26:00', 'Ghi chú : Cộng tiền thối dư ', 1, 0, 0, 6000),
(206, 27, 3, 1, '2013-04-13 00:28:58', '2013-04-13 01:37:00', '', 1, 0, 0, 0),
(207, 2, 3, 1, '2013-04-13 18:27:16', '2013-04-13 20:30:00', 'Ghi chú :Phụ thu Bánh mì heo quay', 1, 0, 0, 150000),
(208, 3, 3, 1, '2013-04-13 20:00:56', '2013-04-14 01:00:00', 'Ghi chú: Anh Tâm nợ', 1, 0, 0, 0),
(209, 2, 3, 1, '2013-04-13 23:47:30', '2013-04-14 01:25:00', 'Ghi chú: Anh 2 tiếp khách', 1, 0, 0, 0),
(210, 2, 3, 1, '2013-04-14 15:32:00', '2013-04-14 17:45:00', '', 1, 0, 0, 0),
(211, 2, 3, 1, '2013-04-14 22:57:29', '2013-04-15 02:05:00', '', 1, 0, 0, 0),
(212, 16, 3, 1, '2013-04-14 23:20:40', '2013-04-15 00:20:00', '', 1, 0, 0, 0),
(213, 1, 3, 1, '2013-04-14 23:56:53', '2013-04-15 00:56:00', '', 1, 0, 0, 0),
(214, 1, 3, 1, '2013-04-15 01:44:39', '2013-04-15 02:44:00', '', 1, 0, 0, 0),
(215, 2, 3, 1, '2013-04-15 16:52:30', '2013-04-15 17:52:00', '', 1, 0, 0, 0),
(216, 1, 3, 1, '2013-04-15 21:03:24', '2013-04-15 22:30:00', '', 1, 0, 0, 0),
(217, 16, 3, 1, '2013-04-15 22:26:27', '2013-04-16 00:08:00', '', 1, 0, 0, 0),
(218, 2, 3, 1, '2013-04-15 22:31:47', '2013-04-15 22:31:47', '', 1, 0, 0, 0),
(219, 2, 3, 1, '2013-04-16 17:26:00', '2013-04-16 19:36:00', 'Ghi chú:Ly cafe đá,thuốc hút', 1, 0, 0, 35000),
(220, 17, 3, 1, '2013-04-16 19:02:48', '2013-04-16 20:00:00', 'Ghi chú: Thực thu 187.000', 1, 0, 0, 0),
(221, 26, 3, 1, '2013-04-16 19:31:39', '2013-04-16 21:15:00', '', 1, 0, 0, 0),
(222, 2, 3, 1, '2013-04-16 21:47:56', '2013-04-16 23:08:00', 'Ghi chú: Tặng 1 dĩa chả giò', 1, 0, 0, 0),
(223, 27, 3, 1, '2013-04-16 22:12:00', '2013-04-17 00:00:00', 'Ghi chú: Tặng 1 dĩa chả giò', 1, 0, 0, 0),
(224, 2, 3, 1, '2013-04-17 22:08:20', '2013-04-17 22:56:00', 'Ghi chú: Phụ thu thuốc hút', 1, 0, 0, 25000),
(225, 2, 3, 1, '2013-04-18 13:14:49', '2013-04-18 15:08:00', '', 1, 0, 0, 0),
(226, 2, 3, 1, '2013-04-18 19:37:50', '2013-04-18 21:21:00', 'Ghi chú: Phụ thu thuốc hút,Anh Tâm nợ', 1, 0, 0, 25000),
(227, 17, 3, 1, '2013-04-18 21:14:21', '2013-04-18 22:31:00', '', 1, 0, 0, 0),
(228, 1, 1, 1, '2013-04-26 02:45:33', '2013-04-26 02:45:33', '', 0, 0, 0, 0);

-- --------------------------------------------------------

--
-- Structure de la table `r3d_session_detail`
--

CREATE TABLE IF NOT EXISTS `r3d_session_detail` (
  `id` int(11) NOT NULL AUTO_INCREMENT,
  `idsession` int(11) NOT NULL,
  `idcourse` int(11) NOT NULL,
  `count` int(11) NOT NULL,
  `price` bigint(20) NOT NULL,
  PRIMARY KEY (`id`),
  KEY `idsession` (`idsession`),
  KEY `idcourse` (`idcourse`)
) ENGINE=InnoDB  DEFAULT CHARSET=utf8 COLLATE=utf8_unicode_ci AUTO_INCREMENT=704 ;

--
-- Contenu de la table `r3d_session_detail`
--

INSERT INTO `r3d_session_detail` (`id`, `idsession`, `idcourse`, `count`, `price`) VALUES
(293, 148, 111, 5, 12000),
(294, 148, 110, 2, 50000),
(295, 149, 111, 2, 12000),
(296, 153, 107, 10, 18000),
(297, 153, 123, 2, 10000),
(298, 153, 124, 1, 10000),
(299, 153, 131, 5, 2000),
(302, 156, 107, 2, 18000),
(303, 158, 111, 11, 12000),
(304, 158, 110, 1, 50000),
(305, 158, 131, 6, 2000),
(306, 158, 122, 2, 6000),
(307, 159, 111, 35, 12000),
(308, 159, 110, 1, 50000),
(309, 159, 131, 11, 2000),
(310, 160, 111, 7, 12000),
(312, 160, 110, 1, 50000),
(313, 160, 120, 1, 30000),
(314, 159, 120, 1, 30000),
(315, 159, 119, 1, 30000),
(316, 159, 117, 2, 10000),
(317, 159, 123, 2, 10000),
(318, 159, 124, 1, 10000),
(319, 159, 125, 2, 5000),
(322, 159, 118, 2, 15000),
(323, 159, 122, 2, 6000),
(326, 162, 111, 7, 12000),
(327, 162, 110, 1, 50000),
(328, 162, 131, 5, 2000),
(329, 162, 122, 1, 6000),
(330, 162, 120, 1, 30000),
(331, 163, 111, 29, 12000),
(332, 163, 110, 1, 50000),
(333, 163, 131, 10, 2000),
(334, 164, 138, 16, 15000),
(335, 164, 110, 1, 50000),
(337, 164, 131, 10, 2000),
(338, 163, 127, 2, 12000),
(340, 164, 134, 4, 50000),
(341, 164, 53, 3, 12000),
(342, 164, 120, 1, 30000),
(343, 164, 119, 1, 30000),
(344, 164, 142, 1, 12000),
(345, 164, 118, 1, 15000),
(346, 164, 115, 1, 30000),
(347, 164, 122, 1, 6000),
(348, 164, 121, 1, 30000),
(349, 164, 139, 2, 10000),
(350, 163, 117, 1, 10000),
(351, 163, 122, 1, 6000),
(352, 163, 118, 1, 15000),
(353, 163, 121, 1, 30000),
(354, 163, 116, 1, 25000),
(355, 165, 111, 17, 12000),
(356, 165, 110, 1, 50000),
(357, 165, 131, 5, 2000),
(358, 166, 111, 16, 12000),
(359, 166, 110, 1, 50000),
(360, 166, 131, 3, 2000),
(361, 165, 139, 1, 10000),
(362, 165, 122, 2, 6000),
(363, 165, 132, 1, 4000),
(364, 165, 116, 1, 25000),
(365, 166, 119, 1, 30000),
(366, 166, 139, 1, 10000),
(367, 166, 117, 1, 10000),
(368, 166, 122, 1, 6000),
(369, 168, 138, 18, 15000),
(370, 168, 110, 1, 50000),
(371, 168, 131, 2, 2000),
(372, 169, 137, 13, 14000),
(374, 169, 110, 1, 50000),
(375, 169, 131, 2, 2000),
(376, 170, 111, 5, 12000),
(377, 170, 110, 1, 50000),
(379, 168, 139, 2, 10000),
(380, 168, 142, 1, 12000),
(381, 171, 111, 8, 12000),
(382, 171, 110, 1, 50000),
(383, 171, 131, 2, 2000),
(384, 169, 117, 1, 10000),
(385, 169, 139, 1, 10000),
(386, 169, 118, 1, 15000),
(387, 169, 121, 1, 30000),
(388, 169, 122, 2, 6000),
(390, 170, 134, 1, 50000),
(391, 171, 119, 1, 30000),
(392, 171, 121, 1, 30000),
(393, 171, 122, 2, 6000),
(394, 171, 142, 1, 12000),
(395, 172, 111, 5, 12000),
(396, 173, 108, 10, 20000),
(397, 173, 110, 1, 50000),
(398, 173, 131, 5, 2000),
(399, 173, 122, 2, 6000),
(400, 173, 139, 1, 10000),
(401, 174, 112, 8, 15000),
(402, 174, 131, 2, 2000),
(403, 174, 110, 1, 50000),
(404, 174, 122, 2, 6000),
(405, 175, 111, 4, 12000),
(406, 175, 110, 1, 50000),
(408, 176, 111, 7, 12000),
(409, 176, 110, 1, 50000),
(410, 176, 131, 2, 2000),
(411, 175, 119, 1, 30000),
(412, 175, 120, 1, 30000),
(418, 176, 125, 1, 7000),
(419, 176, 142, 1, 12000),
(420, 176, 141, 1, 17000),
(427, 178, 111, 21, 12000),
(428, 178, 110, 1, 50000),
(429, 178, 131, 5, 2000),
(430, 178, 117, 1, 10000),
(431, 178, 121, 1, 30000),
(432, 178, 122, 1, 6000),
(433, 178, 116, 1, 25000),
(434, 179, 126, 1, 10000),
(435, 180, 112, 13, 15000),
(436, 180, 110, 1, 50000),
(437, 180, 131, 5, 2000),
(438, 181, 110, 1, 50000),
(440, 181, 111, 20, 12000),
(441, 180, 120, 1, 30000),
(442, 180, 122, 1, 6000),
(443, 180, 132, 1, 4000),
(444, 180, 142, 1, 12000),
(445, 180, 139, 1, 10000),
(446, 182, 110, 1, 50000),
(448, 182, 112, 12, 15000),
(449, 181, 123, 1, 10000),
(450, 181, 118, 1, 15000),
(451, 182, 141, 1, 17000),
(452, 182, 117, 1, 10000),
(453, 182, 124, 1, 10000),
(454, 182, 122, 2, 6000),
(455, 182, 115, 1, 30000),
(456, 183, 108, 4, 20000),
(469, 183, 134, 1, 50000),
(470, 184, 112, 7, 15000),
(471, 184, 110, 1, 50000),
(472, 184, 131, 3, 2000),
(473, 186, 112, 9, 15000),
(474, 186, 110, 1, 50000),
(475, 186, 131, 1, 2000),
(476, 187, 111, 9, 12000),
(477, 184, 119, 1, 30000),
(478, 186, 134, 1, 50000),
(479, 188, 111, 6, 12000),
(480, 188, 110, 1, 50000),
(482, 189, 107, 14, 18000),
(483, 189, 110, 1, 50000),
(485, 193, 112, 12, 15000),
(486, 193, 134, 1, 50000),
(487, 193, 110, 1, 50000),
(488, 193, 131, 6, 2000),
(489, 193, 126, 1, 10000),
(490, 192, 111, 30, 12000),
(491, 192, 110, 1, 50000),
(492, 192, 131, 8, 2000),
(493, 194, 112, 11, 15000),
(494, 194, 110, 1, 50000),
(495, 194, 131, 1, 2000),
(496, 191, 111, 8, 12000),
(497, 191, 110, 2, 50000),
(499, 195, 138, 15, 15000),
(500, 195, 110, 1, 50000),
(501, 195, 131, 10, 2000),
(502, 190, 111, 20, 12000),
(503, 190, 110, 1, 50000),
(504, 190, 131, 3, 2000),
(505, 189, 120, 1, 30000),
(506, 189, 125, 1, 7000),
(507, 189, 142, 1, 12000),
(508, 189, 122, 1, 6000),
(509, 192, 117, 2, 10000),
(510, 192, 119, 1, 30000),
(511, 192, 120, 1, 30000),
(512, 192, 121, 1, 30000),
(513, 192, 123, 1, 10000),
(514, 192, 124, 1, 10000),
(515, 192, 142, 1, 12000),
(516, 192, 143, 1, 12000),
(517, 192, 116, 1, 25000),
(518, 195, 117, 3, 10000),
(519, 195, 139, 2, 10000),
(520, 195, 120, 1, 30000),
(521, 195, 125, 3, 7000),
(522, 195, 124, 2, 10000),
(523, 195, 119, 2, 30000),
(524, 195, 121, 2, 30000),
(525, 195, 122, 1, 6000),
(526, 195, 142, 2, 12000),
(527, 195, 118, 2, 15000),
(528, 195, 132, 1, 4000),
(529, 195, 116, 1, 25000),
(530, 195, 115, 1, 30000),
(531, 196, 111, 20, 12000),
(532, 196, 110, 1, 50000),
(533, 196, 131, 10, 2000),
(534, 196, 134, 1, 50000),
(535, 197, 108, 48, 20000),
(536, 197, 110, 1, 50000),
(537, 197, 131, 10, 2000),
(538, 197, 117, 1, 10000),
(539, 197, 139, 1, 10000),
(540, 197, 125, 1, 7000),
(541, 197, 121, 1, 30000),
(542, 197, 141, 1, 17000),
(543, 197, 122, 2, 6000),
(544, 198, 112, 20, 15000),
(545, 198, 110, 1, 50000),
(546, 198, 131, 5, 2000),
(547, 198, 134, 1, 50000),
(548, 198, 122, 1, 6000),
(549, 199, 108, 8, 20000),
(550, 199, 126, 1, 10000),
(551, 199, 110, 1, 50000),
(552, 199, 131, 2, 2000),
(553, 199, 121, 1, 30000),
(555, 204, 112, 20, 15000),
(556, 204, 110, 1, 50000),
(557, 204, 131, 6, 2000),
(558, 201, 111, 8, 12000),
(559, 201, 110, 1, 50000),
(560, 201, 131, 2, 2000),
(561, 202, 112, 15, 15000),
(562, 202, 110, 1, 50000),
(563, 202, 131, 2, 2000),
(564, 200, 111, 5, 12000),
(565, 200, 143, 2, 12000),
(566, 200, 110, 1, 50000),
(568, 202, 120, 1, 30000),
(569, 201, 122, 1, 6000),
(570, 206, 108, 4, 20000),
(571, 206, 143, 1, 12000),
(572, 206, 110, 1, 50000),
(573, 206, 131, 1, 2000),
(574, 205, 111, 11, 12000),
(575, 205, 110, 1, 50000),
(576, 205, 131, 2, 2000),
(577, 204, 139, 1, 10000),
(578, 204, 117, 2, 10000),
(579, 204, 118, 1, 15000),
(580, 204, 125, 2, 7000),
(581, 204, 141, 1, 17000),
(582, 204, 121, 1, 30000),
(583, 204, 116, 1, 25000),
(584, 204, 120, 1, 30000),
(585, 204, 119, 1, 30000),
(586, 204, 122, 2, 6000),
(587, 206, 121, 2, 30000),
(588, 206, 122, 1, 6000),
(589, 205, 139, 1, 10000),
(590, 207, 107, 48, 18000),
(592, 207, 110, 2, 50000),
(593, 207, 126, 2, 10000),
(594, 207, 54, 1, 10000),
(595, 207, 131, 20, 2000),
(596, 207, 119, 1, 30000),
(597, 207, 120, 1, 30000),
(598, 207, 117, 2, 10000),
(599, 207, 124, 1, 10000),
(600, 207, 118, 1, 15000),
(601, 207, 121, 1, 30000),
(603, 207, 141, 1, 17000),
(604, 207, 122, 1, 6000),
(605, 207, 115, 1, 30000),
(606, 207, 139, 1, 10000),
(607, 207, 116, 1, 25000),
(608, 209, 112, 14, 15000),
(609, 209, 142, 1, 12000),
(610, 209, 139, 2, 10000),
(611, 208, 111, 69, 12000),
(612, 208, 110, 2, 50000),
(613, 208, 131, 10, 2000),
(614, 209, 131, 5, 2000),
(615, 210, 107, 14, 18000),
(616, 210, 110, 1, 50000),
(617, 210, 131, 10, 2000),
(618, 212, 111, 6, 12000),
(619, 212, 110, 1, 50000),
(620, 212, 131, 3, 2000),
(621, 213, 111, 11, 12000),
(622, 213, 110, 1, 50000),
(624, 212, 122, 1, 6000),
(625, 213, 120, 1, 30000),
(626, 213, 119, 1, 30000),
(627, 213, 117, 2, 10000),
(628, 213, 123, 1, 10000),
(629, 213, 124, 1, 10000),
(630, 213, 121, 1, 30000),
(631, 213, 141, 1, 17000),
(632, 213, 142, 1, 12000),
(633, 214, 111, 6, 12000),
(634, 214, 110, 1, 50000),
(636, 211, 111, 43, 12000),
(637, 211, 110, 1, 50000),
(638, 211, 131, 16, 2000),
(639, 211, 125, 1, 7000),
(640, 211, 122, 2, 6000),
(641, 211, 115, 1, 30000),
(642, 211, 116, 1, 25000),
(643, 214, 117, 1, 10000),
(644, 214, 139, 1, 10000),
(645, 214, 122, 1, 6000),
(646, 214, 116, 1, 25000),
(647, 214, 118, 1, 15000),
(648, 215, 111, 7, 12000),
(649, 215, 110, 1, 50000),
(650, 215, 131, 6, 2000),
(651, 215, 139, 1, 10000),
(652, 216, 111, 3, 12000),
(653, 216, 110, 1, 50000),
(655, 217, 111, 11, 12000),
(656, 217, 110, 1, 50000),
(657, 217, 131, 1, 2000),
(658, 219, 107, 20, 18000),
(659, 219, 110, 1, 50000),
(660, 219, 131, 9, 2000),
(661, 220, 111, 4, 12000),
(663, 220, 131, 1, 2000),
(664, 219, 117, 1, 10000),
(665, 221, 107, 8, 18000),
(666, 221, 110, 1, 50000),
(667, 221, 131, 3, 2000),
(668, 220, 134, 1, 50000),
(669, 222, 107, 4, 18000),
(670, 222, 110, 1, 50000),
(671, 222, 131, 2, 2000),
(672, 223, 112, 13, 15000),
(673, 223, 110, 1, 50000),
(674, 223, 131, 1, 2000),
(675, 222, 122, 1, 6000),
(676, 222, 132, 1, 4000),
(677, 222, 116, 1, 25000),
(678, 223, 139, 1, 10000),
(679, 223, 116, 1, 25000),
(680, 224, 112, 3, 15000),
(681, 224, 110, 1, 50000),
(683, 225, 110, 1, 50000),
(684, 225, 131, 30, 2000),
(685, 225, 134, 2, 50000),
(686, 225, 119, 1, 30000),
(687, 225, 117, 1, 10000),
(688, 225, 121, 1, 30000),
(689, 225, 116, 1, 25000),
(690, 225, 115, 1, 30000),
(691, 225, 122, 1, 6000),
(692, 225, 139, 2, 10000),
(693, 225, 108, 48, 20000),
(694, 226, 111, 20, 12000),
(695, 226, 110, 1, 50000),
(696, 226, 131, 10, 2000),
(697, 227, 143, 2, 12000),
(698, 226, 134, 2, 50000),
(699, 228, 118, 6, 15000),
(700, 228, 114, 14, 16000),
(701, 228, 139, 3, 10000),
(702, 228, 123, 4, 10000),
(703, 228, 108, 2, 20000);

-- --------------------------------------------------------

--
-- Structure de la table `r3d_store`
--

CREATE TABLE IF NOT EXISTS `r3d_store` (
  `id` int(11) NOT NULL AUTO_INCREMENT,
  `name` varchar(50) CHARACTER SET utf8 COLLATE utf8_unicode_ci NOT NULL,
  `note` varchar(125) CHARACTER SET utf8 COLLATE utf8_unicode_ci NOT NULL,
  PRIMARY KEY (`id`)
) ENGINE=InnoDB  DEFAULT CHARSET=latin1 AUTO_INCREMENT=2 ;

--
-- Contenu de la table `r3d_store`
--

INSERT INTO `r3d_store` (`id`, `name`, `note`) VALUES
(1, 'Kho nhà', 'Ghi chú gì đây ?');

-- --------------------------------------------------------

--
-- Structure de la table `r3d_supplier`
--

CREATE TABLE IF NOT EXISTS `r3d_supplier` (
  `id` int(9) NOT NULL AUTO_INCREMENT,
  `name` varchar(100) COLLATE utf8_unicode_ci NOT NULL,
  `phone` varchar(15) COLLATE utf8_unicode_ci NOT NULL,
  `address` varchar(200) COLLATE utf8_unicode_ci NOT NULL,
  `note` varchar(100) COLLATE utf8_unicode_ci NOT NULL,
  `debt` bigint(20) NOT NULL,
  PRIMARY KEY (`id`)
) ENGINE=InnoDB  DEFAULT CHARSET=utf8 COLLATE=utf8_unicode_ci AUTO_INCREMENT=13 ;

--
-- Contenu de la table `r3d_supplier`
--

INSERT INTO `r3d_supplier` (`id`, `name`, `phone`, `address`, `note`, `debt`) VALUES
(1, 'ĐL Nước Đá', '0703456456', 'Trí Phường 4', 'Cung cấp nước đá', 0),
(6, 'Coop Mart', '070', 'Vĩnh Long', 'Cung cấp mọi thứ', 0),
(8, 'Nhà PP Đoan Trang', '(0703) 822 227', '64/6N Trần Phú P4 TP Vĩnh Long', '', 0),
(9, 'KHÁC', '', '', '', 0),
(11, 'CH Tuấn', '', 'P4, TPVL', 'Cung cấp thực phẩm', 0),
(12, 'Vựa Trái Cây', '', '', '', 0);

-- --------------------------------------------------------

--
-- Structure de la table `r3d_table`
--

CREATE TABLE IF NOT EXISTS `r3d_table` (
  `id` int(11) NOT NULL AUTO_INCREMENT,
  `iddomain` int(11) NOT NULL,
  `name` varchar(200) COLLATE utf8_unicode_ci NOT NULL,
  `iduser` int(11) DEFAULT NULL,
  `type` varchar(200) COLLATE utf8_unicode_ci DEFAULT NULL,
  PRIMARY KEY (`id`),
  KEY `iddomain` (`iddomain`)
) ENGINE=InnoDB  DEFAULT CHARSET=utf8 COLLATE=utf8_unicode_ci AUTO_INCREMENT=28 ;

--
-- Contenu de la table `r3d_table`
--

INSERT INTO `r3d_table` (`id`, `iddomain`, `name`, `iduser`, `type`) VALUES
(1, 1, 'Phòng 01', 0, '0'),
(2, 1, 'Phòng 02', 0, '0'),
(3, 1, 'Phòng 03', 0, '0'),
(4, 1, 'Phòng 04', 0, '0'),
(14, 2, 'Phòng 07', 0, '0'),
(15, 2, 'Phòng 08', 0, '0'),
(16, 2, 'Phòng 09', 0, '0'),
(17, 2, 'Phòng 10', 0, '0'),
(26, 3, 'Phòng 05', 0, '1'),
(27, 3, 'Phòng 06', 0, '1');

-- --------------------------------------------------------

--
-- Structure de la table `r3d_term`
--

CREATE TABLE IF NOT EXISTS `r3d_term` (
  `id` int(11) NOT NULL AUTO_INCREMENT,
  `name` varchar(200) COLLATE utf8_unicode_ci NOT NULL,
  `type` int(11) NOT NULL,
  PRIMARY KEY (`id`)
) ENGINE=InnoDB  DEFAULT CHARSET=utf8 COLLATE=utf8_unicode_ci AUTO_INCREMENT=12 ;

--
-- Contenu de la table `r3d_term`
--

INSERT INTO `r3d_term` (`id`, `name`, `type`) VALUES
(1, 'Tiền Điện', 0),
(2, 'Tiền Nước', 0),
(3, 'Thuế', 0),
(4, 'Lương Nhân Viên', 0),
(10, 'Tiền Ăn Nhân Viên', 0),
(11, 'CP Khác', 0);

-- --------------------------------------------------------

--
-- Structure de la table `r3d_ticket`
--

CREATE TABLE IF NOT EXISTS `r3d_ticket` (
  `id` int(11) NOT NULL AUTO_INCREMENT,
  `idtable` int(11) NOT NULL,
  `idcourse` int(11) NOT NULL,
  `count` int(11) NOT NULL,
  `note` varchar(200) COLLATE utf8_unicode_ci NOT NULL,
  PRIMARY KEY (`id`)
) ENGINE=InnoDB DEFAULT CHARSET=utf8 COLLATE=utf8_unicode_ci AUTO_INCREMENT=1 ;

-- --------------------------------------------------------

--
-- Structure de la table `r3d_tracking`
--

CREATE TABLE IF NOT EXISTS `r3d_tracking` (
  `id` int(11) NOT NULL AUTO_INCREMENT,
  `date_start` date NOT NULL,
  `date_end` date NOT NULL,
  PRIMARY KEY (`id`)
) ENGINE=InnoDB  DEFAULT CHARSET=latin1 AUTO_INCREMENT=5 ;

--
-- Contenu de la table `r3d_tracking`
--

INSERT INTO `r3d_tracking` (`id`, `date_start`, `date_end`) VALUES
(1, '2013-01-01', '2013-01-31'),
(2, '2013-02-01', '2013-02-28'),
(3, '2013-03-01', '2013-03-31'),
(4, '2013-04-01', '2013-04-30');

-- --------------------------------------------------------

--
-- Structure de la table `r3d_unit`
--

CREATE TABLE IF NOT EXISTS `r3d_unit` (
  `id` int(25) NOT NULL AUTO_INCREMENT,
  `name` varchar(200) COLLATE utf8_unicode_ci DEFAULT NULL,
  PRIMARY KEY (`id`)
) ENGINE=InnoDB  DEFAULT CHARSET=utf8 COLLATE=utf8_unicode_ci AUTO_INCREMENT=18 ;

--
-- Contenu de la table `r3d_unit`
--

INSERT INTO `r3d_unit` (`id`, `name`) VALUES
(1, 'Ly'),
(2, 'Điếu'),
(3, 'Chai'),
(4, 'Lon'),
(5, 'Dĩa'),
(6, 'Thùng 24 lon'),
(7, 'Két'),
(9, 'Bịch'),
(10, 'Gói'),
(11, 'Cái'),
(12, 'Cây'),
(15, 'Con'),
(16, 'Kg'),
(17, 'Két 20 chai');

-- --------------------------------------------------------

--
-- Structure de la table `r3d_user`
--

CREATE TABLE IF NOT EXISTS `r3d_user` (
  `id` int(11) NOT NULL AUTO_INCREMENT,
  `email` varchar(200) COLLATE utf8_unicode_ci DEFAULT NULL,
  `pass` varchar(256) COLLATE utf8_unicode_ci DEFAULT NULL,
  `pass2` varchar(256) COLLATE utf8_unicode_ci NOT NULL,
  `gender` int(11) NOT NULL,
  `note` varchar(200) COLLATE utf8_unicode_ci DEFAULT NULL,
  `datecreate` timestamp NOT NULL DEFAULT CURRENT_TIMESTAMP,
  `dateupdate` timestamp NOT NULL DEFAULT '0000-00-00 00:00:00',
  `dateactivity` timestamp NOT NULL DEFAULT '0000-00-00 00:00:00',
  `type` tinyint(4) NOT NULL,
  PRIMARY KEY (`id`)
) ENGINE=InnoDB  DEFAULT CHARSET=utf8 COLLATE=utf8_unicode_ci AUTO_INCREMENT=5 ;

--
-- Contenu de la table `r3d_user`
--

INSERT INTO `r3d_user` (`id`, `email`, `pass`, `pass2`, `gender`, `note`, `datecreate`, `dateupdate`, `dateactivity`, `type`) VALUES
(1, 'tuanbuithanh@gmail.com', 'WHa3/wsMpuVHlDy+Y8Zb+EDkccANR4eKdzU9/dqLRUc=', 'WHa3/wsMpuVHlDy+Y8Zb+EDkccANR4eKdzU9/dqLRUc=', 1, ' ', '0000-00-00 00:00:00', '0000-00-00 00:00:00', '0000-00-00 00:00:00', 4),
(2, 'lekhoa.bdc@gmail.com', 'WHa3/wsMpuVHlDy+Y8Zb+EDkccANR4eKdzU9/dqLRUc=', 'WHa3/wsMpuVHlDy+Y8Zb+EDkccANR4eKdzU9/dqLRUc=', 1, '', '0000-00-00 00:00:00', '0000-00-00 00:00:00', '0000-00-00 00:00:00', 4),
(3, 'maiphan.bdc@gmail.com', 'Kx1jCI73HL/fdXg/DUpqY/90QojXI7Uz9cHxel7HXkk=', 'StfvX8imOngLwC6S7cGFciW8Q4Vk8HCwJhGxQhGXaNbb9fPbt7CzDY2E/WZU5BT/TS+SfqLG1wl0IS3wgonH7A==', 1, ' ', '0000-00-00 00:00:00', '0000-00-00 00:00:00', '0000-00-00 00:00:00', 2),
(4, 'phucphan.bdc@gmail.com', 'WHa3/wsMpuVHlDy+Y8Zb+EDkccANR4eKdzU9/dqLRUc=', 'WHa3/wsMpuVHlDy+Y8Zb+EDkccANR4eKdzU9/dqLRUc=', 1, NULL, '2013-04-07 04:54:16', '0000-00-00 00:00:00', '0000-00-00 00:00:00', 2);

-- --------------------------------------------------------

--
-- Structure de la table `w3d_app`
--

CREATE TABLE IF NOT EXISTS `w3d_app` (
  `id` int(11) NOT NULL AUTO_INCREMENT,
  `name` varchar(50) COLLATE utf8_unicode_ci NOT NULL,
  `phone` varchar(15) COLLATE utf8_unicode_ci NOT NULL,
  `address` varchar(125) COLLATE utf8_unicode_ci NOT NULL,
  `email` varchar(50) COLLATE utf8_unicode_ci NOT NULL,
  `banner` varchar(125) COLLATE utf8_unicode_ci NOT NULL,
  `prefix` varchar(50) CHARACTER SET utf8 NOT NULL,
  `alias` varchar(256) CHARACTER SET utf8 NOT NULL,
  `date_created` timestamp NOT NULL DEFAULT CURRENT_TIMESTAMP,
  `date_modified` timestamp NOT NULL DEFAULT '0000-00-00 00:00:00',
  `date_activity` timestamp NOT NULL DEFAULT '0000-00-00 00:00:00',
  `type` tinyint(4) NOT NULL,
  `page_view` bigint(20) NOT NULL,
  PRIMARY KEY (`id`)
) ENGINE=InnoDB  DEFAULT CHARSET=utf8 COLLATE=utf8_unicode_ci AUTO_INCREMENT=2 ;

--
-- Contenu de la table `w3d_app`
--

INSERT INTO `w3d_app` (`id`, `name`, `phone`, `address`, `email`, `banner`, `prefix`, `alias`, `date_created`, `date_modified`, `date_activity`, `type`, `page_view`) VALUES
(1, 'Ba Đức Vĩnh Long', '0703 828 554', '67/26B Phó Cơ Điều - P4 - TP.Vĩnh Long - Tỉnh Vĩnh Long', '', '', 'w3d_', 'baducvinhlong', '2013-04-01 02:00:00', '0000-00-00 00:00:00', '0000-00-00 00:00:00', 0, 0);

-- --------------------------------------------------------

--
-- Structure de la table `w3d_category_news`
--

CREATE TABLE IF NOT EXISTS `w3d_category_news` (
  `id` int(11) NOT NULL AUTO_INCREMENT,
  `name` varchar(200) COLLATE utf8_unicode_ci NOT NULL,
  `order` int(11) NOT NULL,
  PRIMARY KEY (`id`)
) ENGINE=InnoDB  DEFAULT CHARSET=utf8 COLLATE=utf8_unicode_ci AUTO_INCREMENT=5 ;

--
-- Contenu de la table `w3d_category_news`
--

INSERT INTO `w3d_category_news` (`id`, `name`, `order`) VALUES
(1, 'Tin nội bộ', 5),
(2, 'Nhà hàng', 5),
(3, 'Khách sạn', 5),
(4, 'Karaoke', 5);

-- --------------------------------------------------------

--
-- Structure de la table `w3d_news`
--

CREATE TABLE IF NOT EXISTS `w3d_news` (
  `id` int(11) NOT NULL AUTO_INCREMENT,
  `id_category` int(11) DEFAULT NULL,
  `author` varchar(50) CHARACTER SET utf8 NOT NULL,
  `date` timestamp NOT NULL DEFAULT CURRENT_TIMESTAMP,
  `content` longtext CHARACTER SET utf8 NOT NULL,
  `title` text CHARACTER SET utf8 NOT NULL,
  `type` int(11) NOT NULL DEFAULT '0',
  PRIMARY KEY (`id`),
  KEY `foreign_field` (`id_category`)
) ENGINE=InnoDB  DEFAULT CHARSET=utf8 COLLATE=utf8_unicode_ci AUTO_INCREMENT=11 ;

--
-- Contenu de la table `w3d_news`
--

INSERT INTO `w3d_news` (`id`, `id_category`, `author`, `date`, `content`, `title`, `type`) VALUES
(1, 1, 'Lê Khoa', '2013-04-10 10:00:00', 'Nội dung', 'Thông báo', 0),
(2, 2, 'Toàn', '2013-04-11 10:00:00', '<p><span style="font-size:22px;"><strong>Tin Nh&agrave; h&agrave;ng</strong></span></p>\r\n', 'Nhà hàng', 0),
(3, 3, 'Toàn', '2013-04-12 10:00:00', 'Tin Khách sạn', 'Khách sạn', 0),
(4, 4, 'Toàn', '2013-04-12 10:00:00', 'Tin Karaoke', 'Karaoke', 0),
(5, 1, 'Trí Tánh', '2012-12-11 10:00:00', '<blockquote style="color: rgb(0, 0, 0); font-family: arial, tahoma, verdana; font-size: 14px; font-style: normal; font-variant: normal; font-weight: normal; letter-spacing: normal; line-height: 22px; orphans: 2; text-align: justify; text-indent: 0px; text-transform: none; white-space: normal; widows: 2; word-spacing: 0px; -webkit-text-size-adjust: auto; -webkit-text-stroke-width: 0px; background-color: rgb(255, 255, 255);" type="cite">\r\n<div>\r\n<p><strong><font color="#808080">Đ&acirc;y c&oacute; thể coi l&agrave; một trong những di sản lớn nhất về đạo Phật c&ograve;n lưu giữ được đến ng&agrave;y nay.</font></strong></p>\r\n\r\n<p>Nằm ẩn m&igrave;nh trong khu rừng rậm hoang vu của cao nguy&ecirc;n Deccan (Ấn Độ), hang động Ajanta đ&atilde; bị l&atilde;ng qu&ecirc;n trong một thời gian d&agrave;i.</p>\r\n\r\n<p>V&agrave;o năm 1819, một nh&oacute;m người Anh đi săn cọp trong khu vực n&agrave;y đ&atilde; t&igrave;nh cờ ph&aacute;t hiện hệ thống hang động Ajanta. Quần thể hang động Ajanta l&agrave; di t&iacute;ch qu&yacute; gi&aacute; đại diện cho thời kỳ Hưng thịnh của Phật gi&aacute;o tại Ấn Độ.</p>\r\n\r\n<p align="center"><img alt="ajanta-hang-dong-ando-teeniscover-kenh14-01-08c3c_jpg_1.jpg" border="0" height="335" src="http://www.giacngo.vn/UserImages/2012/12/12/10/ajanta-hang-dong-ando-teeniscover-kenh14-01-08c3c_jpg_1.jpg" style="padding: 1px; border: 1px solid rgb(229, 229, 229);" width="550" /></p>\r\n\r\n<p>Ajanta tọa lạc ở lưng chừng n&uacute;i, b&ecirc;n dưới hang động l&agrave; l&ograve;ng vực c&ugrave;ng d&ograve;ng s&ocirc;ng Waghora uốn kh&uacute;c. Hang động được bố tr&iacute; theo dạng h&igrave;nh m&oacute;ng ngựa, kho&eacute;t s&acirc;u v&agrave;o b&ecirc;n trong v&aacute;ch n&uacute;i đ&aacute; thẳng đứng cao 76m.</p>\r\n\r\n<p>Di t&iacute;ch hang động Ajanta c&oacute; tất cả 30 hang, bao gồm Th&aacute;nh đường Phật gi&aacute;o v&agrave; c&aacute;c khu phụ cận. C&aacute;c nh&agrave; khảo cổ đ&atilde; đ&aacute;nh dấu c&aacute;c hang theo số thứ tự.</p>\r\n\r\n<p align="center"><img alt="ajanta-hang-dong-ando-teeniscover-kenh14-02-08c3c_jpg.jpg" border="0" height="336" src="http://www.giacngo.vn/UserImages/2012/12/12/10/ajanta-hang-dong-ando-teeniscover-kenh14-02-08c3c_jpg.jpg" style="padding: 1px; border: 1px solid rgb(229, 229, 229);" width="550" /></p>\r\n\r\n<p>Quần thể hang động Ajanta kh&ocirc;ng được tạo dựng trong một thời kỳ li&ecirc;n tục n&ecirc;n c&aacute;c nh&agrave; nghi&ecirc;n cứu ph&acirc;n chia c&aacute;c hang động theo từng thời kỳ x&acirc;y .</p>\r\n\r\n<p>N&oacute; gồm hai phần: cụm hang được tạo dựng v&agrave;o giai đoạn đầu v&agrave;o thế kỷ II TCN gồm hang số 8, 9, 10, 12, 13, 15A mang m&agrave;u sắc của Phật gi&aacute;o nguy&ecirc;n thủy.</p>\r\n\r\n<p>Cụm hang sau được x&acirc;y dựng v&agrave;o thế kỷ V, mang m&agrave;u sắc Phật gi&aacute;o mới. Tuy nhi&ecirc;n, một số hang vẫn c&ograve;n chưa được ho&agrave;n tất.</p>\r\n\r\n<p align="center"><img alt="ajanta-hang-dong-ando-teeniscover-kenh14-03-08c3c_jpg.jpg" border="0" height="371" src="http://www.giacngo.vn/UserImages/2012/12/12/10/ajanta-hang-dong-ando-teeniscover-kenh14-03-08c3c_jpg.jpg" style="padding: 1px; border: 1px solid rgb(229, 229, 229);" width="550" /></p>\r\n\r\n<p>D&ugrave; vẫn c&ograve;n một số hang vẫn chưa được ho&agrave;n th&agrave;nh, Ajanta vẫn l&agrave; quần thể ch&ugrave;a hang v&ocirc; c&ugrave;ng lớn tr&ecirc;n thế giới do b&agrave;n tay con người tạo ra.</p>\r\n\r\n<p align="center"><img alt="ajanta-hang-dong-ando-teeniscover-kenh14-04-08c3c_jpg.jpg" border="0" height="336" src="http://www.giacngo.vn/UserImages/2012/12/12/10/ajanta-hang-dong-ando-teeniscover-kenh14-04-08c3c_jpg.jpg" style="padding: 1px; border: 1px solid rgb(229, 229, 229);" width="550" /></p>\r\n\r\n<p>Một trong những điểm đặc biệt của quần thể hang động n&agrave;y ch&iacute;nh l&agrave; một số lượng khổng lồ c&aacute;c bức tượng đi&ecirc;u khắc về đạo Phật. Đ&acirc;y được coi l&agrave; những t&aacute;c phẩm hội họa đẹp nhất của nghệ thuật Phật gi&aacute;o.</p>\r\n\r\n<p align="center"><img alt="ajanta-hang-dong-ando-teeniscover-kenh14-05-08c3c_jpg.jpg" border="0" height="369" src="http://www.giacngo.vn/UserImages/2012/12/12/10/ajanta-hang-dong-ando-teeniscover-kenh14-05-08c3c_jpg.jpg" style="padding: 1px; border: 1px solid rgb(229, 229, 229);" width="550" /></p>\r\n\r\n<p>Ngay những bước ch&acirc;n đầu ti&ecirc;n tham quan quần thể kiến tr&uacute;c n&agrave;y, du kh&aacute;ch c&oacute; thể bắt gặp những khung cảnh hết sức vĩ đại.</p>\r\n\r\n<p>&ldquo;Mặt tiền&rdquo; của hang động, h&agrave;ng d&agrave;i tượng Phật được đục đẽo bằng tay v&ocirc; c&ugrave;ng kh&eacute;o l&eacute;o ngay tr&ecirc;n bề mặt của v&aacute;ch đ&aacute;, hay cả một điện thờ với những cột trụ v&ocirc; c&ugrave;ng chắc chắn được tạo n&ecirc;n bởi c&aacute;c nghệ nh&acirc;n ngay trong l&ograve;ng n&uacute;i đ&aacute;.</p>\r\n\r\n<p align="center"><img alt="ajanta-hang-dong-ando-teeniscover-kenh14-16-9dd38_jpg.jpg" border="0" height="797" src="http://www.giacngo.vn/UserImages/2012/12/12/10/ajanta-hang-dong-ando-teeniscover-kenh14-16-9dd38_jpg.jpg" style="padding: 1px; border: 1px solid rgb(229, 229, 229);" width="550" /></p>\r\n\r\n<p>Hang số 12 được đẽo trong thời kỳ đầu v&agrave; được gọi l&agrave; Tăng viện; đ&acirc;y l&agrave; nơi sinh sống của những thầy tu ng&agrave;y xưa.</p>\r\n\r\n<p>Họ sinh hoạt v&agrave; tu h&agrave;nh trong kh&ocirc;ng gian chật hẹp. C&aacute;c thầy tu d&ugrave;ng bệ đ&aacute; l&agrave;m giường ngủ, họ lu&ocirc;n tu&acirc;n thủ trong qu&aacute; tr&igrave;nh tu h&agrave;nh khổ hạnh theo c&aacute;ch như thế.</p>\r\n\r\n<p align="center"><img alt="ajanta-hang-dong-ando-teeniscover-kenh14-13-08c3c_jpg.jpg" border="0" height="412" src="http://www.giacngo.vn/UserImages/2012/12/12/10/ajanta-hang-dong-ando-teeniscover-kenh14-13-08c3c_jpg.jpg" style="padding: 1px; border: 1px solid rgb(229, 229, 229);" width="550" /></p>\r\n\r\n<p>Hang số 9 c&oacute; t&ecirc;n gọi l&agrave; Th&aacute;p viện, l&agrave; một căn ph&ograve;ng d&ugrave;ng l&agrave;m nơi cầu nguyện của c&aacute;c nh&agrave; tu h&agrave;nh. Th&aacute;p viện mang &yacute; nghĩa rất linh thi&ecirc;ng, l&agrave; nơi t&ocirc;n thờ th&aacute;nh t&iacute;ch của Đức Phật.</p>\r\n\r\n<p>Thời kỳ n&agrave;y ho&agrave;n to&agrave;n kh&ocirc;ng c&oacute; sự hiện diện của c&aacute;c tượng Phật. V&igrave; vậy, Th&aacute;p Phật được xem l&agrave; một biểu tượng linh thi&ecirc;ng để t&ocirc;n thờ v&agrave; phụng sự.</p>\r\n\r\n<p align="center"><img alt="ajanta-hang-dong-ando-teeniscover-kenh14-15-9dd38_jpg.jpg" border="0" height="374" src="http://www.giacngo.vn/UserImages/2012/12/12/10/ajanta-hang-dong-ando-teeniscover-kenh14-15-9dd38_jpg.jpg" style="padding: 1px; border: 1px solid rgb(229, 229, 229);" width="550" /></p>\r\n\r\n<p>Nh&oacute;m hang động thứ 2, tượng Phật hiện diện khắp nơi. C&oacute; tượng Phật ngồi thể hiện rằng, đ&atilde; đạt được sự gi&aacute;c ngộ dưới cội bồ đề, xung quanh l&agrave; sự c&aacute;m dỗ của quỷ ma.</p>\r\n\r\n<p>Trước khi gi&aacute;c ngộ, Đức Phật đ&atilde; trải qua nhiều giai đoạn tu luyện, tất cả đều được thể hiện qua h&agrave;ng loạt t&aacute;c phẩm đi&ecirc;u khắc trong hang.</p>\r\n\r\n<p align="center"><img alt="ajanta-hang-dong-ando-teeniscover-kenh14-10-08c3c_jpg.jpg" border="0" height="334" src="http://www.giacngo.vn/UserImages/2012/12/12/10/ajanta-hang-dong-ando-teeniscover-kenh14-10-08c3c_jpg.jpg" style="padding: 1px; border: 1px solid rgb(229, 229, 229);" width="550" /></p>\r\n\r\n<p>C&oacute; được c&aacute;c t&aacute;c phẩm tượng Phật đạt đến vẻ đẹp đỉnh cao như thế l&agrave; nhờ v&agrave;o c&aacute;c họa sĩ v&agrave; nh&agrave; đi&ecirc;u khắc đ&atilde; thấm nhuần Phật ph&aacute;p. Ch&iacute;nh họ đ&atilde; g&oacute;p phần rất lớn tạo n&ecirc;n gi&aacute; trị cho quần thể hang động Ajanta.</p>\r\n\r\n<p align="center"><img alt="ajanta-hang-dong-ando-teeniscover-kenh14-07-08c3c_jpg.jpg" border="0" height="412" src="http://www.giacngo.vn/UserImages/2012/12/12/10/ajanta-hang-dong-ando-teeniscover-kenh14-07-08c3c_jpg.jpg" style="padding: 1px; border: 1px solid rgb(229, 229, 229);" width="550" /></p>\r\n\r\n<p>Từ thế kỷ thứ VI đến thế kỷ VII l&agrave; giai đoạn ph&aacute;t triển của nghệ thuật Phật gi&aacute;o tại hang động Ajanta. Đ&oacute; l&agrave; những bức b&iacute;ch họa được vẽ tr&ecirc;n tường trong hang động.</p>\r\n\r\n<p align="center"><img alt="ajanta-hang-dong-ando-teeniscover-kenh14-09-08c3c_jpg.jpg" border="0" height="336" src="http://www.giacngo.vn/UserImages/2012/12/12/10/ajanta-hang-dong-ando-teeniscover-kenh14-09-08c3c_jpg.jpg" style="padding: 1px; border: 1px solid rgb(229, 229, 229);" width="550" /></p>\r\n\r\n<p>C&aacute;ch m&agrave; những người thợ d&ugrave;ng để tạo ra những t&aacute;c phẩm của m&igrave;nh cũng v&ocirc; c&ugrave;ng độc đ&aacute;o. Theo một số t&agrave;i liệu, nguy&ecirc;n liệu ch&iacute;nh để l&agrave;m n&ecirc;n những bức vẽ ch&iacute;nh l&agrave; đ&aacute; cuội v&agrave; c&aacute;c loại rau quả.</p>\r\n\r\n<p align="center"><img alt="ajanta-hang-dong-ando-teeniscover-kenh14-17-608e9_jpg.jpg" border="0" height="330" src="http://www.giacngo.vn/UserImages/2012/12/12/10/ajanta-hang-dong-ando-teeniscover-kenh14-17-608e9_jpg.jpg" style="padding: 1px; border: 1px solid rgb(229, 229, 229);" width="550" /></p>\r\n\r\n<p>Rau quả được nghiền n&aacute;t ra để tạo th&agrave;nh 1 chất keo, sau đ&oacute; được nghiền tiếp với c&aacute;c vi&ecirc;n sỏi đầy m&agrave;u sắc để tạo ra một loại &ldquo;sơn&rdquo; cho những t&aacute;c phẩm n&agrave;y.</p>\r\n\r\n<p>Minh chứng r&otilde; nhất ch&iacute;nh l&agrave; những h&igrave;nh tượng Phật tr&ecirc;n những bức tường ở hang số 10 d&ugrave; đ&atilde; trải qua nhiều thế kỷ nhưng vẫn kh&ocirc;ng hề bị phai m&agrave;u.</p>\r\n\r\n<p align="center"><img alt="ajanta-hang-dong-ando-teeniscover-kenh14-08-08c3c_jpg.jpg" border="0" height="334" src="http://www.giacngo.vn/UserImages/2012/12/12/10/ajanta-hang-dong-ando-teeniscover-kenh14-08-08c3c_jpg.jpg" style="padding: 1px; border: 1px solid rgb(229, 229, 229);" width="550" /></p>\r\n\r\n<p>C&oacute; thể n&oacute;i, nghệ thuật hội họa của người Ấn Độ cổ đại đ&atilde; đạt đến chất lượng ho&agrave;n hảo về m&agrave;u sắc cũng như bố cục. C&aacute;c t&aacute;c phẩm n&agrave;y đ&atilde; qua cuộc thử nghiệm th&agrave;nh c&ocirc;ng của thời gian.</p>\r\n\r\n<p align="center"><img alt="ajanta-hang-dong-ando-teeniscover-kenh14-06-08c3c_jpg.jpg" border="0" height="333" src="http://www.giacngo.vn/UserImages/2012/12/12/10/ajanta-hang-dong-ando-teeniscover-kenh14-06-08c3c_jpg.jpg" style="padding: 1px; border: 1px solid rgb(229, 229, 229);" width="550" /></p>\r\n\r\n<p>Quần thể ch&ugrave;a hang Ajanta l&agrave; di t&iacute;ch lịch sử lớn nhất thế giới đ&atilde; được UNESCO c&ocirc;ng nhận v&agrave;o năm 1983. Đ&acirc;y c&oacute; thể coi l&agrave; một trong những di sản lớn nhất về đạo Phật c&ograve;n lưu giữ được đến ng&agrave;y nay.</p>\r\n</div>\r\n</blockquote>\r\n', 'Choáng ngợp hàng nghìn tượng Phật thiêng xuyên núi', 0),
(6, 1, 'Liên Hoa', '2013-01-16 10:00:00', '<p><b style="color: rgb(0, 0, 0); font-family: arial, tahoma, verdana; font-size: 14px; font-style: normal; font-variant: normal; letter-spacing: normal; line-height: 22px; orphans: 2; text-align: justify; text-indent: 0px; text-transform: none; white-space: normal; widows: 2; word-spacing: 0px; -webkit-text-size-adjust: auto; -webkit-text-stroke-width: 0px; background-color: rgb(255, 255, 255);"><font color="#808080">Người giả danh l&agrave; Phạm Hữu Đức (41 tuổi, tr&uacute; P.1, Q.5, TP.HCM) đ&atilde; lừa c&aacute;c ch&ugrave;a: Chiếu Minh, Phước Thiện, Minh Sư (H.B&igrave;nh Ch&aacute;nh, TP.HCM).</font></b><br style="color: rgb(0, 0, 0); font-family: arial, tahoma, verdana; font-size: 14px; font-style: normal; font-variant: normal; font-weight: normal; letter-spacing: normal; line-height: 22px; orphans: 2; text-align: justify; text-indent: 0px; text-transform: none; white-space: normal; widows: 2; word-spacing: 0px; -webkit-text-size-adjust: auto; -webkit-text-stroke-width: 0px; background-color: rgb(255, 255, 255);" />\r\n<br style="color: rgb(0, 0, 0); font-family: arial, tahoma, verdana; font-size: 14px; font-style: normal; font-variant: normal; font-weight: normal; letter-spacing: normal; line-height: 22px; orphans: 2; text-align: justify; text-indent: 0px; text-transform: none; white-space: normal; widows: 2; word-spacing: 0px; -webkit-text-size-adjust: auto; -webkit-text-stroke-width: 0px; background-color: rgb(255, 255, 255);" />\r\n<span style="color: rgb(0, 0, 0); font-family: arial, tahoma, verdana; font-size: 14px; font-style: normal; font-variant: normal; font-weight: normal; letter-spacing: normal; line-height: 22px; orphans: 2; text-align: justify; text-indent: 0px; text-transform: none; white-space: normal; widows: 2; word-spacing: 0px; -webkit-text-size-adjust: auto; -webkit-text-stroke-width: 0px; background-color: rgb(255, 255, 255); display: inline !important; float: none;">Theo đ&oacute;, với thủ đoạn giả danh nh&acirc;n vi&ecirc;n điện lực, ng&agrave;y 29-12-2012, Phạm Hữu Đức đ&atilde; tới ch&ugrave;a Chiếu Minh (x&atilde; B&igrave;nh Ch&aacute;nh), y&ecirc;u cầu qu&yacute; Ni ở đ&acirc;y l&agrave;m hợp đồng thay t&ecirc;n người sử dụng điện kế với chi ph&iacute; gần 500.000 đồng.</span><br style="color: rgb(0, 0, 0); font-family: arial, tahoma, verdana; font-size: 14px; font-style: normal; font-variant: normal; font-weight: normal; letter-spacing: normal; line-height: 22px; orphans: 2; text-align: justify; text-indent: 0px; text-transform: none; white-space: normal; widows: 2; word-spacing: 0px; -webkit-text-size-adjust: auto; -webkit-text-stroke-width: 0px; background-color: rgb(255, 255, 255);" />\r\n&nbsp;</p>\r\n\r\n<div align="center" style="color: rgb(0, 0, 0); font-family: arial, tahoma, verdana; font-size: 14px; font-style: normal; font-variant: normal; font-weight: normal; letter-spacing: normal; line-height: 22px; orphans: 2; text-indent: 0px; text-transform: none; white-space: normal; widows: 2; word-spacing: 0px; -webkit-text-size-adjust: auto; -webkit-text-stroke-width: 0px; background-color: rgb(255, 255, 255);"><font color="#A9A9A9" size="2"><img alt="doi tuong lua dao.jpg" border="0" height="433" src="http://www.giacngo.vn/UserImages/2013/01/17/11/doi%20tuong%20lua%20dao.jpg" style="padding: 1px; border: 1px solid rgb(229, 229, 229);" width="570" /><br />\r\n<font color="#808080">Bị can Phạm Hữu Đức <font size="2">- <font size="2">Ảnh: H.Long</font></font></font></font></div>\r\n\r\n<p><br style="color: rgb(0, 0, 0); font-family: arial, tahoma, verdana; font-size: 14px; font-style: normal; font-variant: normal; font-weight: normal; letter-spacing: normal; line-height: 22px; orphans: 2; text-align: justify; text-indent: 0px; text-transform: none; white-space: normal; widows: 2; word-spacing: 0px; -webkit-text-size-adjust: auto; -webkit-text-stroke-width: 0px; background-color: rgb(255, 255, 255);" />\r\n<span style="color: rgb(0, 0, 0); font-family: arial, tahoma, verdana; font-size: 14px; font-style: normal; font-variant: normal; font-weight: normal; letter-spacing: normal; line-height: 22px; orphans: 2; text-align: justify; text-indent: 0px; text-transform: none; white-space: normal; widows: 2; word-spacing: 0px; -webkit-text-size-adjust: auto; -webkit-text-stroke-width: 0px; background-color: rgb(255, 255, 255); display: inline !important; float: none;">Tương tự, Đức đến ch&ugrave;a Phước Thiện (x&atilde; B&igrave;nh Ch&aacute;nh) y&ecirc;u cầu l&agrave;m hợp đồng mua b&aacute;n điện thay t&ecirc;n sử dụng v&agrave; gi&aacute; điện thấp hơn quy định với ph&iacute; hơn 3 triệu đồng.</span></p>\r\n\r\n<p style="color: rgb(0, 0, 0); font-family: arial, tahoma, verdana; font-size: 14px; font-style: normal; font-variant: normal; font-weight: normal; letter-spacing: normal; line-height: 22px; orphans: 2; text-align: justify; text-indent: 0px; text-transform: none; white-space: normal; widows: 2; word-spacing: 0px; -webkit-text-size-adjust: auto; -webkit-text-stroke-width: 0px; background-color: rgb(255, 255, 255);">Tiếp tục thủ đoạn tr&ecirc;n, s&aacute;ng 3-1-2013, Phạm Hữu Đức đến ch&ugrave;a Minh Sư (x&atilde; T&acirc;n Qu&yacute; T&acirc;y) v&agrave; lừa 500.000 đồng. Ngo&agrave;i ra, Đức y&ecirc;u cầu nh&agrave; ch&ugrave;a nộp 1.780.000 đồng để l&agrave;m hồ sơ giảm tiền điện nhưng nh&agrave; ch&ugrave;a đ&atilde; khất hẹn do chưa c&oacute; tiền.</p>\r\n\r\n<p style="color: rgb(0, 0, 0); font-family: arial, tahoma, verdana; font-size: 14px; font-style: normal; font-variant: normal; font-weight: normal; letter-spacing: normal; line-height: 22px; orphans: 2; text-align: justify; text-indent: 0px; text-transform: none; white-space: normal; widows: 2; word-spacing: 0px; -webkit-text-size-adjust: auto; -webkit-text-stroke-width: 0px; background-color: rgb(255, 255, 255);">Vụ việc bị ph&aacute;t hiện khi trụ tr&igrave; ch&ugrave;a Minh Sư đem sự việc kể với mọi người. Chiều 12-1, khi Phạm Hữu Đức đến nhận tiền tại ch&ugrave;a Minh Sư th&igrave; bị c&ocirc;ng an bắt quả tang.</p>\r\n\r\n<p style="color: rgb(0, 0, 0); font-family: arial, tahoma, verdana; font-size: 14px; font-style: normal; font-variant: normal; font-weight: normal; letter-spacing: normal; line-height: 22px; orphans: 2; text-align: justify; text-indent: 0px; text-transform: none; white-space: normal; widows: 2; word-spacing: 0px; -webkit-text-size-adjust: auto; -webkit-text-stroke-width: 0px; background-color: rgb(255, 255, 255);">H&ocirc;m qua, 16-1, Cơ quan cảnh s&aacute;t điều tra C&ocirc;ng an huyện B&igrave;nh Ch&aacute;nh cho biết đ&atilde; khởi tố vụ &aacute;n, khởi tố bị can v&agrave; bắt tạm giam Phạm Hữu Đức về tội &ldquo;lừa đảo chiếm đoạt t&agrave;i sản&rdquo;.</p>\r\n', 'Giả nhân viên điện lực lừa các chùa', 0),
(7, 2, 'Cao Phong (SGGP)', '2013-01-14 10:00:00', '<p><strong style="color: rgb(128, 128, 128); font-family: arial, tahoma, verdana; font-size: 14px; font-style: normal; font-variant: normal; letter-spacing: normal; line-height: 22px; orphans: 2; text-align: justify; text-indent: 0px; text-transform: none; white-space: normal; widows: 2; word-spacing: 0px; -webkit-text-size-adjust: auto; -webkit-text-stroke-width: 0px; background-color: rgb(255, 255, 255);">Trong những ng&agrave;y qua, c&acirc;u chuyện ph&ograve;ng karaoke, nh&agrave; h&agrave;ng tổ chức tiệc cưới kh&ocirc;ng chỉ g&acirc;y ồn &agrave;o cho ch&ugrave;a Dơi m&agrave; c&ograve;n g&acirc;y ồn &agrave;o cho cả dư luận.</strong></p>\r\n\r\n<p align="justify" style="color: rgb(0, 0, 0); font-family: arial, tahoma, verdana; font-size: 14px; font-style: normal; font-variant: normal; font-weight: normal; letter-spacing: normal; line-height: 22px; orphans: 2; text-align: justify; text-indent: 0px; text-transform: none; white-space: normal; widows: 2; word-spacing: 0px; -webkit-text-size-adjust: auto; -webkit-text-stroke-width: 0px; background-color: rgb(255, 255, 255);">Sự việc bắt đầu từ năm 2011, nhưng đến khi Bộ VH-TT-DL lập đo&agrave;n kiểm tra để b&aacute;o c&aacute;o t&igrave;nh h&igrave;nh, đề xuất hướng xử l&yacute; th&igrave; dư luận lại n&oacute;ng l&ecirc;n. Dư luận &ldquo;ồn &agrave;o&rdquo; kh&ocirc;ng chỉ l&agrave; chuyện c&aacute;c ph&ograve;ng karaoke hay nh&agrave; h&agrave;ng n&agrave;y c&oacute; t&aacute;c động đến m&ocirc;i trường sống của dơi hay kh&ocirc;ng, m&agrave; c&ograve;n ở chỗ c&oacute; n&ecirc;n đặt một dự &aacute;n du lịch - nh&agrave; h&agrave;ng - kh&aacute;ch sạn (với quy m&ocirc; kh&aacute;ch sạn 100 ph&ograve;ng, nh&agrave; h&agrave;ng c&oacute; khả năng phục vụ 1.200 kh&aacute;ch)&hellip; kế một ng&ocirc;i ch&ugrave;a m&agrave; nhiều người chọn để l&agrave;m điểm du lịch t&acirc;m linh!</p>\r\n\r\n<p align="justify" style="color: rgb(0, 0, 0); font-family: arial, tahoma, verdana; font-size: 14px; font-style: normal; font-variant: normal; font-weight: normal; letter-spacing: normal; line-height: 22px; orphans: 2; text-align: justify; text-indent: 0px; text-transform: none; white-space: normal; widows: 2; word-spacing: 0px; -webkit-text-size-adjust: auto; -webkit-text-stroke-width: 0px; background-color: rgb(255, 255, 255);"><font color="#808080" size="2"><img alt="truoc chua Doi.jpg" border="0" height="383" src="http://www.giacngo.vn/UserImages/2013/01/15/11/truoc%20chua%20Doi.jpg" style="padding: 1px; border: 1px solid rgb(229, 229, 229);" width="570" /></font></p>\r\n\r\n<div align="center" style="color: rgb(0, 0, 0); font-family: arial, tahoma, verdana; font-size: 14px; font-style: normal; font-variant: normal; font-weight: normal; letter-spacing: normal; line-height: 22px; orphans: 2; text-indent: 0px; text-transform: none; white-space: normal; widows: 2; word-spacing: 0px; -webkit-text-size-adjust: auto; -webkit-text-stroke-width: 0px; background-color: rgb(255, 255, 255);"><font color="#808080" size="2">Cảnh ồn &agrave;o, b&aacute;t nh&aacute;o xung quanh ch&ugrave;a Dơi - Ảnh: VnExpress</font></div>\r\n\r\n<p align="justify" style="color: rgb(0, 0, 0); font-family: arial, tahoma, verdana; font-size: 14px; font-style: normal; font-variant: normal; font-weight: normal; letter-spacing: normal; line-height: 22px; orphans: 2; text-align: justify; text-indent: 0px; text-transform: none; white-space: normal; widows: 2; word-spacing: 0px; -webkit-text-size-adjust: auto; -webkit-text-stroke-width: 0px; background-color: rgb(255, 255, 255);">Từ l&acirc;u, ch&ugrave;a Dơi l&agrave; một n&eacute;t văn h&oacute;a, một thương hiệu du lịch t&acirc;m linh gắn với địa danh S&oacute;c Trăng. T&ecirc;n của ng&ocirc;i ch&ugrave;a l&agrave; Mahatup hay c&ograve;n l&agrave; ch&ugrave;a M&atilde; Tộc. Ng&ocirc;i ch&ugrave;a n&agrave;y được x&acirc;y dựng c&aacute;ch đ&acirc;y gần 450 năm (1569). N&eacute;t độc đ&aacute;o của n&oacute; ch&iacute;nh l&agrave; ng&ocirc;i ch&ugrave;a duy nhất trong số gần 100 ng&ocirc;i ch&ugrave;a tại S&oacute;c Trăng c&oacute; sự lưu tr&uacute; của h&agrave;ng ng&agrave;n con dơi b&aacute;m c&aacute;c c&acirc;y sao, dầu&hellip; trồng xung quanh ch&ugrave;a.</p>\r\n\r\n<p align="justify" style="color: rgb(0, 0, 0); font-family: arial, tahoma, verdana; font-size: 14px; font-style: normal; font-variant: normal; font-weight: normal; letter-spacing: normal; line-height: 22px; orphans: 2; text-align: justify; text-indent: 0px; text-transform: none; white-space: normal; widows: 2; word-spacing: 0px; -webkit-text-size-adjust: auto; -webkit-text-stroke-width: 0px; background-color: rgb(255, 255, 255);">Theo c&aacute;c nh&agrave; khoa học, dơi lưu tr&uacute; tại ng&ocirc;i ch&ugrave;a l&agrave; lo&agrave;i dơi ngựa lớn v&agrave; nhiều lo&agrave;i dơi lớn kh&aacute;c. Do lo&agrave;i dơi n&agrave;y hay ăn hoa quả n&ecirc;n người d&acirc;n địa phương gọi l&agrave; dơi quạ. Theo đ&oacute;, người d&acirc;n quen gọi t&ecirc;n ch&ugrave;a l&agrave; &ldquo;ch&ugrave;a Dơi&rdquo;. Thời cao điểm ng&ocirc;i ch&ugrave;a thu h&uacute;t hơn 1 triệu con dơi v&agrave; c&aacute;c loại chim, c&ograve;&hellip; sinh sống. Thế nhưng, sau sự ra đi của c&aacute;c lo&agrave;i chim, c&ograve; nay đ&agrave;n dơi đang thưa thớt.</p>\r\n\r\n<p align="justify" style="color: rgb(0, 0, 0); font-family: arial, tahoma, verdana; font-size: 14px; font-style: normal; font-variant: normal; font-weight: normal; letter-spacing: normal; line-height: 22px; orphans: 2; text-align: justify; text-indent: 0px; text-transform: none; white-space: normal; widows: 2; word-spacing: 0px; -webkit-text-size-adjust: auto; -webkit-text-stroke-width: 0px; background-color: rgb(255, 255, 255);">C&aacute;ch đ&acirc;y v&agrave;i th&aacute;ng người viết đ&atilde; c&oacute; dịp t&igrave;m hiểu nguy&ecirc;n nh&acirc;n v&igrave; sao ch&ugrave;a Dơi lại thưa vắng dần dơi! Một vị sư ở ch&ugrave;a cho biết: &ldquo;Trước năm 2000 số lượng dơi rất nhiều, l&uacute;c đ&oacute; 10 phần hiện nay chỉ c&ograve;n 1-2 phần. Nguy&ecirc;n nh&acirc;n chủ yếu do nhiều người săn bắt b&aacute;n cho c&aacute;c qu&aacute;n x&aacute; chế biến l&agrave;m m&oacute;n ăn. Ch&uacute;ng t&ocirc;i mong ch&iacute;nh quyền c&oacute; giải ph&aacute;p ngăn chặn c&aacute;c nh&agrave; h&agrave;ng b&aacute;n m&oacute;n ăn chế biến từ dơi quạ&rdquo;. Chuyện đ&agrave;n dơi giảm nhanh số lượng ai cũng biết nguy&ecirc;n nh&acirc;n ch&iacute;nh do đặc t&iacute;nh di chuyển xa để t&igrave;m thức ăn (di chuyển từ 60 - 100km), người d&acirc;n địa phương ở c&aacute;c tỉnh l&acirc;n cận như Tr&agrave; Vinh, Bạc Li&ecirc;u&hellip; cũng săn dơi quạ b&aacute;n cho c&aacute;c qu&aacute;n nhậu, nh&agrave; h&agrave;ng&hellip;<br />\r\n<br />\r\nCh&ugrave;a Dơi l&agrave; một trong những c&ocirc;ng tr&igrave;nh nghệ thuật kiến tr&uacute;c ti&ecirc;u biểu của Phật gi&aacute;o Nam t&ocirc;ng Khmer Nam bộ v&agrave; thuộc v&agrave;o h&agrave;ng c&aacute;c ng&ocirc;i ch&ugrave;a cổ nhất của tỉnh S&oacute;c Trăng. Mới đ&acirc;y, ch&ugrave;a Dơi được Hiệp hội Du lịch ĐBSCL chọn l&agrave; một trong 7 điểm dừng ch&acirc;n ti&ecirc;u biểu của v&ugrave;ng ĐBSCL. Đường v&agrave;o ch&ugrave;a Dơi được x&acirc;y dựng mở rộng, khang trang, tho&aacute;ng m&aacute;t l&agrave; một nỗ lực đ&aacute;ng ghi nhận của tỉnh S&oacute;c Trăng gần đ&acirc;y.</p>\r\n\r\n<p align="justify" style="color: rgb(0, 0, 0); font-family: arial, tahoma, verdana; font-size: 14px; font-style: normal; font-variant: normal; font-weight: normal; letter-spacing: normal; line-height: 22px; orphans: 2; text-align: justify; text-indent: 0px; text-transform: none; white-space: normal; widows: 2; word-spacing: 0px; -webkit-text-size-adjust: auto; -webkit-text-stroke-width: 0px; background-color: rgb(255, 255, 255);">Song, dư luận cho rằng, m&ocirc;i trường ồn &agrave;o đ&atilde; t&aacute;c động đến đ&agrave;n dơi! C&aacute;ch đ&acirc;y khoảng 5 th&aacute;ng, ch&uacute;ng t&ocirc;i đ&atilde; đặt vấn đề n&agrave;y v&agrave; &ocirc;ng L&ecirc; Th&agrave;nh Tr&iacute;, Ph&oacute; Chủ tịch UBND tỉnh S&oacute;c Trăng, cho biết: Tỉnh đ&atilde; chỉ đạo ng&agrave;nh chức năng nghi&ecirc;n cứu đ&aacute;nh gi&aacute; t&aacute;c động m&ocirc;i trường xem c&oacute; ảnh hưởng đến đ&agrave;n dơi sinh sống tại ch&ugrave;a Dơi hay kh&ocirc;ng!<br />\r\n<br />\r\nHơn 10 năm trước, dơi quạ treo đầy tr&ecirc;n c&aacute;c c&acirc;y từ cổng v&agrave;o ng&ocirc;i ch&ugrave;a. Nhưng giờ đ&acirc;y, một chi tiết cần lưu &yacute;, nếu quan s&aacute;t kỹ c&aacute;c c&acirc;y gần cổng ch&ugrave;a thưa vắng dơi, bởi đ&agrave;n dơi đ&atilde; thu gọn lại đeo b&aacute;m ở v&agrave;i c&acirc;y gần nơi c&aacute;c sư trong ch&ugrave;a nghỉ. Điều n&agrave;y &ldquo;tr&ugrave;ng khớp&rdquo; với l&yacute; giải của một nh&agrave; khoa học ở Trường ĐH Cần Thơ l&agrave; &ldquo;Dơi l&agrave; động vật hoang d&atilde;, cần sự y&ecirc;n tĩnh, nếu bị con người t&aacute;c động qu&aacute; nhiều th&igrave; ch&uacute;ng sẽ kh&ocirc;ng c&ograve;n gần gũi với con người&rdquo;!<br />\r\n<br />\r\nDư luận b&aacute;o ch&iacute; vừa qua &ldquo;ồn &agrave;o&rdquo;, phải chăng c&oacute; g&igrave; đ&oacute; thiếu thuyết phục của một dự &aacute;n nh&agrave; h&agrave;ng - kh&aacute;ch sạn gần ch&ugrave;a. V&igrave; khi trả lời b&aacute;o ch&iacute;, &ocirc;ng Mai Khương, Chủ tịch HĐND tỉnh S&oacute;c Trăng, cho biết bản th&acirc;n &ocirc;ng l&agrave; ủy vi&ecirc;n Ban Thường vụ Tỉnh ủy cũng chưa được UBND tỉnh đưa vấn đề n&agrave;y ra b&agrave;n ở Ban Thường vụ. Kh&ocirc;ng qu&aacute; muộn để S&oacute;c Trăng đ&aacute;nh gi&aacute;, kiểm tra lại c&aacute;c c&ocirc;ng đoạn cần thiết của dự &aacute;n n&agrave;y đ&uacute;ng hay kh&ocirc;ng, c&oacute; t&aacute;c động đến đ&agrave;n dơi hay kh&ocirc;ng?</p>\r\n\r\n<p align="justify" style="color: rgb(0, 0, 0); font-family: arial, tahoma, verdana; font-size: 14px; font-style: normal; font-variant: normal; font-weight: normal; letter-spacing: normal; line-height: 22px; orphans: 2; text-align: justify; text-indent: 0px; text-transform: none; white-space: normal; widows: 2; word-spacing: 0px; -webkit-text-size-adjust: auto; -webkit-text-stroke-width: 0px; background-color: rgb(255, 255, 255);">Trong khi chờ kết luận của Bộ VH-TT-DL, ch&uacute;ng ta nghĩ liệu c&oacute; ph&ugrave; hợp kh&ocirc;ng khi một c&ocirc;ng tr&igrave;nh kh&aacute; ho&agrave;nh tr&aacute;ng, mở karaoke kh&ocirc;ng ph&eacute;p, tiệc cưới&hellip; trước một ng&ocirc;i ch&ugrave;a m&agrave; du kh&aacute;ch d&agrave;nh nhiều t&igrave;nh cảm để gởi gắm t&acirc;m linh?</p>\r\n', '“Ngã mặn” trước cổng chùa Dơi', 0),
(8, 2, 'L.Đ.L', '2012-10-05 10:00:00', '<p style="color: rgb(0, 0, 0); font-family: arial, tahoma, verdana; font-size: 14px; font-style: normal; font-variant: normal; font-weight: normal; letter-spacing: normal; line-height: 22px; orphans: 2; text-align: justify; text-indent: 0px; text-transform: none; white-space: normal; widows: 2; word-spacing: 0px; -webkit-text-size-adjust: auto; -webkit-text-stroke-width: 0px; background-color: rgb(255, 255, 255);"><strong>GNO - <font color="#808080">Đ&oacute; l&agrave; chủ đề album nhạc Phật gi&aacute;o vol3 của ca sĩ - MC H&ugrave;ng Thanh. Anh cho biết, trong album sẽ c&oacute; ca kh&uacute;c &quot;Một ng&agrave;y vui&quot; được H&ugrave;ng Thanh thực hiện phần ghi h&igrave;nh c&ugrave;ng 300 người m&ugrave; trong chương tr&igrave;nh từ thiện - kh&oacute;a tu d&agrave;nh cho người khiếm thị do SC.Th&iacute;ch nữ Hương Nhũ tổ chức tại Thi&ecirc;n Quang Ni Tự.</font></strong></p>\r\n\r\n<p style="color: rgb(0, 0, 0); font-family: arial, tahoma, verdana; font-size: 14px; font-style: normal; font-variant: normal; font-weight: normal; letter-spacing: normal; line-height: 22px; orphans: 2; text-align: justify; text-indent: 0px; text-transform: none; white-space: normal; widows: 2; word-spacing: 0px; -webkit-text-size-adjust: auto; -webkit-text-stroke-width: 0px; background-color: rgb(255, 255, 255);">H&ugrave;ng Thanh cho biết th&ecirc;m, tương lai anh sẽ tạo đi&ecirc;̀u ki&ecirc;̣n đ&ecirc;̉ những người khi&ecirc;́m thị tr&igrave;nh di&ecirc;̃n với m&igrave;nh trong c&aacute;c chương tr&igrave;nh ca nhạc Ph&acirc;̣t gi&aacute;o...</p>\r\n\r\n<p align="center" style="color: rgb(0, 0, 0); font-family: arial, tahoma, verdana; font-size: 14px; font-style: normal; font-variant: normal; font-weight: normal; letter-spacing: normal; line-height: 22px; orphans: 2; text-indent: 0px; text-transform: none; white-space: normal; widows: 2; word-spacing: 0px; -webkit-text-size-adjust: auto; -webkit-text-stroke-width: 0px; background-color: rgb(255, 255, 255);"><font color="#808080" size="2"><img alt="hUNG tHANH 2.jpg" border="0" height="378" src="http://www.giacngo.vn/UserImages/2012/10/06/11/hUNG%20tHANH%202.jpg" style="padding: 1px; border: 1px solid rgb(229, 229, 229);" width="570" /></font></p>\r\n\r\n<p align="center" style="color: rgb(0, 0, 0); font-family: arial, tahoma, verdana; font-size: 14px; font-style: normal; font-variant: normal; font-weight: normal; letter-spacing: normal; line-height: 22px; orphans: 2; text-indent: 0px; text-transform: none; white-space: normal; widows: 2; word-spacing: 0px; -webkit-text-size-adjust: auto; -webkit-text-stroke-width: 0px; background-color: rgb(255, 255, 255);"><font color="#808080" size="2">Album sẽ c&oacute; sự tham gia của những người khiếm thị </font></p>\r\n\r\n<p align="center" style="color: rgb(0, 0, 0); font-family: arial, tahoma, verdana; font-size: 14px; font-style: normal; font-variant: normal; font-weight: normal; letter-spacing: normal; line-height: 22px; orphans: 2; text-indent: 0px; text-transform: none; white-space: normal; widows: 2; word-spacing: 0px; -webkit-text-size-adjust: auto; -webkit-text-stroke-width: 0px; background-color: rgb(255, 255, 255);"><font color="#808080" size="2"><img alt="hUNG tHANH 1.jpg" border="0" height="378" src="http://www.giacngo.vn/UserImages/2012/10/06/11/hUNG%20tHANH%201.jpg" style="padding: 1px; border: 1px solid rgb(229, 229, 229);" width="570" /></font></p>\r\n\r\n<p align="center" style="color: rgb(0, 0, 0); font-family: arial, tahoma, verdana; font-size: 14px; font-style: normal; font-variant: normal; font-weight: normal; letter-spacing: normal; line-height: 22px; orphans: 2; text-indent: 0px; text-transform: none; white-space: normal; widows: 2; word-spacing: 0px; -webkit-text-size-adjust: auto; -webkit-text-stroke-width: 0px; background-color: rgb(255, 255, 255);"><font color="#808080" size="2">Ca sĩ H&ugrave;ng Thanh v&agrave; một em khiếm thị - Ảnh: H.Thanh cung cấp</font></p>\r\n', 'Đóa hoa kỳ diệu', 0),
(9, 3, 'DK Theo AN', '2009-07-11 04:20:25', '<h2 class="fon33 mt1" style="margin: 5px 0px 0px; padding: 0px; font-weight: 700; font-style: normal; font-variant: normal; font-size: 16px; line-height: 18px; font-family: ''Times New Roman''; color: rgb(95, 95, 95); letter-spacing: normal; orphans: 2; text-align: start; text-indent: 0px; text-transform: none; white-space: normal; widows: 2; word-spacing: 0px; -webkit-text-size-adjust: auto; -webkit-text-stroke-width: 0px; background-color: rgb(255, 255, 255);">(D&acirc;n tr&iacute;) - Một cậu b&eacute; 11 tuổi người Mỹ đ&atilde; quyết định nghỉ học sau khi tự nhận m&igrave;nh l&agrave; người t&aacute;i thế của một đại sư Phật gi&aacute;o đ&atilde; mất từ năm 1250.</h2>\r\n\r\n<div class="fon34 mt3 mr2 fon43" style="margin: 15px 10px 14.09375px 0px; padding: 0px; font-weight: 500; font-style: normal; font-variant: normal; font-size: 12pt; line-height: 20px !important; font-family: ''Times New Roman''; color: rgb(0, 0, 0); letter-spacing: normal; orphans: 2; text-align: start; text-indent: 0px; text-transform: none; white-space: normal; widows: 2; word-spacing: 0px; -webkit-text-size-adjust: auto; -webkit-text-stroke-width: 0px; background-color: rgb(255, 255, 255);">\r\n<div style="margin: 0px; padding: 0px;">&nbsp;</div>\r\n\r\n<div style="margin: 0px; padding: 0px;">Cậu b&eacute; Jigme Wangchuk sinh tại Boston (Mỹ) nhưng mới&nbsp;đ&acirc;y&nbsp;đ&atilde; chuyển tới th&agrave;nh phố Darjeeling, Ấn Độ, cội nguồn của đạo Phật.<br style="margin: 0px; padding: 0px;" />\r\n<br style="margin: 0px; padding: 0px;" />\r\nC&aacute;ch đ&acirc;y 2 năm, cha mẹ của Wangchuk đ&atilde;&nbsp;nhận thấy con trai m&igrave;nh kh&ocirc;ng giống những đứa trẻ kh&aacute;c khi cậu b&eacute; suốt ng&agrave;y kể về qu&aacute; khứ. L&uacute;c đầu, cha mẹ em đều nghĩ cậu b&eacute; tưởng tượng ra. Nhưng một lần đi thăm ng&ocirc;i đền Mysore, miền nam Ấn Độ, gia đ&igrave;nh đ&atilde; kinh ngạc khi cậu b&eacute; mi&ecirc;u tả ch&iacute;nh x&aacute;c một ng&ocirc;i đền Phật gi&aacute;o nổi tiếng với con rồng d&agrave;i 10m tr&ecirc;n m&aacute;i m&agrave; chưa một lần đến đ&oacute;.</div>\r\n\r\n<div style="margin: 0px; padding: 0px;">&nbsp;</div>\r\n\r\n<div align="center" style="margin: 0px; padding: 0px;"><img _fl="" align="middle" src="http://dantri.vcmedia.vn/Uploaded/2009/11/06/1544497.jpg" style="margin: 5px; padding: 0px;" width="400" /></div>\r\n\r\n<div align="center" style="margin: 0px; padding: 0px;"><span style="margin: 0px; padding: 0px; font-size: 10pt; font-family: Tahoma;">Cậu b&eacute; Jigme Wangchuk.</span></div>\r\n\r\n<p style="margin: 13.796875px 0px; padding: 0px; font-family: ''Times New Roman''; font-size: 12pt; line-height: 20px !important;">Ng&ocirc;i đền cậu b&eacute; mi&ecirc;u tả đ&oacute; l&agrave; đền Drukpa Sangag Choeling ở Darjeeling. Sau khi nghe lời mi&ecirc;u tả của Wangchuk, c&aacute;c nh&agrave; sư khẳng định cậu b&eacute; ch&iacute;nh l&agrave; h&oacute;a th&acirc;n của đại sư Galwa Lorepa, người s&aacute;ng lập ra một trong bốn viện ch&iacute;nh của đạo Phật T&acirc;y Tạng. Đại sư n&agrave;y đ&atilde; vi&ecirc;n tịch v&agrave;o năm1250.</p>\r\n\r\n<p style="margin: 13.796875px 0px; padding: 0px; font-family: ''Times New Roman''; font-size: 12pt; line-height: 20px !important;">Wangchuk sẽ sống 10 năm tiếp theo tại một nơi hẻo l&aacute;nh linh thi&ecirc;ng ở Ấn Độ v&agrave; chỉ c&oacute; thể li&ecirc;n lạc với bạn b&egrave; bằng email.</p>\r\n\r\n<p style="margin: 13.796875px 0px; padding: 0px; font-family: ''Times New Roman''; font-size: 12pt; line-height: 20px !important;">Mẹ của Wangchuk cho biết: &ldquo;Đ&oacute; l&agrave; khoảng thời gian qu&aacute; kh&oacute; khăn đối với ch&uacute;ng t&ocirc;i trong hai năm qua. Suốt 5 th&aacute;ng, t&ocirc;i đ&atilde; kh&oacute;c rất nhiều v&agrave; cuối c&ugrave;ng cũng phải chấp nhận điều đ&oacute;. Tr&ecirc;n đường từ New Delhi đến Darjeeling, t&ocirc;i hỏi con m&igrave;nh khi n&agrave;o sẽ quay về Boston.&nbsp;Cậu b&eacute;&nbsp;n&oacute;i&nbsp;cậu phải c&oacute; tr&aacute;ch nhiệm với những người của cậu&rdquo;.</p>\r\n\r\n<div style="margin: 0px; padding: 0px;">Wangchuk kh&ocirc;ng hề hối tiếc khi trở th&agrave;nh nh&agrave; sư. &ldquo;Con sẽ rất nhớ những ng&agrave;y hạnh ph&uacute;c ở trường học, ở nh&agrave; v&agrave; giờ con đang ở một vai tr&ograve; mới. Con rất th&iacute;ch v&agrave; tự h&agrave;o&rdquo;,&nbsp;cậu b&eacute; n&oacute;i.</div>\r\n</div>\r\n', '11 tuổi tự nhận là hiện thân của đại sư Phật giáo', 0),
(10, 4, 'Theo ĐVO', '2013-01-22 04:23:22', '<p align="justify" class="articlehometext" style="color: rgb(55, 55, 55); font-size: 13px; font-family: Arial; font-weight: bold; font-style: normal; font-variant: normal; letter-spacing: normal; line-height: normal; orphans: 2; text-indent: 0px; text-transform: none; white-space: normal; widows: 2; word-spacing: 0px; -webkit-text-size-adjust: auto; -webkit-text-stroke-width: 0px; background-color: rgb(255, 255, 255);">Ch&uacute; chuột &quot;kh&ocirc;ng m&agrave;ng&quot; đến những g&igrave; đang diễn ra xung quanh m&igrave;nh m&agrave; chỉ &quot;hướng về cửa Phật&quot; v&agrave;&hellip; chắp tay v&aacute;i lạy lia lịa như muốn s&aacute;m hối.</p>\r\n\r\n<p align="justify" class="indexhometext" style="color: rgb(0, 0, 0); font-size: 13px; font-family: Arial; font-style: normal; font-variant: normal; font-weight: normal; letter-spacing: normal; line-height: normal; orphans: 2; text-indent: 0px; text-transform: none; white-space: normal; widows: 2; word-spacing: 0px; -webkit-text-size-adjust: auto; -webkit-text-stroke-width: 0px; background-color: rgb(255, 255, 255);">&nbsp;</p>\r\n\r\n<div align="justify" style="color: rgb(0, 0, 0); font-family: Arial; font-size: 13px; font-style: normal; font-variant: normal; font-weight: normal; letter-spacing: normal; line-height: normal; orphans: 2; text-indent: 0px; text-transform: none; white-space: normal; widows: 2; word-spacing: 0px; -webkit-text-size-adjust: auto; -webkit-text-stroke-width: 0px; background-color: rgb(255, 255, 255);">Mới đ&acirc;y, tại Thiền viện Tr&uacute;c L&acirc;m Gi&aacute;c T&acirc;m (hay c&ograve;n gọi l&agrave; ch&ugrave;a C&aacute;i Bầu, thuộc x&atilde; Hạ Long, huyện V&acirc;n Đồn, tỉnh Quảng Ninh) bỗng xuất hiện một ch&uacute; chuột nhắt kỳ lạ kh&ocirc;ng biết từ đ&acirc;u đến rồi chạy v&agrave;o s&acirc;n ch&ugrave;a, đứng thẳng người tr&ecirc;n hai ch&acirc;n sau, hướng mặt v&agrave;o cửa nh&agrave; ch&ugrave;a v&agrave; chắp tay v&aacute;i lạy Phật lia lịa.<br />\r\n&nbsp;\r\n<div class="picBox">\r\n<p class="photo"><img src="http://thebox.vn/Uploaded/catmy/2013_01_14/cats48588.jpg?maxwidth=461" /></p>\r\n\r\n<p>&nbsp;</p>\r\n\r\n<p class="fig">Ch&uacute; chuột v&aacute;i lạy trước thềm cửa Phật</p>\r\n\r\n<p>&nbsp;</p>\r\n</div>\r\n\r\n<p class="photo"><img src="http://thebox.vn/Uploaded/catmy/2013_01_14/cats358594.jpg?maxwidth=461" /></p>\r\n\r\n<p>&nbsp;</p>\r\n\r\n<p class="fig">B&ecirc;n cạnh l&agrave; tr&aacute;i t&aacute;o để đo sự &quot;th&agrave;nh t&acirc;m&quot;</p>\r\n<br />\r\n<br />\r\nNhững người chứng kiến sự việc kh&ocirc;ng khỏi ngạc nhi&ecirc;n v&agrave; &quot;ngưỡng mộ&quot; h&agrave;nh động qu&aacute;i lạ nhưng cũng kh&aacute; th&uacute; vị của ch&uacute; chuột &quot;đắc đạo&quot; n&agrave;y. Người ta thử lấy một quả t&aacute;o đặt b&ecirc;n cạnh, nhưng ch&uacute; chuột vẫn &quot;đoạn tuyệt&quot; v&agrave; &quot;n&oacute;i kh&ocirc;ng với t&aacute;o&quot; m&agrave; chỉ biết chắp tay v&aacute;i lạy li&ecirc;n tục.</div>\r\n\r\n<p align="justify" style="color: rgb(0, 0, 0); font-family: Arial; font-size: 13px; font-style: normal; font-variant: normal; font-weight: normal; letter-spacing: normal; line-height: normal; orphans: 2; text-indent: 0px; text-transform: none; white-space: normal; widows: 2; word-spacing: 0px; -webkit-text-size-adjust: auto; -webkit-text-stroke-width: 0px; background-color: rgb(255, 255, 255);">Theo một số người, ch&uacute; chuột kỳ lạ n&agrave;y rất dạn, kh&ocirc;ng biết sợ như những con chuột b&igrave;nh thường kh&aacute;c. Khi c&oacute; người, ch&oacute;, thậm ch&iacute; cả m&egrave;o đến gần nhưng ch&uacute; vẫn tỏ ra &quot;b&igrave;nh thản&quot; v&agrave; cứ chắp tay lạy, lạy v&agrave; lạy trong l&uacute;c tiếng tụng kinh niệm Phật ở ch&ugrave;a vang l&ecirc;n.</p>\r\n\r\n<div align="justify" style="color: rgb(0, 0, 0); font-family: Arial; font-size: 13px; font-style: normal; font-variant: normal; font-weight: normal; letter-spacing: normal; line-height: normal; orphans: 2; text-indent: 0px; text-transform: none; white-space: normal; widows: 2; word-spacing: 0px; -webkit-text-size-adjust: auto; -webkit-text-stroke-width: 0px; background-color: rgb(255, 255, 255);">Được biết, Thiền viện Tr&uacute;c l&acirc;m Gi&aacute;c T&acirc;m được x&acirc;y dựng tr&ecirc;n nền ch&ugrave;a Ph&uacute;c Linh Tự c&oacute; từ thời Trần, c&aacute;ch đ&acirc;y hơn 700 năm. Sự việc kỳ lạ tr&ecirc;n chưa từng xảy ra hoặc chưa từng được ph&aacute;t hiện trong lịch sử của ng&ocirc;i ch&ugrave;a n&agrave;y.</div>\r\n', 'Chú chuột lạy Phật lia lịa ở Thiền viện Trúc Lâm', 0);

-- --------------------------------------------------------

--
-- Structure de la table `w3d_user`
--

CREATE TABLE IF NOT EXISTS `w3d_user` (
  `id` int(11) NOT NULL AUTO_INCREMENT,
  `email` varchar(200) COLLATE utf8_unicode_ci DEFAULT NULL,
  `pass` varchar(256) COLLATE utf8_unicode_ci DEFAULT NULL,
  `pass2` varchar(256) COLLATE utf8_unicode_ci NOT NULL,
  `gender` int(11) NOT NULL,
  `note` varchar(200) COLLATE utf8_unicode_ci DEFAULT NULL,
  `datecreate` timestamp NOT NULL DEFAULT CURRENT_TIMESTAMP,
  `dateupdate` timestamp NOT NULL DEFAULT '0000-00-00 00:00:00',
  `dateactivity` timestamp NOT NULL DEFAULT '0000-00-00 00:00:00',
  `type` tinyint(4) NOT NULL,
  PRIMARY KEY (`id`)
) ENGINE=InnoDB  DEFAULT CHARSET=utf8 COLLATE=utf8_unicode_ci AUTO_INCREMENT=4 ;

--
-- Contenu de la table `w3d_user`
--

INSERT INTO `w3d_user` (`id`, `email`, `pass`, `pass2`, `gender`, `note`, `datecreate`, `dateupdate`, `dateactivity`, `type`) VALUES
(1, 'tuanbuithanh@gmail.com', 'WHa3/wsMpuVHlDy+Y8Zb+EDkccANR4eKdzU9/dqLRUc=', '', 1, ' ', '0000-00-00 00:00:00', '0000-00-00 00:00:00', '0000-00-00 00:00:00', 4),
(2, 'dongkhoa@gmail.com', 'WHa3/wsMpuVHlDy+Y8Zb+EDkccANR4eKdzU9/dqLRUc=', '', 1, '', '0000-00-00 00:00:00', '0000-00-00 00:00:00', '0000-00-00 00:00:00', 4),
(3, 'toan.mkit@gmail.com', 'WHa3/wsMpuVHlDy+Y8Zb+EDkccANR4eKdzU9/dqLRUc=', '', 1, '', '0000-00-00 00:00:00', '0000-00-00 00:00:00', '0000-00-00 00:00:00', 4);

--
-- Contraintes pour les tables exportées
--

--
-- Contraintes pour la table `h3d_collect_customer`
--
ALTER TABLE `h3d_collect_customer`
  ADD CONSTRAINT `h3d_customer_collect_1` FOREIGN KEY (`idcustomer`) REFERENCES `h3d_customer` (`id`) ON DELETE CASCADE ON UPDATE CASCADE;

--
-- Contraintes pour la table `h3d_collect_general`
--
ALTER TABLE `h3d_collect_general`
  ADD CONSTRAINT `h3d_collect_general_1` FOREIGN KEY (`id_term`) REFERENCES `h3d_term_collect` (`id`) ON DELETE CASCADE ON UPDATE CASCADE;

--
-- Contraintes pour la table `h3d_course`
--
ALTER TABLE `h3d_course`
  ADD CONSTRAINT `h3d_course_1` FOREIGN KEY (`idcategory`) REFERENCES `h3d_category` (`id`) ON DELETE CASCADE ON UPDATE CASCADE;

--
-- Contraintes pour la table `h3d_loan_employee`
--
ALTER TABLE `h3d_loan_employee`
  ADD CONSTRAINT `h3d_employee_loan_1` FOREIGN KEY (`idemployee`) REFERENCES `h3d_employee` (`id`) ON DELETE CASCADE ON UPDATE CASCADE,
  ADD CONSTRAINT `h3d_loan_employee_1` FOREIGN KEY (`idemployee`) REFERENCES `h3d_employee` (`id`) ON DELETE CASCADE ON UPDATE CASCADE;

--
-- Contraintes pour la table `h3d_order_import`
--
ALTER TABLE `h3d_order_import`
  ADD CONSTRAINT `h3d_order_import_1` FOREIGN KEY (`idsupplier`) REFERENCES `h3d_supplier` (`id`) ON DELETE CASCADE ON UPDATE CASCADE;

--
-- Contraintes pour la table `h3d_order_import_detail`
--
ALTER TABLE `h3d_order_import_detail`
  ADD CONSTRAINT `h3d_order_import_detail_1` FOREIGN KEY (`idorder`) REFERENCES `h3d_order_import` (`id`) ON DELETE CASCADE ON UPDATE CASCADE,
  ADD CONSTRAINT `h3d_order_import_detail_2` FOREIGN KEY (`idresource`) REFERENCES `h3d_resource` (`id`) ON DELETE CASCADE ON UPDATE CASCADE;

--
-- Contraintes pour la table `h3d_paid_employee`
--
ALTER TABLE `h3d_paid_employee`
  ADD CONSTRAINT `h3d_employee_paid_1` FOREIGN KEY (`idemployee`) REFERENCES `h3d_employee` (`id`) ON DELETE CASCADE ON UPDATE CASCADE;

--
-- Contraintes pour la table `h3d_paid_general`
--
ALTER TABLE `h3d_paid_general`
  ADD CONSTRAINT `h3d_paid_general_1` FOREIGN KEY (`id_term`) REFERENCES `h3d_term` (`id`) ON DELETE CASCADE ON UPDATE CASCADE;

--
-- Contraintes pour la table `h3d_paid_other`
--
ALTER TABLE `h3d_paid_other`
  ADD CONSTRAINT `h3d_paid_other_1` FOREIGN KEY (`id_term`) REFERENCES `h3d_term` (`id`) ON DELETE CASCADE ON UPDATE CASCADE;

--
-- Contraintes pour la table `h3d_paid_supplier`
--
ALTER TABLE `h3d_paid_supplier`
  ADD CONSTRAINT `h3d_supplier_paid_1` FOREIGN KEY (`idsupplier`) REFERENCES `h3d_supplier` (`id`) ON DELETE CASCADE ON UPDATE CASCADE;

--
-- Contraintes pour la table `h3d_resource`
--
ALTER TABLE `h3d_resource`
  ADD CONSTRAINT `h3d_resource_1` FOREIGN KEY (`idsupplier`) REFERENCES `h3d_supplier` (`id`) ON DELETE CASCADE ON UPDATE CASCADE;

--
-- Contraintes pour la table `h3d_session`
--
ALTER TABLE `h3d_session`
  ADD CONSTRAINT `h3d_session_1` FOREIGN KEY (`idtable`) REFERENCES `h3d_table` (`id`) ON DELETE CASCADE ON UPDATE CASCADE,
  ADD CONSTRAINT `h3d_session_2` FOREIGN KEY (`iduser`) REFERENCES `h3d_user` (`id`) ON DELETE CASCADE ON UPDATE CASCADE,
  ADD CONSTRAINT `h3d_session_3` FOREIGN KEY (`idcustomer`) REFERENCES `h3d_customer` (`id`) ON DELETE CASCADE ON UPDATE CASCADE;

--
-- Contraintes pour la table `h3d_session_detail`
--
ALTER TABLE `h3d_session_detail`
  ADD CONSTRAINT `h3d_session_detail_1` FOREIGN KEY (`idsession`) REFERENCES `h3d_session` (`id`) ON DELETE CASCADE ON UPDATE CASCADE,
  ADD CONSTRAINT `h3d_session_detail_2` FOREIGN KEY (`idcourse`) REFERENCES `h3d_course` (`id`) ON DELETE CASCADE ON UPDATE CASCADE;

--
-- Contraintes pour la table `h3d_table`
--
ALTER TABLE `h3d_table`
  ADD CONSTRAINT `h3d_table_1` FOREIGN KEY (`iddomain`) REFERENCES `h3d_domain` (`id`) ON DELETE CASCADE ON UPDATE CASCADE;

--
-- Contraintes pour la table `k3d_collect_customer`
--
ALTER TABLE `k3d_collect_customer`
  ADD CONSTRAINT `k3d_customer_collect_1` FOREIGN KEY (`idcustomer`) REFERENCES `k3d_customer` (`id`) ON DELETE CASCADE ON UPDATE CASCADE;

--
-- Contraintes pour la table `k3d_collect_general`
--
ALTER TABLE `k3d_collect_general`
  ADD CONSTRAINT `k3d_collect_general_1` FOREIGN KEY (`id_term`) REFERENCES `k3d_term_collect` (`id`) ON DELETE CASCADE ON UPDATE CASCADE;

--
-- Contraintes pour la table `k3d_course`
--
ALTER TABLE `k3d_course`
  ADD CONSTRAINT `k3d_course_1` FOREIGN KEY (`idcategory`) REFERENCES `k3d_category` (`id`) ON DELETE CASCADE ON UPDATE CASCADE;

--
-- Contraintes pour la table `k3d_order_import`
--
ALTER TABLE `k3d_order_import`
  ADD CONSTRAINT `k3d_order_import_1` FOREIGN KEY (`idsupplier`) REFERENCES `k3d_supplier` (`id`) ON DELETE CASCADE ON UPDATE CASCADE;

--
-- Contraintes pour la table `k3d_order_import_detail`
--
ALTER TABLE `k3d_order_import_detail`
  ADD CONSTRAINT `k3d_order_import_detail_1` FOREIGN KEY (`idorder`) REFERENCES `k3d_order_import` (`id`) ON DELETE CASCADE ON UPDATE CASCADE,
  ADD CONSTRAINT `k3d_order_import_detail_2` FOREIGN KEY (`idresource`) REFERENCES `k3d_resource` (`id`) ON DELETE CASCADE ON UPDATE CASCADE;

--
-- Contraintes pour la table `k3d_paid_customer`
--
ALTER TABLE `k3d_paid_customer`
  ADD CONSTRAINT `k3d_customer_paid_1` FOREIGN KEY (`idcustomer`) REFERENCES `k3d_customer` (`id`) ON DELETE CASCADE ON UPDATE CASCADE;

--
-- Contraintes pour la table `k3d_paid_general`
--
ALTER TABLE `k3d_paid_general`
  ADD CONSTRAINT `k3d_paid_general_1` FOREIGN KEY (`id_term`) REFERENCES `k3d_term` (`id`) ON DELETE CASCADE ON UPDATE CASCADE;

--
-- Contraintes pour la table `k3d_paid_supplier`
--
ALTER TABLE `k3d_paid_supplier`
  ADD CONSTRAINT `k3d_supplier_paid_1` FOREIGN KEY (`idsupplier`) REFERENCES `k3d_supplier` (`id`) ON DELETE CASCADE ON UPDATE CASCADE;

--
-- Contraintes pour la table `k3d_r2c`
--
ALTER TABLE `k3d_r2c`
  ADD CONSTRAINT `k3d_r2c_1` FOREIGN KEY (`id_course`) REFERENCES `k3d_course` (`id`) ON DELETE CASCADE ON UPDATE CASCADE,
  ADD CONSTRAINT `k3d_r2c_2` FOREIGN KEY (`id_resource`) REFERENCES `k3d_resource` (`id`) ON DELETE CASCADE ON UPDATE CASCADE;

--
-- Contraintes pour la table `k3d_resource`
--
ALTER TABLE `k3d_resource`
  ADD CONSTRAINT `k3d_resource_1` FOREIGN KEY (`idsupplier`) REFERENCES `k3d_supplier` (`id`) ON DELETE CASCADE ON UPDATE CASCADE;

--
-- Contraintes pour la table `k3d_session`
--
ALTER TABLE `k3d_session`
  ADD CONSTRAINT `k3d_session_1` FOREIGN KEY (`idtable`) REFERENCES `k3d_table` (`id`) ON DELETE CASCADE ON UPDATE CASCADE,
  ADD CONSTRAINT `k3d_session_2` FOREIGN KEY (`iduser`) REFERENCES `k3d_user` (`id`) ON DELETE CASCADE ON UPDATE CASCADE,
  ADD CONSTRAINT `k3d_session_3` FOREIGN KEY (`idcustomer`) REFERENCES `k3d_customer` (`id`) ON DELETE CASCADE ON UPDATE CASCADE;

--
-- Contraintes pour la table `k3d_session_detail`
--
ALTER TABLE `k3d_session_detail`
  ADD CONSTRAINT `k3d_session_detail_1` FOREIGN KEY (`idsession`) REFERENCES `k3d_session` (`id`) ON DELETE CASCADE ON UPDATE CASCADE,
  ADD CONSTRAINT `k3d_session_detail_2` FOREIGN KEY (`idcourse`) REFERENCES `k3d_course` (`id`) ON DELETE CASCADE ON UPDATE CASCADE;

--
-- Contraintes pour la table `k3d_table`
--
ALTER TABLE `k3d_table`
  ADD CONSTRAINT `k3d_table_1` FOREIGN KEY (`iddomain`) REFERENCES `k3d_domain` (`id`) ON DELETE CASCADE ON UPDATE CASCADE;

--
-- Contraintes pour la table `r3d_course`
--
ALTER TABLE `r3d_course`
  ADD CONSTRAINT `r3d_course_1` FOREIGN KEY (`idcategory`) REFERENCES `r3d_category` (`id`) ON DELETE CASCADE ON UPDATE CASCADE;

--
-- Contraintes pour la table `r3d_order_import`
--
ALTER TABLE `r3d_order_import`
  ADD CONSTRAINT `r3d_order_import_1` FOREIGN KEY (`idsupplier`) REFERENCES `r3d_supplier` (`id`) ON DELETE CASCADE ON UPDATE CASCADE;

--
-- Contraintes pour la table `r3d_order_import_detail`
--
ALTER TABLE `r3d_order_import_detail`
  ADD CONSTRAINT `r3d_order_import_detail_1` FOREIGN KEY (`idorder`) REFERENCES `r3d_order_import` (`id`) ON DELETE CASCADE ON UPDATE CASCADE,
  ADD CONSTRAINT `r3d_order_import_detail_2` FOREIGN KEY (`idresource`) REFERENCES `r3d_resource` (`id`) ON DELETE CASCADE ON UPDATE CASCADE;

--
-- Contraintes pour la table `r3d_paid_general`
--
ALTER TABLE `r3d_paid_general`
  ADD CONSTRAINT `r3d_paid_general_1` FOREIGN KEY (`id_term`) REFERENCES `r3d_term` (`id`) ON DELETE CASCADE ON UPDATE CASCADE;

--
-- Contraintes pour la table `r3d_paid_supplier`
--
ALTER TABLE `r3d_paid_supplier`
  ADD CONSTRAINT `r3d_supplier_paid_1` FOREIGN KEY (`idsupplier`) REFERENCES `r3d_supplier` (`id`) ON DELETE CASCADE ON UPDATE CASCADE;

--
-- Contraintes pour la table `r3d_r2c`
--
ALTER TABLE `r3d_r2c`
  ADD CONSTRAINT `r3d_r2c_1` FOREIGN KEY (`id_course`) REFERENCES `r3d_course` (`id`) ON DELETE CASCADE ON UPDATE CASCADE,
  ADD CONSTRAINT `r3d_r2c_2` FOREIGN KEY (`id_resource`) REFERENCES `r3d_resource` (`id`) ON DELETE CASCADE ON UPDATE CASCADE;

--
-- Contraintes pour la table `r3d_resource`
--
ALTER TABLE `r3d_resource`
  ADD CONSTRAINT `r3d_resource_1` FOREIGN KEY (`idsupplier`) REFERENCES `r3d_supplier` (`id`) ON DELETE CASCADE ON UPDATE CASCADE;

--
-- Contraintes pour la table `r3d_session`
--
ALTER TABLE `r3d_session`
  ADD CONSTRAINT `r3d_session_1` FOREIGN KEY (`idtable`) REFERENCES `r3d_table` (`id`) ON DELETE CASCADE ON UPDATE CASCADE,
  ADD CONSTRAINT `r3d_session_2` FOREIGN KEY (`iduser`) REFERENCES `r3d_user` (`id`) ON DELETE CASCADE ON UPDATE CASCADE,
  ADD CONSTRAINT `r3d_session_3` FOREIGN KEY (`idcustomer`) REFERENCES `r3d_customer` (`id`) ON DELETE CASCADE ON UPDATE CASCADE;

--
-- Contraintes pour la table `r3d_session_detail`
--
ALTER TABLE `r3d_session_detail`
  ADD CONSTRAINT `r3d_session_detail_1` FOREIGN KEY (`idsession`) REFERENCES `r3d_session` (`id`) ON DELETE CASCADE ON UPDATE CASCADE,
  ADD CONSTRAINT `r3d_session_detail_2` FOREIGN KEY (`idcourse`) REFERENCES `r3d_course` (`id`) ON DELETE CASCADE ON UPDATE CASCADE;

--
-- Contraintes pour la table `r3d_table`
--
ALTER TABLE `r3d_table`
  ADD CONSTRAINT `r3d_table_1` FOREIGN KEY (`iddomain`) REFERENCES `r3d_domain` (`id`) ON DELETE CASCADE ON UPDATE CASCADE;

--
-- Contraintes pour la table `w3d_news`
--
ALTER TABLE `w3d_news`
  ADD CONSTRAINT `w3d_news_1` FOREIGN KEY (`id_category`) REFERENCES `w3d_category_news` (`id`) ON DELETE CASCADE ON UPDATE CASCADE;

/*!40101 SET CHARACTER_SET_CLIENT=@OLD_CHARACTER_SET_CLIENT */;
/*!40101 SET CHARACTER_SET_RESULTS=@OLD_CHARACTER_SET_RESULTS */;
/*!40101 SET COLLATION_CONNECTION=@OLD_COLLATION_CONNECTION */;
